Index	NumberPSM	Gene	MaxPepProb	Protein	Protein ID	Entry Name	Protein Description	Organism	Indistinguishable Proteins	ReferenceIntensity	_126	_127N	_127C	_128N	_128C	_129N	_129C	_130N	_130C	_131N	_131C	_132N	_132C	_133N	_133C	_134N
A0A075B6H7	4	IGKV3-7	0.9998	sp|A0A075B6H7|KV37_HUMAN	A0A075B6H7	KV37_HUMAN	Probable non-functional immunoglobulin kappa variable 3-7	Homo sapiens		25.38376352571196	25.20196588202335	25.39573377656025	25.432554990266958	26.057708518559	25.05397201795581	25.57649923944689	25.654689622926032	25.372953380998812	25.655014114590593	25.641848009637844	25.438830713881995	25.33300729104438	26.494479306774217	NA	25.306145351389556	25.4228452398167
A0A075B6H9	5	IGLV4-69	0.9995	sp|A0A075B6H9|LV469_HUMAN	A0A075B6H9	LV469_HUMAN	Immunoglobulin lambda variable 4-69	Homo sapiens		29.114428299321627	28.95035132023577	29.8228536427451	29.610027191013994	29.53702467405098	29.449657726264373	28.84859548023176	29.914246571794724	29.413200162312215	29.00431607405054	28.838772128307777	28.599188094958585	29.14620756036032	NA	NA	29.021534960899093	29.124262616101152
A0A075B6I0	3	IGLV8-61	0.9986	sp|A0A075B6I0|LV861_HUMAN	A0A075B6I0	LV861_HUMAN	Immunoglobulin lambda variable 8-61	Homo sapiens		27.35463869867424	27.53608824615042	28.54878480142118	26.580168985255895	27.43781912671062	27.431388125227823	26.839643125990968	27.268449959514292	26.57448718821763	28.215255788097686	26.57432326270649	26.75553897499498	NA	NA	NA	27.247007962758747	27.513668347468652
A0A075B6I1	1	IGLV4-60	0.9994	sp|A0A075B6I1|LV460_HUMAN	A0A075B6I1	LV460_HUMAN	Immunoglobulin lambda variable 4-60	Homo sapiens		20.860567192521735	21.13979921236661	NA	20.958662659547766	21.904179752459733	19.862787795900253	21.188803108927953	21.20104984289544	20.128850129261863	20.950643092287184	21.098258846498435	20.35880829356753	NA	NA	NA	20.800196153724325	20.690597405426644
A0A075B6J9	2	IGLV2-18	0.9964	sp|A0A075B6J9|LV218_HUMAN	A0A075B6J9	LV218_HUMAN	Immunoglobulin lambda variable 2-18	Homo sapiens		24.04607713423197	22.38769216499353	25.302123838965606	25.12897840711672	24.02297518677744	23.8929128743339	24.49497954829697	24.70157648350933	24.329613892275503	24.30966178998599	24.581850387353388	23.439945733546782	23.823502746312265	NA	23.728456902948512	24.20223425626111	24.294864555493955
A0A075B6K0	2	IGLV3-16	0.9937	sp|A0A075B6K0|LV316_HUMAN	A0A075B6K0	LV316_HUMAN	Immunoglobulin lambda variable 3-16	Homo sapiens		22.57674345804488	21.374834752781975	22.29616984527194	21.39597591285882	21.699732795685698	21.512931905717686	23.785535618955755	22.113697804880232	22.61187241156891	20.930097039790418	22.1490756713289	20.87885589021118	20.413969475771946	NA	NA	22.249994720963016	22.066219133981853
A0A075B6K4	4	IGLV3-10	0.9995	sp|A0A075B6K4|LV310_HUMAN	A0A075B6K4	LV310_HUMAN	Immunoglobulin lambda variable 3-10	Homo sapiens		27.998497920824303	26.585909117772005	28.457008031223605	28.20186076699569	28.978839545524462	28.011889795414778	28.37951622171814	29.006365518948517	27.891534854908674	27.360399794785423	28.683992820667033	26.538023156440453	26.12153905132335	NA	NA	28.024490771417547	27.94444472910339
A0A075B6K5	5	IGLV3-9	1.0	sp|A0A075B6K5|LV39_HUMAN	A0A075B6K5	LV39_HUMAN	Immunoglobulin lambda variable 3-9	Homo sapiens	sp|P80748|LV321_HUMAN	24.651917381035723	23.549648652420668	25.418040977762686	25.032541968699714	25.428521283354925	25.263707824930417	24.18359521167132	23.697147876583635	24.401364858029737	26.159460995021593	25.05440028837204	24.184263402676848	24.928402819706818	NA	NA	25.01377400584121	24.8022194977167
A0A075B6K6	2	IGLV4-3	0.9999	sp|A0A075B6K6|LV403_HUMAN	A0A075B6K6	LV403_HUMAN	Immunoglobulin lambda variable 4-3	Homo sapiens		22.181350644986477	22.950776585727144	21.228065758482987	22.263295150189784	21.716339235983526	22.60331978574541	21.59349148388539	22.36692931719629	22.19578962881922	22.304761695522366	22.938977795603062	21.10913079099448	21.507374055516895	NA	NA	22.786226644103085	21.909103436989945
A0A075B6Q5	2	IGHV3-64	0.9976	sp|A0A075B6Q5|HV364_HUMAN	A0A075B6Q5	HV364_HUMAN	Immunoglobulin heavy variable 3-64	Homo sapiens		24.914815658085836	22.967085272781105	24.685569707338583	25.01559039672412	24.560746519253275	26.87129029991802	24.278602966979246	25.503474139553997	24.098686739304718	25.03207542781161	25.6301908243796	24.779253964676517	24.096461499765283	NA	NA	25.049251398669224	24.38206205627417
A0A075B6R2	1	IGHV4-4	0.9989	sp|A0A075B6R2|HV404_HUMAN	A0A075B6R2	HV404_HUMAN	Immunoglobulin heavy variable 4-4	Homo sapiens		21.30485762807502	20.35243452858967	NA	NA	NA	NA	NA	NA	NA	NA	NA	NA	NA	NA	NA	NA	NA
A0A075B6R9	1	IGKV2D-24	0.9985	sp|A0A075B6R9|KVD24_HUMAN	A0A075B6R9	KVD24_HUMAN	Probable non-functional immunoglobulin kappa variable 2D-24	Homo sapiens	sp|A0A0C4DH68|KV224_HUMAN	21.359164781882882	22.017088468001216	21.265994540132077	22.443179029100474	21.696701458500858	20.8476772601061	20.690658550778878	21.86875704980098	21.011293030675013	21.217816365026756	21.13804697444722	21.78389872797978	20.570327285300117	NA	NA	21.064194502768114	21.241535663109033
A0A075B6S2	1	IGKV2D-29	0.9998	sp|A0A075B6S2|KVD29_HUMAN	A0A075B6S2	KVD29_HUMAN	Immunoglobulin kappa variable 2D-29	Homo sapiens	sp|A2NJV5|KV229_HUMAN	26.821347670600193	27.822331167744956	26.464473877496257	28.454719677543878	26.598546455792093	27.013837703549456	25.86468030722312	27.602912016938088	25.135935023241718	26.88785116157511	25.14384804510366	25.84977291411179	26.430317323191268	NA	26.07194324391244	27.18900127892659	27.27979234679596
A0A075B6S5	3	IGKV1-27	1.0	sp|A0A075B6S5|KV127_HUMAN	A0A075B6S5	KV127_HUMAN	Immunoglobulin kappa variable 1-27	Homo sapiens		25.915554433617018	25.600979800761735	26.112640532599357	27.08041227158148	26.00099818129691	25.749717571911596	25.514565733434544	26.190827191993662	26.023504445369923	26.498698530000798	26.430567593034283	25.38611417995961	25.45130790889942	NA	NA	25.74204505259831	25.37751500684593
A0A087WSY6	3	IGKV3D-15	0.9962	sp|A0A087WSY6|KVD15_HUMAN	A0A087WSY6	KVD15_HUMAN	Immunoglobulin kappa variable 3D-15	Homo sapiens		25.8839342601313	25.359578904343802	26.076201398592783	25.864148309900745	25.577484331479944	25.417885035831382	24.50493268992178	25.461122331899446	26.316724820034697	26.036490260579285	26.295571576931607	24.54114602929523	24.719269794303916	NA	25.484472405086063	25.247016247661037	25.704902484449555
A0A087WSZ0	1	IGKV1D-8	0.9998	sp|A0A087WSZ0|KVD08_HUMAN	A0A087WSZ0	KVD08_HUMAN	Immunoglobulin kappa variable 1D-8	Homo sapiens		17.80819784843415	16.068710496886407	19.312261756331694	18.156502620662952	17.065227629661724	17.72031073007894	18.86374773847537	17.711873211394305	18.03236248421397	18.752518279898766	18.440857699691566	17.750894113783367	17.618605632160573	NA	NA	17.073914713160402	17.285702632571162
A0A087WW87	4	IGKV2-40	1.0	sp|A0A087WW87|KV240_HUMAN	A0A087WW87	KV240_HUMAN	Immunoglobulin kappa variable 2-40	Homo sapiens	sp|P01614|KVD40_HUMAN	29.114194204351325	29.13930950874456	29.122724148263636	29.540840239445018	28.97425116885813	29.308124193545737	29.17301380165148	29.483778744691556	29.111342891948432	29.26805577433707	29.315028874325485	28.707764039754114	28.923867230020473	NA	NA	29.07824329227417	28.960456241509412
A0A0A0MS14	2	IGHV1-45	0.9983	sp|A0A0A0MS14|HV145_HUMAN	A0A0A0MS14	HV145_HUMAN	Immunoglobulin heavy variable 1-45	Homo sapiens		26.628487216917755	25.6760641174324	27.591026661008495	NA	NA	25.479583459440953	NA	NA	NA	27.28687394590401	27.45669005581986	NA	NA	NA	NA	NA	NA
A0A0A0MS15	4	IGHV3-49	1.0	sp|A0A0A0MS15|HV349_HUMAN	A0A0A0MS15	HV349_HUMAN	Immunoglobulin heavy variable 3-49	Homo sapiens		28.752420038829992	27.96389734900194	28.44839272704556	29.87845953494743	29.342389326880355	29.106234341859132	28.7656939048212	29.607397904313153	28.709710105724373	28.432273377959113	28.939725555950414	28.965216264317586	28.429158432484574	NA	NA	28.63015329533893	28.613634495042728
A0A0A0MT36	1	IGKV6D-21	0.9993	sp|A0A0A0MT36|KVD21_HUMAN	A0A0A0MT36	KVD21_HUMAN	Immunoglobulin kappa variable 6D-21	Homo sapiens	sp|A0A0C4DH26|KVD41_HUMAN	22.703150114824506	22.405888354586068	NA	NA	NA	23.589776321969016	NA	22.10999923682592	NA	NA	22.183101394007938	22.441053584895972	NA	NA	NA	NA	NA
A0A0A0MT89	1	IGKJ1	0.9953	sp|A0A0A0MT89|KJ01_HUMAN	A0A0A0MT89	KJ01_HUMAN	Immunoglobulin kappa joining 1	Homo sapiens		15.087149387489397	15.098869066046946	14.913214673779883	16.100484173880332	14.96394545978691	16.015708448218035	15.006448721938188	15.905559959307137	15.098386537434003	15.29620398877094	14.66290716522003	14.31804858902881	14.713715655872889	NA	NA	14.773200207291538	15.368502453877289
A0A0B4J1U3	4	IGLV1-36	0.9997	sp|A0A0B4J1U3|LV136_HUMAN	A0A0B4J1U3	LV136_HUMAN	Immunoglobulin lambda variable 1-36	Homo sapiens		21.116708865684913	20.437182320339755	21.20972129151705	21.887255122674805	21.27219237263532	20.81812130591149	20.721263362277252	21.993150622544903	20.95866847448544	21.20504611178792	21.752700486441963	20.018952233376726	18.883855470069314	NA	NA	21.04183989631662	21.157759206536273
A0A0B4J1V0	3	IGHV3-15	0.9998	sp|A0A0B4J1V0|HV315_HUMAN	A0A0B4J1V0	HV315_HUMAN	Immunoglobulin heavy variable 3-15	Homo sapiens		22.73321959056315	23.51374674928957	23.53882949266745	22.395423419869875	23.200381379081552	22.922244291468036	22.865853584856957	22.71293031678362	22.0143236131514	22.772019200208042	22.485780230407112	22.509383774872326	21.654042043127117	NA	19.326121287558653	22.49523660021709	22.471148845364564
A0A0B4J1V1	2	IGHV3-21	1.0	sp|A0A0B4J1V1|HV321_HUMAN	A0A0B4J1V1	HV321_HUMAN	Immunoglobulin heavy variable 3-21	Homo sapiens		19.879917177214004	20.239864931987874	20.6683270900601	19.873078306880164	21.5290407661295	20.034001730676078	19.2664514698564	19.31680561878105	18.934836685432746	19.984646884810513	18.8360435270481	18.760443594633724	17.633536201923953	NA	NA	18.34065587543296	18.83549218846144
A0A0B4J1V2	3	IGHV2-26	0.9998	sp|A0A0B4J1V2|HV226_HUMAN	A0A0B4J1V2	HV226_HUMAN	Immunoglobulin heavy variable 2-26	Homo sapiens		22.095711594366897	21.50990496189412	23.805188172235617	20.839312693813554	22.36282778265154	22.361258004482895	21.932507150367396	21.88431794813673	22.907931725556054	22.144741342422027	21.2590837298678	22.360378644276523	22.5479357120681	NA	NA	22.259005751550575	21.70977493501348
A0A0B4J1V6	5	IGHV3-73	0.9995	sp|A0A0B4J1V6|HV373_HUMAN	A0A0B4J1V6	HV373_HUMAN	Immunoglobulin heavy variable 3-73	Homo sapiens		25.497506753942464	25.307441064368145	25.698697334265045	26.70919786060959	25.152424019463588	26.137581653822505	25.07561326591093	25.63627570298686	25.503058465419812	25.576821411356914	25.8309063408201	25.51854374416864	25.06613811959113	24.67231124052615	NA	25.662080508111238	25.438144971918174
A0A0B4J1X5	1	IGHV3-74	0.9948	sp|A0A0B4J1X5|HV374_HUMAN	A0A0B4J1X5	HV374_HUMAN	Immunoglobulin heavy variable 3-74	Homo sapiens		23.196350497092112	22.680768476359585	23.090120565821064	23.983829335293994	24.298296439837433	23.093662081462142	22.87818727726753	23.484164242969477	23.228641491542717	24.040730981891425	23.460077305629728	23.04803562675397	23.126587118875253	NA	NA	23.25527716209896	23.28084359536008
A0A0B4J1X8	3	IGHV3-43	0.9997	sp|A0A0B4J1X8|HV343_HUMAN	A0A0B4J1X8	HV343_HUMAN	Immunoglobulin heavy variable 3-43	Homo sapiens		22.065468128852043	22.38307090302683	22.32469124669031	22.29706999596309	22.351681915936748	21.155475346987554	21.14856205101721	22.11556574467095	22.263270839342375	21.142502865185726	23.547817011225277	22.269788166519522	22.803412760996338	NA	24.587433617601228	21.594050664226934	21.549347445468708
A0A0B4J1Y8	2	IGLV9-49	0.9842	sp|A0A0B4J1Y8|LV949_HUMAN	A0A0B4J1Y8	LV949_HUMAN	Immunoglobulin lambda variable 9-49	Homo sapiens		25.456284040924032	25.76799454457274	23.369774515673154	26.053649957774965	25.49972376799357	26.029617701149512	25.896688456348432	26.473049963078065	25.0751783170384	25.87553404708057	25.715702901296126	24.86077272305451	24.20976449818887	NA	NA	25.03957434261469	24.951503027912036
A0A0B4J1Y9	3	IGHV3-72	0.9992	sp|A0A0B4J1Y9|HV372_HUMAN	A0A0B4J1Y9	HV372_HUMAN	Immunoglobulin heavy variable 3-72	Homo sapiens		26.449031505902123	26.11710727758659	26.59750245425091	26.478267890440662	26.5414371020769	25.81676160835216	26.10561979493651	27.59523795841409	26.51937302861584	26.94050742145408	27.065897258196127	26.136093380886393	26.73338402450536	NA	NA	26.619930916401696	26.80409268465006
A0A0B4J2D9	2	IGKV1D-13	0.9961	sp|A0A0B4J2D9|KVD13_HUMAN	A0A0B4J2D9	KVD13_HUMAN	Immunoglobulin kappa variable 1D-13	Homo sapiens	sp|P0DP09|KV113_HUMAN	20.860063740470377	18.66340618385298	19.758757553629515	18.744607259526806	22.20694122379229	NA	22.30248148403341	NA	19.868576423107225	NA	19.077303752001065	NA	19.903159641282034	NA	NA	19.766569272017183	20.285232957254358
A0A0C4DH24	2	IGKV6-21	0.9812	sp|A0A0C4DH24|KV621_HUMAN	A0A0C4DH24	KV621_HUMAN	Immunoglobulin kappa variable 6-21	Homo sapiens		23.39510752477635	22.877926001204443	NA	23.126943108317054	23.651393933777147	NA	23.05600470929304	NA	NA	NA	NA	NA	NA	NA	NA	NA	23.72704325663835
A0A0C4DH25	3	IGKV3D-20	0.9991	sp|A0A0C4DH25|KVD20_HUMAN	A0A0C4DH25	KVD20_HUMAN	Immunoglobulin kappa variable 3D-20	Homo sapiens		27.17345886741839	27.707352111016498	27.152131042765014	27.362177673289263	27.82066995280534	27.450387328957785	27.11223749517755	27.708243878713144	27.329646424428574	27.163389851292727	26.969329343337442	26.69208141143333	27.15310294048075	NA	27.861268625769252	26.87336889836982	26.755660414241415
A0A0C4DH29	5	IGHV1-3	1.0	sp|A0A0C4DH29|HV103_HUMAN	A0A0C4DH29	HV103_HUMAN	Immunoglobulin heavy variable 1-3	Homo sapiens		25.213462401280502	24.93113037839812	25.579977809258217	26.254612961922117	25.11434573691787	25.992133052870123	25.313870672830305	25.779986652267112	24.600598882493152	25.473490175472133	25.248531647657646	25.41482353243073	24.5807881349903	NA	NA	25.038433807313023	25.08138391356551
A0A0C4DH31	6	IGHV1-18	0.9988	sp|A0A0C4DH31|HV118_HUMAN	A0A0C4DH31	HV118_HUMAN	Immunoglobulin heavy variable 1-18	Homo sapiens		29.657727414705157	29.400305640101266	29.82984055016813	29.561383496282108	30.07150053688039	29.931361296758126	29.591609743053404	29.981732306349056	29.89301410832497	29.460832347267395	30.841699108605503	29.364157290772322	29.718187996064113	29.5238191674327	NA	29.563846521502164	29.5545538871818
A0A0C4DH32	2	IGHV3-20	1.0	sp|A0A0C4DH32|HV320_HUMAN	A0A0C4DH32	HV320_HUMAN	Immunoglobulin heavy variable 3-20	Homo sapiens		22.340057412071193	20.708744830872085	23.454517094994394	22.25447593737968	21.736546262868885	23.406955487200552	21.091764409279126	23.49212046406664	22.366094794416558	23.235868461246504	22.444458357335744	22.195408203533752	21.919390791216582	NA	NA	22.149372815037516	22.4788846523943
A0A0C4DH33	8	IGHV1-24	1.0	sp|A0A0C4DH33|HV124_HUMAN	A0A0C4DH33	HV124_HUMAN	Immunoglobulin heavy variable 1-24	Homo sapiens		23.355636514205415	22.793683281995683	23.300714125246575	23.47928958095841	22.75921728431732	24.24224734051681	23.68744705521537	23.57318724019085	23.2796224517825	23.899165143393404	23.652179350527803	23.62970458558073	22.27571983449315	NA	NA	22.91924586259299	23.201173492306708
A0A0C4DH34	8	IGHV4-28	0.9998	sp|A0A0C4DH34|HV428_HUMAN	A0A0C4DH34	HV428_HUMAN	Immunoglobulin heavy variable 4-28	Homo sapiens		25.44877152295008	25.62454533423232	25.151102862403985	26.289832127146212	26.723422931739297	25.445561121361216	25.20054757808165	25.58942001483138	25.31075966819233	25.351104534707947	26.103312244676697	24.836153568448896	25.395299646500877	25.14310439861611	NA	25.41806706194069	25.417190591043944
A0A0C4DH35	3	IGHV3-35	1.0	sp|A0A0C4DH35|HV335_HUMAN	A0A0C4DH35	HV335_HUMAN	Probable non-functional immunoglobulin heavy variable 3-35	Homo sapiens		27.888552402916584	27.591195538989297	28.11515907156986	27.741350889424595	28.677299760769834	28.02496163702229	28.14567022170708	28.469860202935884	28.075023396758205	27.685548459099827	28.148084438014745	27.127906413773314	28.273597544883334	NA	NA	27.874620816676313	28.0511129056278
A0A0C4DH36	3	IGHV3-38	0.9991	sp|A0A0C4DH36|HV338_HUMAN	A0A0C4DH36	HV338_HUMAN	Probable non-functional immunoglobulin heavy variable 3-38	Homo sapiens		23.61018905746809	23.746824668817116	23.32607121418393	23.810472376420226	24.446249769826757	23.553056270666676	23.128891562104087	24.14320148397047	23.97666056486375	23.998523868057667	23.664271878059594	23.482941870795443	22.727521984453592	NA	NA	23.48437565586521	23.358434276431993
A0A0C4DH38	14	IGHV5-51	1.0	sp|A0A0C4DH38|HV551_HUMAN	A0A0C4DH38	HV551_HUMAN	Immunoglobulin heavy variable 5-51	Homo sapiens		27.496398964211224	27.0936413997042	28.10223247853033	28.349010076385547	27.93311618707375	27.973348990950942	27.75404767151459	27.80679627796955	27.398719150337342	27.627186525818942	27.906697689866384	27.208943028363876	27.015804307607812	27.29208019437788	27.273463322394086	27.621469802608498	27.349728062674416
A0A0C4DH42	2	IGHV3-66	0.9982	sp|A0A0C4DH42|HV366_HUMAN	A0A0C4DH42	HV366_HUMAN	Immunoglobulin heavy variable 3-66	Homo sapiens	sp|P01767|HV353_HUMAN	20.111418108445733	20.34360637005036	20.056956096013412	19.804766670396248	20.47721262750797	20.998713616448114	19.639000746990064	19.247859953147895	19.75631602349088	20.62005378508227	20.223359069612453	20.377405800659027	NA	NA	NA	19.586878104898986	20.11944628759023
A0A0C4DH43	3	IGHV2-70D	1.0	sp|A0A0C4DH43|HV70D_HUMAN	A0A0C4DH43	HV70D_HUMAN	Immunoglobulin heavy variable 2-70D	Homo sapiens		23.82511542824339	23.098301864824112	24.15190320109189	23.547774533777638	24.5238174235975	24.468470955288176	23.802963811357184	19.878021374020232	23.99673856234426	24.45669627713756	24.25664859983324	23.43074850559763	24.338851330198985	NA	NA	23.96052371174163	24.010938480527553
A0A0J9YVY3	4	IGHV7-4-1	1.0	sp|A0A0J9YVY3|HV741_HUMAN	A0A0J9YVY3	HV741_HUMAN	Immunoglobulin heavy variable 7-4-1	Homo sapiens		24.991179561865234	23.47798353737846	25.7172487596075	23.979574304941575	24.304108078579745	24.751785709489795	25.97966887174525	24.898842966570903	24.99351979655509	24.167122129848316	25.78388193820807	25.117067462917056	24.379027666441992	NA	NA	24.26195741033662	24.516312170870698
A0A0J9YX35	5	IGHV3-64D	0.9998	sp|A0A0J9YX35|HV64D_HUMAN	A0A0J9YX35	HV64D_HUMAN	Immunoglobulin heavy variable 3-64D	Homo sapiens		28.45547904086802	28.524654302257048	28.2306643916631	28.356570014936622	29.005319183600072	28.397333778390042	28.545139129019443	28.5641811617357	28.40711120633879	28.38929186606844	28.240725045920655	27.36136092201671	27.762073621009634	NA	NA	28.120542271992605	28.126528358692344
A0A0J9YXX1	3	IGHV5-10-1	0.9386	sp|A0A0J9YXX1|HV5X1_HUMAN	A0A0J9YXX1	HV5X1_HUMAN	Immunoglobulin heavy variable 5-10-1	Homo sapiens		27.161880833036392	26.253112715783274	26.556807816866346	27.125305539464915	27.30349470553857	27.684767512618734	28.07832710272493	27.911973292426502	27.66541798206764	26.97573848766758	NA	25.239143048288724	26.1942398803285	NA	NA	26.902679826473218	27.139181455522294
A0M8Q6	1	IGLC7	0.9578	sp|A0M8Q6|IGLC7_HUMAN	A0M8Q6	IGLC7_HUMAN	Immunoglobulin lambda constant 7	Homo sapiens		19.875957996097473	19.73139797360049	19.813339292575456	20.404642803127658	20.061407175575624	20.31896563804925	19.474817389304278	19.878436191256387	20.84668824687111	20.27007204105213	20.334286299787234	20.324697907091494	19.21478521170219	NA	NA	19.894522572612402	19.622743245267614
A1L4H1	4	SSC5D	1.0	sp|A1L4H1|SRCRL_HUMAN	A1L4H1	SRCRL_HUMAN	Soluble scavenger receptor cysteine-rich domain-containing protein SSC5D	Homo sapiens		22.591986362225196	23.42773591258118	22.882358072579787	22.480184432685146	22.08493790290397	22.448519612430808	22.207811238604062	22.351147960286337	22.285686716102056	22.793478852375117	22.29665456188162	21.951031925539812	23.22863589631848	NA	NA	21.902460875329492	22.71124532530731
A8K2U0	2	A2ML1	0.9969	sp|A8K2U0|A2ML1_HUMAN	A8K2U0	A2ML1_HUMAN	Alpha-2-macroglobulin-like protein 1	Homo sapiens		20.482415583265205	19.34314950807358	NA	19.879997131072287	20.173106582538466	20.372525026043903	19.667492243959554	19.82443139390712	NA	NA	19.80210609817186	NA	22.13863528802845	NA	NA	20.522622838666237	20.145989630767332
B9A064	6	IGLL5	1.0	sp|B9A064|IGLL5_HUMAN	B9A064	IGLL5_HUMAN	Immunoglobulin lambda-like polypeptide 5	Homo sapiens		29.904211524196292	29.94869919192679	30.22482706731253	30.215870066532496	30.724778575609154	29.90990565506547	30.26896571936665	30.077671283291696	30.243425122407583	30.112733025435453	30.017310236923695	29.626466854674383	29.418535251146	NA	NA	29.902530819061372	30.022060135533838
O00139	1	KIF2A	0.9981	sp|O00139|KIF2A_HUMAN	O00139	KIF2A_HUMAN	Kinesin-like protein KIF2A	Homo sapiens		19.57137156098132	20.39486831645427	18.595295546415553	19.913562715610027	18.440003056404187	18.072267316600776	20.18495839120475	19.898224190415718	18.86254695235623	19.823575750655795	18.213864426485912	21.53833370153437	18.022852794248564	19.454731993152322	20.0916597621212	19.62156001375046	19.68792614287745
O00151	6	PDLIM1	1.0	sp|O00151|PDLI1_HUMAN	O00151	PDLI1_HUMAN	PDZ and LIM domain protein 1	Homo sapiens		24.09417629816629	24.42375114508199	22.25238138597233	23.641623630233163	23.70698660607033	21.400226533834815	24.514933803862558	23.41367458369751	22.11646762983776	23.517961155722258	22.39282049990406	25.69404589446472	21.079432238460512	23.763629287545772	NA	23.762763154532646	24.157309714204704
O00161	2	SNAP23	1.0	sp|O00161|SNP23_HUMAN	O00161	SNP23_HUMAN	Synaptosomal-associated protein 23	Homo sapiens		20.96785860404383	21.425536143386285	18.84340734859265	20.675512193414203	19.761443088496716	NA	20.3679819307099	20.096384441186185	17.741227895824192	20.08662561990293	NA	22.4043229212861	NA	NA	NA	20.58800616242357	20.49777848148738
O00187	4	MASP2	0.9999	sp|O00187|MASP2_HUMAN	O00187	MASP2_HUMAN	Mannan-binding lectin serine protease 2	Homo sapiens		23.891299364515625	23.458066583521287	24.001196346190483	24.036860236527037	23.762919226053057	24.506417536067563	24.037287349020907	24.28063145591666	24.017210613149047	24.430538514696188	24.702163642971577	23.67060081873358	24.153356678342075	NA	24.099971005577142	24.069489021662275	23.896326205973853
O00194	3	RAB27B	0.9999	sp|O00194|RB27B_HUMAN	O00194	RB27B_HUMAN	Ras-related protein Rab-27B	Homo sapiens		21.901088531411798	22.493540923042616	20.707046441640554	21.853652531722833	19.630921133369274	19.824942192161142	22.51080759284437	21.631791904502627	20.95687717249118	21.901288313954534	21.010140322090606	23.873592644979908	18.59468439732266	22.53594008275449	22.419769381175314	22.061788900841485	22.200447058944896
O00233	1	PSMD9	0.9906	sp|O00233|PSMD9_HUMAN	O00233	PSMD9_HUMAN	26S proteasome non-ATPase regulatory subunit 9	Homo sapiens		19.189411002430877	18.903065063238216	NA	18.900714078968235	NA	19.340332077760774	18.93695875574032	NA	19.564540786495765	NA	NA	NA	NA	NA	NA	NA	NA
O00299	2	CLIC1	1.0	sp|O00299|CLIC1_HUMAN	O00299	CLIC1_HUMAN	Chloride intracellular channel protein 1	Homo sapiens		23.52604008550161	23.219070900129637	NA	NA	NA	NA	23.07080747308386	22.75528803274177	22.051695197139892	22.85277427465497	NA	23.907936204476865	NA	NA	NA	NA	NA
O00391	8	QSOX1	1.0	sp|O00391|QSOX1_HUMAN	O00391	QSOX1_HUMAN	Sulfhydryl oxidase 1	Homo sapiens		24.62831188978449	24.559902857528673	24.888596947017746	24.653956563757465	24.816631391191812	25.103875596002243	24.35036700734969	24.894142179565552	24.654920989100575	24.982028200048564	24.966484446618974	24.319781707522917	25.419336656200368	NA	NA	24.517604913066307	24.6293536885964
O00429	2	DNM1L	0.9929	sp|O00429|DNM1L_HUMAN	O00429	DNM1L_HUMAN	Dynamin-1-like protein	Homo sapiens		18.36808730030062	18.08941654697364	NA	18.1184393661666	NA	NA	17.944434744126134	17.58300308820448	NA	17.364377034755837	NA	19.426814462020072	16.421951950516426	NA	NA	17.810839955442294	17.887357071447447
O00468	1	AGRN	0.9757	sp|O00468|AGRIN_HUMAN	O00468	AGRIN_HUMAN	Agrin	Homo sapiens		16.44123468729585	16.483131469767848	16.97071210346172	16.256977148746707	NA	16.102122136132053	16.265913430611413	15.844156090015103	16.847589968425158	16.392355611217997	15.964278416997416	NA	17.610833338679814	NA	NA	17.072814936618354	16.490237081733618
O00533	5	CHL1	0.9999	sp|O00533|NCHL1_HUMAN	O00533	NCHL1_HUMAN	Neural cell adhesion molecule L1-like protein	Homo sapiens		21.71008290938671	21.3759346234086	21.43878563538944	21.727624124918798	21.8797314940624	22.343822328457573	21.56813448481664	22.034468210408832	22.565427644156305	21.88610891223098	21.864168813545312	21.250348755879777	22.15486927428846	NA	NA	21.753383118034485	21.879046209187955
O00602	1	FCN1	1.0	sp|O00602|FCN1_HUMAN	O00602	FCN1_HUMAN	Ficolin-1	Homo sapiens		21.26406357594479	21.376734374643334	22.03747196285832	21.717439678013875	21.908868282144287	21.533054925788782	21.237052202731203	21.141061915082304	21.86607988242411	20.84227933988182	20.999218158907883	20.524897949390024	21.770210899375677	NA	NA	21.19852013419615	21.323909276007665
O14498	1	ISLR	0.9818	sp|O14498|ISLR_HUMAN	O14498	ISLR_HUMAN	Immunoglobulin superfamily containing leucine-rich repeat protein	Homo sapiens		18.45251934101491	18.24354070792485	18.94749207361181	18.99484206307982	18.844576536447892	18.55789464182876	18.52783396609841	19.352407233014127	18.816106532320195	18.611612432794296	18.859287060227757	17.95244548521709	18.313669928769713	NA	NA	17.869580253557793	17.87605645713149
O14745	1	NHERF1	0.9952	sp|O14745|NHRF1_HUMAN	O14745	NHRF1_HUMAN	Na(+)/H(+) exchange regulatory cofactor NHE-RF1	Homo sapiens		17.451092559615088	16.942126939113617	NA	NA	NA	NA	NA	16.86061761125366	17.14570827805183	NA	NA	17.748474434815346	NA	NA	NA	NA	NA
O14786	3	NRP1	0.9997	sp|O14786|NRP1_HUMAN	O14786	NRP1_HUMAN	Neuropilin-1	Homo sapiens		22.94550861077484	22.91434650053209	23.58044719020975	23.000205622018086	23.438451439251878	23.68070606089252	22.765835510160766	23.14254425099701	23.233547543761038	22.70165975286116	22.97099055696188	22.685300092230737	23.47438956425777	NA	NA	22.883444975055014	23.129955808802528
O14791	16	APOL1	1.0	sp|O14791|APOL1_HUMAN	O14791	APOL1_HUMAN	Apolipoprotein L1	Homo sapiens		29.1042828757377	29.044851789500804	29.582995046173554	28.715816050420578	29.362124601909837	29.37118083808867	29.403435877275026	29.423764285109222	29.47844157863845	29.778163082946023	29.133709631599782	29.00040940588066	28.621129837437667	30.202841495868253	NA	29.046695841022586	29.19863270187982
O14818	1	PSMA7	0.9928	sp|O14818|PSA7_HUMAN	O14818	PSA7_HUMAN	Proteasome subunit alpha type-7	Homo sapiens		18.942756764408742	19.20698141167983	19.01649861118251	18.72270728317616	18.539846006382252	18.20917310735784	19.16829813027207	19.01180572752037	17.38580935132325	18.51164740724058	19.022171297414683	19.508693825688812	20.28502572109039	NA	NA	19.150039592470073	18.868158928758607
O14950	4	MYL12B	1.0	sp|O14950|ML12B_HUMAN	O14950	ML12B_HUMAN	Myosin regulatory light chain 12B	Homo sapiens	sp|P19105|ML12A_HUMAN	24.662182281951242	24.62275460445958	22.436063065819212	24.724154006825025	21.04673416259411	22.058804917976527	25.296976908903748	23.936952742431885	22.131882303567334	24.02963955835757	21.33052250197868	26.666253578620033	NA	25.040349753681028	24.40460583428944	24.829499295223997	24.90729554230011
O14974	1	PPP1R12A	0.9822	sp|O14974|MYPT1_HUMAN	O14974	MYPT1_HUMAN	Protein phosphatase 1 regulatory subunit 12A	Homo sapiens		17.47376070355265	17.45778254716991	NA	16.954283977906158	NA	16.408896640146782	17.819339440955652	16.438648557849838	NA	NA	NA	17.720878331094973	NA	NA	NA	NA	NA
O15117	2	FYB1	0.9762	sp|O15117|FYB1_HUMAN	O15117	FYB1_HUMAN	FYN-binding protein 1	Homo sapiens		22.05633249595866	21.560207940693545	21.278645839188194	22.532885200286543	21.200551346702596	21.724991255810178	22.503331623652414	22.10316173873304	21.28015246159447	21.738895625876005	21.669257546623633	23.897692270902304	20.471015036291334	NA	NA	21.909477370853676	22.402098111474942
O15127	1	SCAMP2	0.998	sp|O15127|SCAM2_HUMAN	O15127	SCAM2_HUMAN	Secretory carrier-associated membrane protein 2	Homo sapiens		17.898744345510003	17.65623205068274	NA	16.78835826458355	NA	NA	17.71303788641459	16.3943705238919	NA	NA	NA	19.389624379828607	NA	NA	NA	17.191387217480873	16.989992521942575
O15143	2	ARPC1B	0.9955	sp|O15143|ARC1B_HUMAN	O15143	ARC1B_HUMAN	Actin-related protein 2/3 complex subunit 1B	Homo sapiens		20.573770797597984	20.84397913146725	19.43313145557397	20.740088427584787	NA	NA	20.500259242184896	19.745514858008466	19.220538628942663	20.597137376406256	19.484719681325885	21.35406800318915	20.11448692463466	NA	NA	19.24430858047401	19.874034177633288
O15144	2	ARPC2	0.9768	sp|O15144|ARPC2_HUMAN	O15144	ARPC2_HUMAN	Actin-related protein 2/3 complex subunit 2	Homo sapiens		22.002610601136244	22.9518779759022	21.090745286005564	21.980981913948856	20.024603542585414	19.565192164496153	22.196094096551132	21.470472926723616	20.691432111879287	21.92909007084895	20.413905525591	23.82975608939935	19.90933592552387	NA	NA	22.00089541132878	21.73156804889563
O15145	1	ARPC3	0.9986	sp|O15145|ARPC3_HUMAN	O15145	ARPC3_HUMAN	Actin-related protein 2/3 complex subunit 3	Homo sapiens		19.837214447930283	20.960909723148337	18.237527680262676	19.699721219434252	17.10513101006143	16.670114795865413	20.17203091295674	19.649890384205705	18.10687708383319	19.12044971452836	17.826369182031875	21.780184748455635	17.551402809222125	NA	NA	19.727886807015015	19.908674311166145
O15394	1	NCAM2	0.9871	sp|O15394|NCAM2_HUMAN	O15394	NCAM2_HUMAN	Neural cell adhesion molecule 2	Homo sapiens		18.337436330764966	18.215454889841762	18.667578125115018	18.58537437574663	18.751040523640484	18.806458140355954	18.247596954130593	18.77761841336801	18.98606652434463	18.457742882367747	18.60216307511149	18.0115852368811	18.32646599476255	NA	NA	18.183553127813564	18.397798869428126
O15511	2	ARPC5	0.9834	sp|O15511|ARPC5_HUMAN	O15511	ARPC5_HUMAN	Actin-related protein 2/3 complex subunit 5	Homo sapiens		20.280433818504637	20.773495279568696	19.23270153098461	20.287337293311285	18.85161754926882	18.989909637508447	20.296015280163083	20.052064751581096	19.62471959584382	19.574198827606587	19.140680522452307	21.873249864586587	18.120097806305438	21.14778664348698	NA	20.144980857932943	20.33590928421338
O43157	4	PLXNB1	1.0	sp|O43157|PLXB1_HUMAN	O43157	PLXB1_HUMAN	Plexin-B1	Homo sapiens		21.78246635336889	22.02483619403182	21.821098382608042	21.123959777801932	22.019972425994943	22.48488469434635	21.971752467963583	21.644099585844877	22.216920450128534	21.605663090346095	21.908830642829006	21.129998421315044	22.217005853303647	NA	NA	22.211044828664743	21.941017522599985
O43166	1	SIPA1L1	0.9959	sp|O43166|SI1L1_HUMAN	O43166	SI1L1_HUMAN	Signal-induced proliferation-associated 1-like protein 1	Homo sapiens		23.000316020359946	22.76298841820523	22.84788879684119	23.121590913248674	23.919273180849547	23.57607052649019	23.07068567453229	21.37121131311157	24.20124022545719	23.699319433179898	23.997612654799454	21.75798725863409	23.34159230063958	NA	NA	22.563065924513957	22.066575871455814
O43242	2	PSMD3	0.9969	sp|O43242|PSMD3_HUMAN	O43242	PSMD3_HUMAN	26S proteasome non-ATPase regulatory subunit 3	Homo sapiens		19.159676760621853	19.602980192490687	18.80572299885177	19.221429882790396	18.521679780702446	18.593431622190767	18.9082443614507	19.167344046342368	18.389987635939303	19.285133539701686	18.091089212643915	20.586874856279305	18.892545971093195	NA	NA	19.22630282836452	19.49855723190279
O43294	2	TGFB1I1	1.0	sp|O43294|TGFI1_HUMAN	O43294	TGFI1_HUMAN	Transforming growth factor beta-1-induced transcript 1 protein	Homo sapiens		21.02942943774068	20.57704296470443	NA	19.599887622590185	NA	NA	20.371490637810915	20.0867268619902	20.50911568861851	NA	NA	21.75872170963122	NA	NA	NA	NA	20.607558912312378
O43396	1	TXNL1	0.9991	sp|O43396|TXNL1_HUMAN	O43396	TXNL1_HUMAN	Thioredoxin-like protein 1	Homo sapiens		19.819857096748912	20.580606404606492	19.78047187137048	19.771645100840875	18.7900209178332	19.304287955832127	20.133312520498958	19.919395093154233	19.470240490241174	19.78235919773078	19.405123364654195	21.00081019157415	18.755136242092878	NA	NA	20.067478981752476	19.26178365585095
O43399	1	TPD52L2	0.9919	sp|O43399|TPD54_HUMAN	O43399	TPD54_HUMAN	Tumor protein D54	Homo sapiens		18.399902058210266	19.192368741539156	16.447966614671955	18.082280707534927	NA	NA	18.469603896364237	18.022675112438723	17.590559317805496	16.604890167629435	NA	19.53331949547823	NA	NA	NA	18.03852230574996	17.638414993362215
O43488	2	AKR7A2	0.9958	sp|O43488|ARK72_HUMAN	O43488	ARK72_HUMAN	Aflatoxin B1 aldehyde reductase member 2	Homo sapiens		21.01947760109137	20.75115002940505	NA	19.531782690176726	NA	NA	20.817438492274274	19.903934585464764	NA	20.032900449087176	NA	21.919862886025562	NA	NA	NA	20.221330360925375	20.257993933090255
O43493	1	TGOLN2	0.9993	sp|O43493|TGON2_HUMAN	O43493	TGON2_HUMAN	Trans-Golgi network integral membrane protein 2	Homo sapiens		19.982947731606792	19.600446261100412	20.16218717187593	20.14368781802964	20.36411774720076	20.935648880366738	19.504104663223334	20.020137051415194	20.603257335456583	20.189650167176918	20.486281615480788	19.35341519580359	20.776451933400164	NA	NA	20.00947779823443	19.778701054258768
O43505	2	B4GAT1	1.0	sp|O43505|B4GA1_HUMAN	O43505	B4GA1_HUMAN	Beta-1,4-glucuronyltransferase 1	Homo sapiens		20.61804796617286	20.418869833404038	20.592570017792927	20.966424240011854	21.406561530212574	21.071812061377976	20.385403405670885	20.663436433671905	20.86453991223106	20.72441941304126	20.760071833703467	20.503182521359403	20.61804796617286	NA	NA	20.711069084956616	20.26364598304774
O43639	1	NCK2	0.9767	sp|O43639|NCK2_HUMAN	O43639	NCK2_HUMAN	Cytoplasmic protein NCK2	Homo sapiens		17.030205337003704	16.753335026780356	NA	NA	NA	NA	16.42294587084843	15.924680431026111	NA	NA	NA	17.18172051674663	NA	NA	NA	NA	NA
O43665	1	RGS10	0.9995	sp|O43665|RGS10_HUMAN	O43665	RGS10_HUMAN	Regulator of G-protein signaling 10	Homo sapiens		22.278397276466578	21.628392583587328	NA	NA	NA	NA	NA	NA	NA	NA	NA	21.8847598456243	NA	NA	NA	NA	NA
O43707	3	ACTN4	0.9997	sp|O43707|ACTN4_HUMAN	O43707	ACTN4_HUMAN	Alpha-actinin-4	Homo sapiens		20.707534208829337	20.963743969374324	19.476034295011676	20.640814743567333	18.53558187517876	18.93206054965873	21.412614274789124	20.165170459475156	19.445162025558158	20.13347950612176	19.081378397330948	22.619669816380274	19.285211049084577	20.703594518801353	21.37466820180566	20.64903637738403	21.19173551805741
O43768	1	ENSA	0.9799	sp|O43768|ENSA_HUMAN	O43768	ENSA_HUMAN	Alpha-endosulfine	Homo sapiens		18.985501165807815	20.121559634217153	19.192256044673073	18.548320432069154	16.71572189735258	NA	18.393046203446506	18.932955927378714	18.924892011551233	18.820208330936232	17.04699337400371	20.176255429276512	17.290502935790958	NA	NA	19.07655639126025	18.70714130559395
O43852	1	CALU	0.9998	sp|O43852|CALU_HUMAN	O43852	CALU_HUMAN	Calumenin	Homo sapiens		19.304520348935906	20.43797279140296	18.918945618342978	19.24789366875526	19.315461555108303	17.244993205225352	19.286657091371673	18.948153781433707	18.533983744136076	19.904546674130195	18.329061359496535	20.387932827244587	17.566799958566307	NA	NA	19.16825494321249	19.279769966522718
O43866	10	CD5L	1.0	sp|O43866|CD5L_HUMAN	O43866	CD5L_HUMAN	CD5 antigen-like	Homo sapiens		30.068327381236035	29.87254678721606	31.51945552179867	30.03053034563598	30.72113194223406	30.91259483040382	28.98011963338355	30.181988541459255	30.424585527920122	30.617565065725543	30.432007953999705	29.511572950460437	29.28441334725327	29.697832117547037	31.27678400095376	29.865135997586886	30.121411863524433
O60234	1	GMFG	0.9818	sp|O60234|GMFG_HUMAN	O60234	GMFG_HUMAN	Glia maturation factor gamma	Homo sapiens		20.538104036605013	19.585680937119662	NA	NA	NA	NA	NA	NA	NA	NA	NA	NA	NA	NA	NA	NA	NA
O60462	1	NRP2	0.9809	sp|O60462|NRP2_HUMAN	O60462	NRP2_HUMAN	Neuropilin-2	Homo sapiens		21.11339991847615	NA	NA	NA	NA	21.70797617930499	NA	20.83134490971954	NA	NA	NA	NA	NA	NA	NA	NA	NA
O60493	1	SNX3	0.9924	sp|O60493|SNX3_HUMAN	O60493	SNX3_HUMAN	Sorting nexin-3	Homo sapiens		19.22151986151697	18.26909676203162	NA	NA	NA	NA	NA	NA	NA	NA	NA	NA	NA	NA	NA	NA	NA
O60610	1	DIAPH1	0.9933	sp|O60610|DIAP1_HUMAN	O60610	DIAP1_HUMAN	Protein diaphanous homolog 1	Homo sapiens		19.6898333650547	20.753134219536747	19.31053036650907	19.63837600612757	17.751050383163516	18.228836730616298	19.970643581982724	19.759745793397578	18.65658207015408	19.72079562656419	18.152716887521326	21.063882409462103	17.050034920951482	NA	NA	19.85037046795521	19.981790552494974
O60669	1	SLC16A7	0.9834	sp|O60669|MOT2_HUMAN	O60669	MOT2_HUMAN	Monocarboxylate transporter 2	Homo sapiens		20.091385151255643	18.53227832981449	NA	NA	NA	NA	NA	NA	NA	NA	NA	20.506620843685113	NA	NA	NA	NA	NA
O75015	2	FCGR3B	0.9998	sp|O75015|FCG3B_HUMAN	O75015	FCG3B_HUMAN	Low affinity immunoglobulin gamma Fc region receptor III-B	Homo sapiens		20.282712461610146	19.877673594290805	20.292622505871304	19.197319162193775	21.052963693696167	21.57043457736914	19.649044914790558	19.640879076844328	21.69154300631133	NA	18.221322911622874	18.591391370204388	21.522756435332518	NA	NA	19.616870489167308	19.513433696654857
O75083	6	WDR1	1.0	sp|O75083|WDR1_HUMAN	O75083	WDR1_HUMAN	WD repeat-containing protein 1	Homo sapiens		21.997628680322247	22.980135881685825	21.399330041083047	21.87278666547134	19.789371244449246	19.863613367205325	21.957590875734496	21.936375552047704	21.17353169903291	21.238450262701928	20.227190165164235	23.53590570059676	19.025660433248174	NA	NA	21.550319684060263	21.94140195520056
O75116	2	ROCK2	0.9999	sp|O75116|ROCK2_HUMAN	O75116	ROCK2_HUMAN	Rho-associated protein kinase 2	Homo sapiens		21.191521797566256	21.52363868116096	NA	20.807196507777466	19.709550705228573	20.038576691204884	21.673006582459156	21.195158563148958	20.700107734493944	21.416644395166013	NA	21.63896391842022	20.159212839284823	NA	NA	21.030515024275402	20.096611194297083
O75144	1	ICOSLG	1.0	sp|O75144|ICOSL_HUMAN	O75144	ICOSL_HUMAN	ICOS ligand	Homo sapiens		21.126543160712327	21.3307712138747	20.89686813222033	20.903284569380357	20.851347869564712	21.10534089011314	20.874019787706988	21.759060140999757	21.596358222763396	21.842324564569267	21.127897992350704	20.042084136561098	21.738680716534308	NA	NA	20.985978611369564	NA
O75223	1	GGCT	0.9956	sp|O75223|GGCT_HUMAN	O75223	GGCT_HUMAN	Gamma-glutamylcyclotransferase	Homo sapiens		18.825709919013452	18.607539467560546	18.355498803140723	18.61781526354704	19.014389229813805	18.064247752104862	17.94342853560889	19.151185716569252	18.699600181150146	17.88651166231448	19.50646115401625	19.035045455607925	20.590627614922933	NA	NA	18.6818676093554	18.883454734691185
O75339	1	CILP	0.9966	sp|O75339|CILP1_HUMAN	O75339	CILP1_HUMAN	Cartilage intermediate layer protein 1	Homo sapiens		18.669674637048452	18.242365239254745	18.668982071816266	18.91318947888436	19.113666400380925	18.44917561800938	18.71493704772274	19.767487187143427	18.604260692517922	18.701953187359788	18.20322251517016	17.989006390949676	19.185298282233774	NA	NA	18.784765328934835	19.397501408141114
O75340	1	PDCD6	0.9876	sp|O75340|PDCD6_HUMAN	O75340	PDCD6_HUMAN	Programmed cell death protein 6	Homo sapiens		18.016881993716545	17.247252562985135	NA	18.466185422583436	NA	NA	NA	NA	18.151371911860885	NA	NA	NA	18.035190264586436	NA	NA	NA	NA
O75368	1	SH3BGRL	0.9968	sp|O75368|SH3L1_HUMAN	O75368	SH3L1_HUMAN	Adapter SH3BGRL	Homo sapiens		20.663310292814934	21.327873033617664	19.487938938276827	19.260623757749975	19.718414305780396	NA	20.829532627068318	20.844522427742636	21.273881067718175	NA	19.787838610328553	21.390911889684663	NA	NA	NA	20.75321840022535	19.868495190764666
O75563	3	SKAP2	1.0	sp|O75563|SKAP2_HUMAN	O75563	SKAP2_HUMAN	Src kinase-associated phosphoprotein 2	Homo sapiens		20.15301774799789	20.05693527465489	19.795984882143205	19.867836417714607	NA	18.35202320214984	20.179243486608776	19.54318658644753	19.800648449415554	19.44565912976209	NA	21.627421465105762	18.142973683070544	NA	20.685371583436286	19.894029185902856	18.943788336406026
O75608	2	LYPLA1	0.998	sp|O75608|LYPA1_HUMAN	O75608	LYPA1_HUMAN	Acyl-protein thioesterase 1	Homo sapiens		20.0696396069912	20.73316256237591	20.36192443601851	19.817130734921662	19.454166902090915	18.73742146199543	19.433994266806017	20.00504610718194	20.07295861219305	19.333855070090443	19.25374716244692	21.10490326095492	19.76647286376958	NA	NA	19.957320326465368	19.928533791717218
O75636	9	FCN3	1.0	sp|O75636|FCN3_HUMAN	O75636	FCN3_HUMAN	Ficolin-3	Homo sapiens		26.824712748773315	26.71593674141668	27.48875425400167	27.06053962771499	26.474522395780767	27.077369164584397	26.967044938456418	26.925424715196858	25.98849302770019	27.24158138326916	27.324963794125814	26.701899340900034	27.41556400479196	NA	NA	26.71502745910001	26.601837691419156
O75874	5	IDH1	0.9986	sp|O75874|IDHC_HUMAN	O75874	IDHC_HUMAN	Isocitrate dehydrogenase [NADP] cytoplasmic	Homo sapiens		22.69051585331794	22.961528011441988	22.323485183324394	22.23907405359368	21.57998124112577	21.66518181858398	22.401368659162785	22.79010571923497	22.466903232797094	22.486203942239147	21.774882029496922	22.917756500366043	23.287245901057737	NA	NA	22.866750255327037	22.878500931630445
O75882	22	ATRN	1.0	sp|O75882|ATRN_HUMAN	O75882	ATRN_HUMAN	Attractin	Homo sapiens		27.8550800975246	28.066435263520898	27.68854118115452	27.900093909251346	28.15180138942565	28.14395911519979	27.702051519265396	28.062268535492443	28.114953755902025	28.153736985739545	28.111566865845003	27.40488392763624	28.544365787732985	NA	26.88054950171984	27.91492899477657	27.831839933981996
O75915	1	ARL6IP5	0.9082	sp|O75915|PRAF3_HUMAN	O75915	PRAF3_HUMAN	PRA1 family protein 3	Homo sapiens		20.818775632231457	18.913537415960814	NA	NA	NA	NA	20.409817828395298	NA	NA	NA	NA	21.50190869275334	NA	NA	NA	NA	NA
O75955	1	FLOT1	0.9996	sp|O75955|FLOT1_HUMAN	O75955	FLOT1_HUMAN	Flotillin-1	Homo sapiens		20.0690691202449	NA	NA	NA	NA	NA	NA	19.789551997417888	20.173336020505104	NA	NA	20.326078677716733	NA	NA	NA	NA	NA
O75976	1	CPD	0.9815	sp|O75976|CBPD_HUMAN	O75976	CBPD_HUMAN	Carboxypeptidase D	Homo sapiens		16.368322435446586	16.325739281920395	NA	16.593942254660046	16.327620005020894	17.06286022642558	15.921430645858335	16.229265684140486	17.232169400430628	16.068194261078606	16.68654891115376	15.866555541396233	16.58449681440792	NA	NA	NA	16.54784099532292
O76061	1	STC2	0.9984	sp|O76061|STC2_HUMAN	O76061	STC2_HUMAN	Stanniocalcin-2	Homo sapiens		17.761176564054907	17.19166705622161	18.17269752427651	17.887462247929463	18.352535126688288	17.896723816456404	18.135995442651456	18.070367067651986	17.999171745962624	17.939904814435447	18.431406263798387	17.452646177722404	18.379245376256478	NA	NA	17.178694162697177	17.661844243469947
O76076	1	CCN5	0.9997	sp|O76076|CCN5_HUMAN	O76076	CCN5_HUMAN	CCN family member 5	Homo sapiens		21.092296794030386	NA	NA	NA	NA	NA	NA	NA	NA	NA	NA	NA	21.204732178930758	NA	NA	NA	NA
O94919	3	ENDOD1	1.0	sp|O94919|ENDD1_HUMAN	O94919	ENDD1_HUMAN	Endonuclease domain-containing 1 protein	Homo sapiens		21.498496543067493	20.753636216565443	20.506419987160967	21.8596192529339	20.706113284809856	20.55578744029104	21.62001182768624	21.584818865344428	20.57961201118629	21.670569300681585	19.56521463065582	22.633422790077667	19.838728795822856	NA	NA	21.63321580747764	22.052766145659845
O95197	1	RTN3	0.9967	sp|O95197|RTN3_HUMAN	O95197	RTN3_HUMAN	Reticulon-3	Homo sapiens		20.091778849174965	20.184125375046545	17.71083218574449	20.49259537288737	17.62071789158496	18.17536780708941	20.909342535435695	19.82843910396662	18.091477419462812	20.093497984566575	17.939133168529587	22.306822906926556	17.13862735438931	NA	NA	20.402356855945282	20.35668203073361
O95445	12	APOM	1.0	sp|O95445|APOM_HUMAN	O95445	APOM_HUMAN	Apolipoprotein M	Homo sapiens		28.627838525565327	28.49430292323485	28.78741667915495	28.144812470979495	28.977141674247786	28.964602391795793	28.797346109144275	28.54606082427195	28.67682605058168	29.433312827272122	28.67348149842011	28.919849825575433	28.556652924665766	NA	NA	28.635617813427142	28.724617678076044
O95479	4	H6PD	1.0	sp|O95479|G6PE_HUMAN	O95479	G6PE_HUMAN	GDH/6PGL endoplasmic bifunctional protein	Homo sapiens		21.970797598941083	21.914964429215065	21.888698234215042	22.144892751171586	22.195123965996594	22.25671709992239	22.260876313572886	21.874863071982315	21.94313566149229	21.85338539791934	22.079816995453495	21.411340948044096	23.263790044966452	NA	21.948455002998337	22.157156031120525	22.086129760263265
O95497	7	VNN1	1.0	sp|O95497|VNN1_HUMAN	O95497	VNN1_HUMAN	Pantetheinase	Homo sapiens		24.224131100579797	24.103732670017322	24.790219398395454	22.73425158461203	24.238737229463457	23.647120623683005	24.18506354823452	25.102856654276028	24.226204673161885	25.038936972920855	25.080654009557993	23.219611962548676	24.890197929133766	23.2755756946012	NA	24.104779373238852	24.170205503348807
O95810	6	CAVIN2	1.0	sp|O95810|CAVN2_HUMAN	O95810	CAVN2_HUMAN	Caveolae-associated protein 2	Homo sapiens		23.48515342350259	24.228580435120872	22.061304137398302	23.715490047764746	21.25475362792859	21.805818680767295	23.79081996244589	23.080889457972287	21.31022951077232	22.741280147107506	21.192440410902925	25.029044956138303	20.73764930105257	23.926709966611543	22.376016370439494	23.762063506156004	23.579414373814934
O95866	2	MPIG6B	0.9984	sp|O95866|G6B_HUMAN	O95866	G6B_HUMAN	Megakaryocyte and platelet inhibitory receptor G6b	Homo sapiens		20.59847847795241	21.186532896986243	18.64595751410759	20.347487597155173	NA	18.515937502687404	20.36495255257089	19.4603911999256	19.10933462614747	20.61106708440007	18.09026681177427	22.23511236734635	17.499333567449412	21.35809262429161	NA	20.46963095743263	20.311821537461643
O95980	1	RECK	0.9843	sp|O95980|RECK_HUMAN	O95980	RECK_HUMAN	Reversion-inducing cysteine-rich protein with Kazal motifs	Homo sapiens		20.5537559685426	NA	NA	NA	NA	NA	19.903623136380126	21.55849042684228	NA	20.38172851527274	20.93360797911516	20.595755178923852	20.325066633135442	NA	NA	20.1947980362729	NA
O95998	1	IL18BP	0.9963	sp|O95998|I18BP_HUMAN	O95998	I18BP_HUMAN	Interleukin-18-binding protein	Homo sapiens		20.40945716587821	20.03231190319084	NA	NA	NA	NA	NA	NA	20.4754793291487	NA	NA	NA	19.953356858949082	NA	NA	NA	NA
P00325	1	ADH1B	0.9599	sp|P00325|ADH1B_HUMAN	P00325	ADH1B_HUMAN	All-trans-retinol dehydrogenase [NAD(+)] ADH1B	Homo sapiens		20.945261586908646	20.195434189732712	NA	19.447907504862094	18.694508360389346	20.410835760204805	17.538155432053163	22.719277310786044	17.96276308650995	22.1282353632481	20.462332003508514	18.74401748704944	22.755982422279125	NA	NA	20.8793429699478	20.718037116179048
P00338	3	LDHA	0.9997	sp|P00338|LDHA_HUMAN	P00338	LDHA_HUMAN	L-lactate dehydrogenase A chain	Homo sapiens		22.43604398946834	22.956620878381035	22.663858318727183	22.43649757268489	20.997406543183637	21.473119987756753	22.01301756105821	22.203204111092173	22.5248257911574	22.13919782109086	21.592916597488202	23.42843421779465	21.97661967434311	NA	NA	22.56501407684227	22.699436717370027
P00352	5	ALDH1A1	0.9999	sp|P00352|AL1A1_HUMAN	P00352	AL1A1_HUMAN	Aldehyde dehydrogenase 1A1	Homo sapiens		22.721839438762917	22.69583332323575	22.21552006668669	22.033803316525972	21.960300128286626	22.13198204484227	21.751370332030394	23.65319345455796	22.084102267725765	22.898047947862857	22.743404809764105	22.042934389285023	24.33562177000905	NA	NA	23.136178382721056	22.549349773736335
P00387	3	CYB5R3	0.9979	sp|P00387|NB5R3_HUMAN	P00387	NB5R3_HUMAN	NADH-cytochrome b5 reductase 3	Homo sapiens		22.288762236717023	22.65404343612405	21.055703452085943	22.543025491424018	20.059294347747816	20.357535137972594	23.077269035129053	22.061788272723085	20.95062281857131	22.325889245675285	20.7797482915366	24.650164341997076	19.819689065382256	22.6617544375869	21.131599685461303	22.76788747320117	22.79149466306053
P00390	1	GSR	0.9992	sp|P00390|GSHR_HUMAN	P00390	GSHR_HUMAN	Glutathione reductase, mitochondrial	Homo sapiens		20.54553996841011	20.645252754996775	20.784809889327533	20.376288602450266	20.464472084684374	20.710703922187793	20.69588850683564	20.899826006601202	20.657240373256037	20.479072269421945	20.899020844243513	20.545189079660968	21.26581582092586	NA	NA	20.45495620846944	20.453264664647083
P00403	1	MT-CO2	0.9983	sp|P00403|COX2_HUMAN	P00403	COX2_HUMAN	Cytochrome c oxidase subunit 2	Homo sapiens		19.017110159361426	18.638230942609752	NA	NA	NA	NA	18.84671429761625	17.899784253252626	NA	NA	NA	20.029317735570864	NA	NA	NA	17.996870135902913	18.90441391966743
P00441	3	SOD1	0.9995	sp|P00441|SODC_HUMAN	P00441	SODC_HUMAN	Superoxide dismutase [Cu-Zn]	Homo sapiens		22.603112517800835	23.27860273916414	22.74409510390755	21.918560804894316	21.499172590293714	21.549800345387517	22.36929854382068	22.89336948849151	22.05880544657631	22.46952502576481	21.618162452641716	23.71475766596621	22.635955887949347	NA	NA	22.876673212075566	22.320304754757256
P00450	35	CP	1.0	sp|P00450|CERU_HUMAN	P00450	CERU_HUMAN	Ceruloplasmin	Homo sapiens		30.720162561346235	30.7329879588993	31.356293801624116	30.99585715584729	31.226823622368144	31.28880052298604	30.849674312666092	30.756367441426484	30.869859876330295	30.775786419039505	30.677306970982453	30.311482871606323	30.787167431736787	31.949202573889185	NA	30.801634208196646	30.7941412555326
P00451	2	F8	0.9964	sp|P00451|FA8_HUMAN	P00451	FA8_HUMAN	Coagulation factor VIII	Homo sapiens		20.656537172904258	20.3416030792765	20.987591918499902	21.074791110203794	20.56801513265732	20.590323125399873	20.948912604677485	20.836466722838455	20.756544592613498	21.0817832760217	20.376794603018325	20.719391873946993	20.81218360921416	NA	NA	20.798933329103793	20.971066060598645
P00488	12	F13A1	1.0	sp|P00488|F13A_HUMAN	P00488	F13A_HUMAN	Coagulation factor XIII A chain	Homo sapiens		26.39876067576015	26.712246643735092	25.238995670363135	26.801511640452084	26.392575822900064	26.42130868354019	26.95882755395647	26.43824652919502	26.368017961530057	26.632955471675672	26.19060642996381	26.96487186772313	26.063652801507136	NA	25.066681001829384	26.459771564865374	26.38750815281609
P00491	4	PNP	0.9999	sp|P00491|PNPH_HUMAN	P00491	PNPH_HUMAN	Purine nucleoside phosphorylase	Homo sapiens		23.116452807006628	24.185398568805457	22.890841833449574	23.038755879683585	22.45300063712468	22.013634786276217	23.21131013780186	22.8524644173585	22.91871280117557	22.849466965725266	22.2611746692845	24.297898763244955	21.94721260298713	NA	21.78565281262697	23.039478491866745	23.240496072012775
P00492	2	HPRT1	0.9874	sp|P00492|HPRT_HUMAN	P00492	HPRT_HUMAN	Hypoxanthine-guanine phosphoribosyltransferase	Homo sapiens		20.76855899507681	20.580783879617353	20.685144267144747	20.24291503783698	20.241695541982754	20.426145457917396	20.906107267539483	20.826317085734047	20.891316463867696	20.219682397399165	21.050887515298115	21.32238174509957	20.765627452875286	NA	NA	21.005054157087844	20.673157063283057
P00533	1	EGFR	0.9996	sp|P00533|EGFR_HUMAN	P00533	EGFR_HUMAN	Epidermal growth factor receptor	Homo sapiens		19.60143426496328	19.644289967376775	19.714671957292435	19.875007653049934	19.795232373083234	20.13450300866399	19.6527719513017	19.896117116487645	20.01125314224927	19.951493317798455	19.729101228296358	19.167006429921567	19.919996486105937	NA	NA	19.52053517810024	19.52311824013826
P00558	4	PGK1	1.0	sp|P00558|PGK1_HUMAN	P00558	PGK1_HUMAN	Phosphoglycerate kinase 1	Homo sapiens		24.531334924279555	25.5215445129084	25.068593694378407	24.15108850045063	23.73797609431614	22.808981302416193	24.303661336025034	24.474091241680988	25.39060849594717	24.09828239569154	23.413173517499892	25.903177050055362	22.920280519883388	25.308666995611134	24.63677965271494	24.34693391353384	24.41549474909212
P00734	39	F2	1.0	sp|P00734|THRB_HUMAN	P00734	THRB_HUMAN	Prothrombin	Homo sapiens		30.71291323518004	30.663698122676305	31.17375140832763	30.880236674074762	31.00810299060108	31.005600959745404	31.05022262278515	30.602245755245015	31.11501858575075	31.206119771047085	31.061893417320405	30.62980702847377	30.75409988429859	30.615404042098945	31.50907183540346	30.736937819082506	30.71653318077444
P00736	20	C1R	1.0	sp|P00736|C1R_HUMAN	P00736	C1R_HUMAN	Complement C1r subcomponent	Homo sapiens		29.281133076673854	29.255792845336938	29.95565609079112	29.075707744565204	29.48453703057752	29.7784384494993	29.36582641301325	29.172598038791943	29.718951232180537	29.772411265861912	29.811916898512237	28.935105404822313	29.64374804999461	NA	29.189611697774076	29.362379058919892	29.20589071026688
P00738	31	HP	1.0	sp|P00738|HPT_HUMAN	P00738	HPT_HUMAN	Haptoglobin	Homo sapiens		30.959708708458702	31.561706956314428	31.92497793736629	31.260749280699486	28.84245233927494	29.551328642269503	28.80671445757604	29.609257809607648	31.081277010149158	32.073572923118334	31.75637707725998	31.873146254816934	28.381404828393553	30.32093151189127	29.850050211075875	31.127488727648622	31.142930693884747
P00739	11	HPR	1.0	sp|P00739|HPTR_HUMAN	P00739	HPTR_HUMAN	Haptoglobin-related protein	Homo sapiens		28.748042656236297	28.367653759489222	29.309305780663202	27.872580584392118	29.222656460792983	29.189831605331303	29.155033137340563	28.708894347516768	29.363973223142654	29.65432022158349	29.02829374147543	29.408324303886918	26.957899251849632	28.747726195784505	28.878686918928917	28.898877476400326	28.925417571019207
P00740	11	F9	1.0	sp|P00740|FA9_HUMAN	P00740	FA9_HUMAN	Coagulation factor IX	Homo sapiens		26.3412011742217	26.344908542266197	26.812573342035407	26.570220698036415	26.56157129128123	26.48863755933323	26.585791996636843	26.5441650283142	26.49765714020204	26.679273928246598	26.206077056675653	26.156192111117967	26.65625820324964	NA	NA	26.238439451622817	26.32550296061445
P00742	20	F10	1.0	sp|P00742|FA10_HUMAN	P00742	FA10_HUMAN	Coagulation factor X	Homo sapiens		27.28962407486089	27.328891187229637	27.727586852828694	27.460270408808	27.38668050793562	27.505626101560384	27.343348703313108	27.677094081371063	27.26608994315058	27.651921224040507	27.49752811927337	27.043166523310582	27.435832881498513	NA	NA	27.412554859436316	27.375351948385777
P00746	6	CFD	1.0	sp|P00746|CFAD_HUMAN	P00746	CFAD_HUMAN	Complement factor D	Homo sapiens		23.87633719943954	23.594782304935027	24.153303434853775	24.441359322453614	24.4352115280699	23.877704862173	23.712642535422095	24.077214144510602	24.23250248546437	24.166301388246715	24.460357927710042	23.598878377918798	24.08444797432659	NA	25.87016478432737	24.126222394397246	24.01323392599553
P00747	37	PLG	1.0	sp|P00747|PLMN_HUMAN	P00747	PLMN_HUMAN	Plasminogen	Homo sapiens		30.55673429114755	30.579451487791786	30.809505743755267	30.79622582314312	30.614170271621777	30.71052399429842	30.92457334818246	30.5780797596796	30.804699487750835	31.033414274281462	30.806075819691596	30.2334387414638	30.837800910016387	31.52854820192397	29.7214497158455	30.57409739906889	30.727640998071248
P00748	12	F12	1.0	sp|P00748|FA12_HUMAN	P00748	FA12_HUMAN	Coagulation factor XII	Homo sapiens		26.931194184862292	27.187579965520705	27.290721113057057	27.191379650494813	27.263070561943266	27.497836121520912	27.185623193757287	26.32989087780806	27.22886028419879	27.509072205359058	27.03154836338121	26.59174386052469	27.053588931532044	NA	26.859394196012353	26.891578856091122	26.89030346243525
P00751	19	CFB	1.0	sp|P00751|CFAB_HUMAN	P00751	CFAB_HUMAN	Complement factor B	Homo sapiens		29.5129839318885	29.78457500185517	29.936939544004538	29.96074765656314	29.76134072002455	29.433514942560876	29.533859892567197	29.788028565523774	29.585607337506865	30.004710376810305	29.775121766303783	29.351291833664135	29.583873059143087	28.514130008098775	29.291490439524388	29.424018779115084	29.42335079478552
P00915	6	CA1	1.0	sp|P00915|CAH1_HUMAN	P00915	CAH1_HUMAN	Carbonic anhydrase 1	Homo sapiens		25.889139548644724	25.277256867966067	26.62433724478665	25.574325623379032	26.50783753486426	24.647403555955602	25.667359198752436	26.26717837417152	26.15307664246597	25.94896959390288	26.695211168649873	26.45993601887891	26.5617653942361	NA	NA	25.924321140998025	26.074813968129035
P00918	6	CA2	1.0	sp|P00918|CAH2_HUMAN	P00918	CAH2_HUMAN	Carbonic anhydrase 2	Homo sapiens		23.867536769104376	24.281518355742655	24.359445885181483	23.57692230188743	23.81488866362125	22.816286561754243	23.86886955039969	23.79475829151687	23.841238262269055	23.701313876029303	24.20607920655897	24.483135409138104	24.031497232932722	23.56607842885136	NA	23.944353916979153	24.019430767068513
P01008	22	SERPINC1	1.0	sp|P01008|ANT3_HUMAN	P01008	ANT3_HUMAN	Antithrombin-III	Homo sapiens		30.434797875777516	30.47329288035832	30.865511498135994	30.597974791342146	30.790955242839626	30.96340960197237	30.5760417866238	30.2028826419441	30.86320355829766	30.814358819801832	30.742348962205735	30.086073552895904	30.529682482020302	NA	NA	30.454100439414344	30.397908754481602
P01009	25	SERPINA1	1.0	sp|P01009|A1AT_HUMAN	P01009	A1AT_HUMAN	Alpha-1-antitrypsin	Homo sapiens		30.82911268706687	31.056779043219937	31.52265330146923	30.80219355627986	30.965990895289796	31.542084796623595	30.681092868842097	30.72095612899476	31.33970236451519	30.951404834648642	30.57171773108009	30.362137872133193	31.027647998221944	30.095633309968935	31.010259499488804	30.979998952664978	31.09459034702056
P01011	20	SERPINA3	1.0	sp|P01011|AACT_HUMAN	P01011	AACT_HUMAN	Alpha-1-antichymotrypsin	Homo sapiens		30.297712280392123	30.004886720076115	31.154388736674502	30.640145134488755	30.625434848424376	31.05362881690375	30.34930252135342	30.162982755497264	30.74247049710982	30.43602912956223	30.39687973846396	30.226501259068396	30.45148461047112	NA	30.11038971349301	30.4060927720506	30.456030924333973
P01019	9	AGT	1.0	sp|P01019|ANGT_HUMAN	P01019	ANGT_HUMAN	Angiotensinogen	Homo sapiens		28.990604452796568	29.24809863656958	28.971734115885916	29.115401669581914	29.480325689664024	29.40996631673507	29.096776332686304	29.102842013136723	29.27305035405724	29.267915486467675	29.294629571265766	28.670282157258516	28.972882300833795	NA	NA	28.977546068460107	28.857729814732465
P01023	53	A2M	1.0	sp|P01023|A2MG_HUMAN	P01023	A2MG_HUMAN	Alpha-2-macroglobulin	Homo sapiens		31.425457202980166	31.90305520654034	30.670845484037596	32.33427060141322	31.17118185832954	31.761744649563692	30.781008370324106	31.28848213751806	31.85186985064537	31.450732693002255	31.091917968268017	30.773341303906097	32.17489249434186	30.221013693280362	31.50721187949736	31.647909517756485	31.669130359564182
P01024	35	C3	1.0	sp|P01024|CO3_HUMAN	P01024	CO3_HUMAN	Complement C3	Homo sapiens		31.109520703579985	31.41107575824645	31.493268574500853	31.34702840864027	31.244970371061456	31.049945243737483	31.18057414781166	31.08127508463781	31.12365674236106	31.650714223166954	31.4159000691132	30.696098783242526	31.557060888843885	NA	NA	31.06245242661017	31.078226091353077
P01031	30	C5	1.0	sp|P01031|CO5_HUMAN	P01031	CO5_HUMAN	Complement C5	Homo sapiens		30.30757529542624	30.285548427055478	30.949610097073027	30.587688657517923	30.645450949307108	30.774367133320307	30.469708529344455	30.05669798161424	30.739580682812683	30.500436871348775	30.596190386325713	29.867095457872928	30.64201380519945	NA	32.87141827527199	30.289979789561258	30.256976170910235
P01033	1	TIMP1	0.9931	sp|P01033|TIMP1_HUMAN	P01033	TIMP1_HUMAN	Metalloproteinase inhibitor 1	Homo sapiens		19.4053065060182	19.881691786451974	20.405653523003746	18.121700968425472	20.0936468024922	19.066826340742182	19.093495388298365	18.981601056782115	19.460345416592578	19.310341397122507	18.782320939593443	19.705351600924036	20.140383442289853	NA	NA	19.235399256166264	19.81153019377357
P01034	2	CST3	0.9999	sp|P01034|CYTC_HUMAN	P01034	CYTC_HUMAN	Cystatin-C	Homo sapiens		23.120805242623923	22.550968907562098	23.33251960081784	23.767260041871527	24.191314653704268	22.790017364590867	22.470058877936975	22.64280893788864	NA	23.550367459401205	23.197102593254865	22.94357053869066	23.51462422446182	NA	NA	NA	NA
P01040	1	CSTA	1.0	sp|P01040|CYTA_HUMAN	P01040	CYTA_HUMAN	Cystatin-A	Homo sapiens		21.320863493197134	20.604958039142335	21.37303084054663	21.745342638283088	22.153568000853134	20.9273958489137	20.10222651555594	21.598074723120305	21.950837983950453	20.632810893181148	21.620415148147707	20.986824247630146	22.910845474053488	NA	NA	20.723672123156543	21.59447199333444
P01042	26	KNG1	1.0	sp|P01042|KNG1_HUMAN	P01042	KNG1_HUMAN	Kininogen-1	Homo sapiens		30.383698530234586	30.661979935804734	30.467792610260364	30.669291382205085	30.58537850508279	30.789016359191802	30.36147087356366	30.46767638589255	30.686893631036856	30.658130043311235	30.7606553629266	29.96804088326431	30.455717345656115	32.27064593873363	NA	30.398540927907003	30.395103631426224
P01130	1	LDLR	0.9982	sp|P01130|LDLR_HUMAN	P01130	LDLR_HUMAN	Low-density lipoprotein receptor	Homo sapiens		19.597019101590018	19.764100648396763	NA	NA	NA	20.455106667161722	18.79362472933998	19.194940438352017	NA	20.225761272944325	19.377920404162467	NA	19.256403337355717	NA	NA	19.260817646430905	NA
P01137	2	TGFB1	0.9999	sp|P01137|TGFB1_HUMAN	P01137	TGFB1_HUMAN	Transforming growth factor beta-1 proprotein	Homo sapiens		22.000949242949524	22.925354471344143	20.52684836317258	21.220242247946423	21.112953440008877	20.30399088344548	22.215639937339	21.546913696647696	21.21429836007127	22.643037158660857	20.701573297976267	23.730884146723206	20.28068742558155	21.72505386648835	20.577780679442473	21.75485236891927	21.75783787922725
P01591	8	JCHAIN	1.0	sp|P01591|IGJ_HUMAN	P01591	IGJ_HUMAN	Immunoglobulin J chain	Homo sapiens		27.80712330776811	27.722681623662965	28.806795138365427	27.481702360628415	28.287002034603837	28.83242063075674	27.421474461913505	27.722493023210845	28.347796650985703	28.285620252815587	27.759066813236675	27.820481383754576	27.195996119992706	NA	NA	27.767236898418137	27.835449696888016
P01593	4	IGKV1D-33	1.0	sp|P01593|KVD33_HUMAN	P01593	KVD33_HUMAN	Immunoglobulin kappa variable 1D-33	Homo sapiens	sp|P01594|KV133_HUMAN	23.708928118373827	23.829666217657504	23.777021095943933	23.905406361519262	23.58253747592293	23.10543602500733	23.660998165625784	24.052674340148457	24.72036592108829	23.58150087782805	23.81021187284106	23.337108831572515	23.608894939509955	NA	NA	23.708928118373827	23.881489689347717
P01599	1	IGKV1-17	1.0	sp|P01599|KV117_HUMAN	P01599	KV117_HUMAN	Immunoglobulin kappa variable 1-17	Homo sapiens		25.351448423378564	25.07536881932542	26.398938336895526	25.538128329360585	25.03727076798849	26.35050713608907	25.561525441318032	25.82521860534113	25.542004462905044	25.1680153499193	25.832676895768127	25.278194471747337	24.62907559876697	NA	NA	25.360757281214727	25.053427394718526
P01601	1	IGKV1D-16	0.9978	sp|P01601|KVD16_HUMAN	P01601	KVD16_HUMAN	Immunoglobulin kappa variable 1D-16	Homo sapiens		23.13116347483004	23.123617906461266	23.281182347410795	23.0535905921421	23.63332026790585	22.983395109268656	22.973045369936894	23.12285800595888	23.88575947054325	23.10640033147424	24.333335009958642	23.01873493960376	22.920899344173595	NA	NA	23.144823366991133	23.031442848468323
P01602	2	IGKV1-5	0.9992	sp|P01602|KV105_HUMAN	P01602	KV105_HUMAN	Immunoglobulin kappa variable 1-5	Homo sapiens		26.8242649888773	28.011910239553917	27.66179633138692	26.068793837160033	26.325188300111076	26.700022219580138	25.947533674629334	26.51773747687032	25.22041757215669	25.68478405258242	27.732214011332356	24.694125245942786	25.082470055961306	NA	NA	26.204288877765567	26.15314007803335
P01619	5	IGKV3-20	1.0	sp|P01619|KV320_HUMAN	P01619	KV320_HUMAN	Immunoglobulin kappa variable 3-20	Homo sapiens		25.45334429621054	25.567383741598412	25.536592344889844	25.77961006645432	25.853457708960203	25.62671102971698	25.60930673427085	25.86956256537741	25.47371309003773	25.288301382116373	25.95167926873243	24.970665764760838	25.382025530269203	NA	NA	25.235913149380718	25.19225487578728
P01699	2	IGLV1-44	1.0	sp|P01699|LV144_HUMAN	P01699	LV144_HUMAN	Immunoglobulin lambda variable 1-44	Homo sapiens		19.826161199680815	19.585438414479306	19.545784525601228	20.497844755361964	19.964887664485165	19.331969362525122	19.447025847487595	20.85477428939896	19.498512905494852	20.32100808870461	19.40798203980182	NA	19.759997374732066	NA	NA	NA	19.651878154261638
P01700	4	IGLV1-47	1.0	sp|P01700|LV147_HUMAN	P01700	LV147_HUMAN	Immunoglobulin lambda variable 1-47	Homo sapiens		29.631557919176206	29.78774203115523	29.956031422217485	30.158050080225458	29.88667296984929	29.679005907110184	29.17285836943916	30.155679496844762	29.812391997634464	29.88919053628079	29.733299151686552	28.457053991177148	29.921888722726237	NA	NA	29.35469310429412	29.612394046934163
P01701	3	IGLV1-51	0.9976	sp|P01701|LV151_HUMAN	P01701	LV151_HUMAN	Immunoglobulin lambda variable 1-51	Homo sapiens		28.152744927553833	27.92699075152735	28.53599345327815	28.48786835389866	28.71448491938229	28.76093907324637	28.823515718068517	28.875179391246558	28.244295117853184	28.37952643437188	28.148894679834573	26.92374243520271	26.901831609023326	NA	NA	28.18820248195882	28.069447756782253
P01704	3	IGLV2-14	0.9994	sp|P01704|LV214_HUMAN	P01704	LV214_HUMAN	Immunoglobulin lambda variable 2-14	Homo sapiens		23.789448525246137	24.63898091988112	23.77386290185969	22.234963224753532	25.282156824588576	23.97926203844799	23.20882669191399	21.88705131860979	20.964658107275884	24.473734598105672	21.691264782493665	24.02488487408477	23.30018120611737	NA	NA	23.609531437385353	23.482620305718616
P01705	1	IGLV2-23	0.9597	sp|P01705|LV223_HUMAN	P01705	LV223_HUMAN	Immunoglobulin lambda variable 2-23	Homo sapiens		19.293805989002486	19.35230157330918	19.872036215593706	19.509375301931296	19.09769335272034	19.513110650639145	19.713873819440085	16.046470354400157	18.890877305679997	20.143553116882288	20.250027915976393	19.721717275726263	19.471405561971743	NA	NA	19.505164680463945	18.88850243844731
P01706	3	IGLV2-11	0.9999	sp|P01706|LV211_HUMAN	P01706	LV211_HUMAN	Immunoglobulin lambda variable 2-11	Homo sapiens		26.88205415386937	27.175367042210677	26.410488364237374	27.11072339887223	27.9283721058125	27.211131644458547	26.216753651261854	27.154406781906804	26.587311439858308	26.695059656637927	27.441280803092038	26.88205415386937	27.13704076488134	NA	NA	26.847412138440596	26.759288175197636
P01709	3	IGLV2-8	0.9909	sp|P01709|LV208_HUMAN	P01709	LV208_HUMAN	Immunoglobulin lambda variable 2-8	Homo sapiens		26.91235172535036	26.704553062625454	27.271565687385557	27.334547440218284	27.34223338236785	27.838711873408695	26.96867782670396	27.73989160662993	26.566910635326476	26.13858391754636	27.108277103380363	26.957496968816777	25.953116342209526	NA	NA	27.23369152753545	27.148128063627954
P01714	3	IGLV3-19	1.0	sp|P01714|LV319_HUMAN	P01714	LV319_HUMAN	Immunoglobulin lambda variable 3-19	Homo sapiens		26.057826347375777	25.98257440570566	25.29711212907071	26.993612599681022	25.91880959695675	25.86032151132073	26.367873331998947	26.547275716232864	26.20941498166353	26.519632362868357	26.767830743463346	25.785988904989246	24.439267757213408	NA	NA	25.835234215322235	26.04178973428595
P01721	2	IGLV6-57	0.9999	sp|P01721|LV657_HUMAN	P01721	LV657_HUMAN	Immunoglobulin lambda variable 6-57	Homo sapiens		25.048975922837325	25.366655543651994	25.305957544250703	25.983373488515024	24.64640182886686	25.37932532777511	25.540178471082257	25.728970506815806	24.104806337850114	25.250034540256273	25.416147801497072	24.14160438016694	24.027772939242276	NA	NA	24.76614133316199	25.062851979263705
P01742	15	IGHV1-69	1.0	sp|P01742|HV169_HUMAN	P01742	HV169_HUMAN	Immunoglobulin heavy variable 1-69	Homo sapiens		29.49414877963469	29.276586078266554	29.80697804513882	30.133745379777885	29.269435734157003	29.573368379483796	29.62885261256267	30.033921467023706	29.98569126453633	29.529151376535356	29.49580448149838	29.42877646826486	28.922881749530386	NA	29.23303367069137	29.263633304826527	29.404951357747386
P01743	3	IGHV1-46	1.0	sp|P01743|HV146_HUMAN	P01743	HV146_HUMAN	Immunoglobulin heavy variable 1-46	Homo sapiens		25.669708291173624	25.126495535429328	25.301718819010603	26.483007661139823	25.50135074722095	26.438478144801945	25.38372927513534	25.78199955826476	25.166993782848653	25.999344145019293	25.877950272468016	25.83238949990175	24.386275676946234	NA	NA	25.234410857603518	25.987890066585493
P01762	2	IGHV3-11	1.0	sp|P01762|HV311_HUMAN	P01762	HV311_HUMAN	Immunoglobulin heavy variable 3-11	Homo sapiens		19.420581656169208	18.596612185910864	19.48771005559441	NA	20.067591531017257	NA	19.307799690778037	19.364502003695783	19.713956469790666	19.588092463567886	NA	19.314887156218795	NA	NA	NA	NA	NA
P01763	1	IGHV3-48	0.9999	sp|P01763|HV348_HUMAN	P01763	HV348_HUMAN	Immunoglobulin heavy variable 3-48	Homo sapiens		19.31440169794199	20.186930147989862	19.745767189147482	20.1448250945495	19.48413724573466	19.730443545774495	18.092627936084035	19.49845659960987	17.73482479598223	NA	18.846421454088947	18.508462730833322	NA	NA	NA	18.14205633938597	NA
P01764	4	IGHV3-23	1.0	sp|P01764|HV323_HUMAN	P01764	HV323_HUMAN	Immunoglobulin heavy variable 3-23	Homo sapiens		23.268029297789795	22.390994626336013	23.738198179856308	24.685963608168265	23.450259832109968	23.127663268242994	22.607497398644764	23.336342578435175	22.541702556049902	23.755581789165447	22.261576447925037	22.10262519291193	23.179676301300912	NA	23.43080137294279	23.15297853055143	23.532010911061004
P01766	1	IGHV3-13	0.999	sp|P01766|HV313_HUMAN	P01766	HV313_HUMAN	Immunoglobulin heavy variable 3-13	Homo sapiens		24.68478273545338	24.22507983662493	25.490830813748474	24.13399278391211	25.508205068674037	24.735417023542464	24.782013243945528	25.1126161647569	24.99142483829952	24.92855542400576	25.248579237454607	24.409612886194843	25.077629553741748	NA	NA	24.35638285213651	24.685544265337327
P01768	13	IGHV3-30	1.0	sp|P01768|HV330_HUMAN	P01768	HV330_HUMAN	Immunoglobulin heavy variable 3-30	Homo sapiens	sp|P0DP03|HVC05_HUMAN	27.750452340565037	27.7403502287238	28.108135835121395	27.536460509334947	28.673830138449393	27.77460483410763	27.769847834807983	28.102878466469914	27.62547282355803	28.349710162069993	28.242303844256192	27.576330138321897	26.80745966105976	28.01376945698302	28.217750761752562	27.790417702270407	27.790263774935664
P01780	5	IGHV3-7	0.9943	sp|P01780|HV307_HUMAN	P01780	HV307_HUMAN	Immunoglobulin heavy variable 3-7	Homo sapiens		29.025814775629165	29.254195437662947	29.074691843101228	29.399071618406317	29.608525859792707	29.0525883477987	29.286184631959394	29.19422144629283	28.782993966938875	28.919589448912657	29.362054205700733	28.866429665321764	28.686250673572577	NA	NA	29.106237617420177	28.94053353240615
P01782	11	IGHV3-9	1.0	sp|P01782|HV309_HUMAN	P01782	HV309_HUMAN	Immunoglobulin heavy variable 3-9	Homo sapiens		29.14800408134957	28.660031027456675	29.537726005425952	29.455176538846324	29.94136590531947	28.87278721956837	28.66879563945859	29.405882707029264	29.659531368978065	29.002073924735758	30.105229022975287	29.561606230679615	28.736237443457984	30.141809421652745	NA	29.226269447697682	29.19169135033849
P01817	1	IGHV2-5	1.0	sp|P01817|HV205_HUMAN	P01817	HV205_HUMAN	Immunoglobulin heavy variable 2-5	Homo sapiens		19.219699773873554	18.182825455060208	NA	NA	NA	NA	19.67761543381384	18.444899914386323	19.542952667698195	19.344341503183205	20.205587474592434	19.45581045373406	NA	NA	NA	19.376110609159202	19.075401828888428
P01833	16	PIGR	1.0	sp|P01833|PIGR_HUMAN	P01833	PIGR_HUMAN	Polymeric immunoglobulin receptor	Homo sapiens		25.453700498579618	25.1156312101966	24.547426547164928	25.852691927554776	25.744781829482378	25.62228294920872	24.646826729572524	25.96290157219031	26.012146195591306	25.89789623030297	24.955923233162984	25.196649612210162	26.470781461394996	NA	28.232102071595104	25.73764562565845	25.69541956073172
P01834	17	IGKC	1.0	sp|P01834|IGKC_HUMAN	P01834	IGKC_HUMAN	Immunoglobulin kappa constant	Homo sapiens		29.686648954648863	29.60127896065454	29.739006222695547	30.38722056387043	30.079016710272963	29.592045273828326	30.07218597765038	29.89947604710745	30.258599071223667	29.953820959666984	30.07077087533181	29.179317896911268	29.413519010479124	28.75101472356195	30.15391215372898	29.512209861479864	29.5646152688847
P01854	1	IGHE	1.0	sp|P01854|IGHE_HUMAN	P01854	IGHE_HUMAN	Immunoglobulin heavy constant epsilon	Homo sapiens		18.747561171828927	17.30454720463976	20.07467626238965	NA	18.939963062258602	NA	NA	NA	19.759296385562042	NA	18.37975066310663	NA	18.329959693247492	NA	NA	NA	NA
P01857	71	IGHG1	1.0	sp|P01857|IGHG1_HUMAN	P01857	IGHG1_HUMAN	Immunoglobulin heavy constant gamma 1	Homo sapiens		31.029994142958795	30.939512172018823	31.029051326320047	31.994563564339998	31.442801438673847	31.03810603790009	31.214140987900777	31.509153368099717	31.144098643643304	31.147371799812664	31.385262642769145	30.474552506499556	30.86278221425981	NA	31.354063133141505	30.973965956666525	30.95026355358442
P01859	17	IGHG2	1.0	sp|P01859|IGHG2_HUMAN	P01859	IGHG2_HUMAN	Immunoglobulin heavy constant gamma 2	Homo sapiens		29.67858383030108	29.473920851690075	29.823539598366064	29.819690056378505	30.481772701526364	29.783576202880948	29.578750989426304	30.66608473307061	29.74450648447566	29.97213581203285	29.992341508970842	28.74844717764141	29.026314688594308	NA	29.12950019918803	29.760196265381857	29.63388239950155
P01860	23	IGHG3	1.0	sp|P01860|IGHG3_HUMAN	P01860	IGHG3_HUMAN	Immunoglobulin heavy constant gamma 3	Homo sapiens		31.4154537631033	32.24626437334768	31.21477434087154	32.0155945292438	32.06434997840173	31.422991763848913	30.614717641126592	30.345759490502406	31.12405425844836	31.91884264425148	32.431790656135924	29.874982002018616	31.010537521849937	31.272301998968043	32.7156153592321	31.406428067335018	31.413882184051566
P01861	17	IGHG4	1.0	sp|P01861|IGHG4_HUMAN	P01861	IGHG4_HUMAN	Immunoglobulin heavy constant gamma 4	Homo sapiens		27.454468695786698	27.058187155631288	27.751728849596205	27.38161806781734	28.017079731972174	27.145448403974424	27.00935987325131	28.04702452079006	27.658072411383785	28.527342110836567	27.43127737204086	27.130670206044563	26.73688497204683	30.616228990323147	27.62100169680538	27.73147564617213	27.656489449728014
P01871	19	IGHM	1.0	sp|P01871|IGHM_HUMAN	P01871	IGHM_HUMAN	Immunoglobulin heavy constant mu	Homo sapiens		31.096269144075595	30.87287114276494	32.41712535340452	31.38317035078797	31.90979268439274	31.73649739132159	29.93503996432587	31.157847009419005	31.296417626309477	31.72763430072019	31.471411177216275	30.469820856908665	30.442971426479573	NA	31.31117155067527	31.144560395969243	31.16418702965223
P01876	31	IGHA1	1.0	sp|P01876|IGHA1_HUMAN	P01876	IGHA1_HUMAN	Immunoglobulin heavy constant alpha 1	Homo sapiens		30.389034043812213	30.049681482736347	30.49023686770495	27.97873361092993	30.869117653188678	29.535465451104102	31.050030956666085	30.519883052420145	31.4241911186153	30.682681916036167	30.682541365819862	30.53107168484572	30.628700450397282	29.5435036943952	NA	30.40999783262296	30.4359729141788
P01877	14	IGHA2	1.0	sp|P01877|IGHA2_HUMAN	P01877	IGHA2_HUMAN	Immunoglobulin heavy constant alpha 2	Homo sapiens		26.78263465636829	24.820992781656944	26.880783193838706	23.60765944880925	26.554470739392425	24.72168629614172	27.85879082415193	26.73819442789494	28.14391107868651	27.028124180484124	27.324159319273903	26.884113375694543	26.880802312602565	27.424725686712332	28.217710327481647	26.90383011441696	26.67277027390006
P01880	8	IGHD	1.0	sp|P01880|IGHD_HUMAN	P01880	IGHD_HUMAN	Immunoglobulin heavy constant delta	Homo sapiens		26.898733283114534	26.975175341372342	25.87812366359022	26.511688509430517	27.29232159273961	24.31790083328759	27.83320451956007	25.992672631880453	28.195579965508553	27.951138345242477	27.824144193885374	26.225603113967484	24.232945528599398	NA	NA	26.72636193723806	26.825915928768087
P01889	1	HLA-B	0.9999	sp|P01889|HLAB_HUMAN	P01889	HLAB_HUMAN	HLA class I histocompatibility antigen, B alpha chain	Homo sapiens		20.648679760097828	20.201100249617145	20.649368661249262	20.22977027889929	20.220659517894966	21.324711088515826	21.235576367801475	21.338024538575986	20.459116261894497	20.490146185328047	20.412782263742002	22.117403265202974	20.34015582796086	20.55170281478429	NA	20.83746248640314	20.856415072003642
P01893	1	HLA-H	0.9821	sp|P01893|HLAH_HUMAN	P01893	HLAH_HUMAN	Putative HLA class I histocompatibility antigen, alpha chain H	Homo sapiens		19.691056647734637	NA	15.31711778065815	15.891015527457327	NA	NA	14.83218762363785	15.973290647374565	NA	18.985124842834676	NA	22.876296771688455	16.257913284568023	19.889573360798448	18.450532437279346	19.35750495744338	18.990560458011302
P02042	5	HBD	1.0	sp|P02042|HBD_HUMAN	P02042	HBD_HUMAN	Hemoglobin subunit delta	Homo sapiens		26.088680343194945	26.19133217474285	25.877065251811857	25.83053392674416	26.182357399946717	25.565455406433347	26.14639643905729	26.151280469578815	26.363597607407744	26.30277109899184	26.776803228510193	26.36715614005986	26.61866806306966	26.03264655714552	NA	26.098695477583046	26.164849457947543
P02452	1	COL1A1	0.9999	sp|P02452|CO1A1_HUMAN	P02452	CO1A1_HUMAN	Collagen alpha-1(I) chain	Homo sapiens		19.165712513425003	NA	NA	NA	19.514029806016634	NA	18.332080257920097	19.48469322934147	NA	NA	NA	NA	NA	NA	NA	NA	NA
P02462	1	COL4A1	0.9988	sp|P02462|CO4A1_HUMAN	P02462	CO4A1_HUMAN	Collagen alpha-1(IV) chain	Homo sapiens		17.728005516621586	16.94711804570582	17.9846623961131	NA	17.083324379332108	18.193848069803874	17.32746546249373	17.52800709414238	NA	NA	NA	NA	18.663936148669745	NA	NA	18.344119482147075	NA
P02533	12	KRT14	1.0	sp|P02533|K1C14_HUMAN	P02533	K1C14_HUMAN	Keratin, type I cytoskeletal 14	Homo sapiens		27.364083820320857	26.75712651811641	27.4257050745696	27.768243241113097	28.538463887907874	26.81624549486425	26.52199008665856	28.46281884188028	27.160802775363617	27.6112346352899	27.04302000505292	27.216269104981766	27.89310802004928	27.14763974874308	27.51474273733923	27.108606234880597	27.42746654670601
P02538	2	KRT6A	0.9962	sp|P02538|K2C6A_HUMAN	P02538	K2C6A_HUMAN	Keratin, type II cytoskeletal 6A	Homo sapiens		21.752081352081273	21.356346775136455	21.757580789236407	21.540781544063652	22.70031559861152	21.20777529115878	20.933911320848505	22.761386404766956	21.033218766797482	22.142441385179605	21.347788300548157	20.837102629133867	21.820301430650602	NA	NA	22.16820342748433	21.719442269459115
P02549	13	SPTA1	1.0	sp|P02549|SPTA1_HUMAN	P02549	SPTA1_HUMAN	Spectrin alpha chain, erythrocytic 1	Homo sapiens		22.176340554095294	22.692291079509705	20.93895623690817	22.225917310556614	22.06231744150129	21.376216588541613	22.0778116078934	22.512065983480284	22.232238441082032	21.745433749703505	22.23481742551012	22.472063352149352	22.04790883703226	NA	NA	22.05484796021788	22.250142606286598
P02647	28	APOA1	1.0	sp|P02647|APOA1_HUMAN	P02647	APOA1_HUMAN	Apolipoprotein A-I	Homo sapiens		30.583752458193366	30.340238990615482	30.690475523381135	30.42248709697145	31.153529369211878	30.96672981863115	30.768634660161307	30.704130604873342	31.144901301805664	30.581240202866063	31.048789518027892	30.381851602344007	31.033324011755965	30.849392970507417	31.027843240852636	30.671568774028056	30.66558947966862
P02649	19	APOE	1.0	sp|P02649|APOE_HUMAN	P02649	APOE_HUMAN	Apolipoprotein E	Homo sapiens		30.852470478793567	30.169569785174666	30.89625335156548	30.657014227415363	31.33547604210672	31.55365104081411	31.07627373722232	31.92263610590181	30.600034517819658	31.864909762020993	30.477218962210834	29.677695388333124	31.06475451608307	NA	30.554113837629217	30.932776838257933	30.92957492854649
P02652	5	APOA2	0.9996	sp|P02652|APOA2_HUMAN	P02652	APOA2_HUMAN	Apolipoprotein A-II	Homo sapiens		27.166162121954944	26.789494499797378	27.150025719725875	27.187928613522793	27.362460824548002	27.59189241240686	27.414662468677122	27.206086337787248	27.69622653525999	27.258324011645175	27.57756892005327	27.06603371407481	27.562248297032475	NA	NA	27.29362634387541	27.164085192148566
P02654	6	APOC1	0.9991	sp|P02654|APOC1_HUMAN	P02654	APOC1_HUMAN	Apolipoprotein C-I	Homo sapiens		27.826249549478973	27.88008688161107	27.688124003251207	27.729755943387335	28.315892874662026	28.152214822595337	28.062478690645314	28.270526086231232	28.076236967020552	28.55211460128935	27.731420844577205	27.459387803480528	27.593958033615603	NA	NA	27.617376298953786	27.816357855937614
P02655	6	APOC2	1.0	sp|P02655|APOC2_HUMAN	P02655	APOC2_HUMAN	Apolipoprotein C-II	Homo sapiens		30.588593019896738	31.067126757171486	29.967593270460558	30.93853664292869	30.56301411368214	30.601794238173312	31.314905712771694	31.226947482372545	29.767216270779766	31.42478602688925	29.997716564099917	29.926072791050995	29.62981397888681	NA	NA	30.406743991384868	30.449466111471633
P02656	12	APOC3	1.0	sp|P02656|APOC3_HUMAN	P02656	APOC3_HUMAN	Apolipoprotein C-III	Homo sapiens		30.59383676768122	31.21305171298565	30.075540185118236	30.73292746871316	30.76625823961388	31.138470498964526	31.09794902472364	31.10111264649998	30.264311288045974	31.2241518122868	30.3247822683286	29.868113109803247	30.05729025967403	NA	29.873569190866757	30.492130269644218	30.527166015198745
P02671	16	FGA	1.0	sp|P02671|FIBA_HUMAN	P02671	FIBA_HUMAN	Fibrinogen alpha chain	Homo sapiens		29.772008936511913	29.808198828330994	29.52942571662225	30.354502120850015	30.164789812424722	30.253123237658272	29.767546152968936	29.321182312073713	29.772008936511913	30.08935580183099	30.000474585774185	29.675886069978908	30.204987313261654	NA	32.28342222552782	29.94466889348201	29.83509201725668
P02675	25	FGB	1.0	sp|P02675|FIBB_HUMAN	P02675	FIBB_HUMAN	Fibrinogen beta chain	Homo sapiens		30.841063635889192	30.912716014198743	30.924492385504127	31.477316720717354	31.10802688951923	31.159050929271455	30.833263328736173	30.611014813018365	30.880424654460334	31.137448324799596	31.114859690050245	30.61439941062047	31.359424512855252	30.78827402264078	31.833361430149616	30.8738848643041	30.913982575806493
P02679	25	FGG	1.0	sp|P02679|FIBG_HUMAN	P02679	FIBG_HUMAN	Fibrinogen gamma chain	Homo sapiens		30.356352756677655	30.428646324066065	30.441462193238124	30.96840790180677	30.568065482698263	30.72560884580199	30.394296106696796	30.11050687366077	30.416995951943814	30.71171791907972	30.55638888748575	30.10164217539844	30.884868288342826	NA	29.793734097325736	30.42556071795088	30.347262037980382
P02730	7	SLC4A1	1.0	sp|P02730|B3AT_HUMAN	P02730	B3AT_HUMAN	Band 3 anion transport protein	Homo sapiens		24.949151113161946	25.754104523677444	23.48322886188519	25.255008642480735	24.38463835701582	24.297596719613203	24.796213662434358	25.41630435145205	25.209778985507533	24.45086317861197	25.13579308853477	25.197130673642658	24.91731724662576	25.352338958375608	NA	24.99382706612281	24.746552415519062
P02741	3	CRP	0.9986	sp|P02741|CRP_HUMAN	P02741	CRP_HUMAN	C-reactive protein	Homo sapiens		25.6343338714528	25.035146364480873	27.37343209638375	24.062964266277966	26.301837932611374	24.431736408872748	24.663298588033204	25.318755316992227	27.015548972354697	25.135504467919073	24.810869592197353	24.216351761968184	24.02913641971104	NA	NA	25.97352383402145	25.60847291877487
P02743	11	APCS	1.0	sp|P02743|SAMP_HUMAN	P02743	SAMP_HUMAN	Serum amyloid P-component	Homo sapiens		30.429112104287537	30.670384887538056	31.12536691764602	30.346996991820593	30.77828124578273	30.64288270736046	30.768337324136017	30.77302581071711	30.62781937004988	31.104067964232872	30.47693524528785	30.186047063679055	29.596865945548483	NA	30.021698865780184	30.50736220669571	30.256062049521763
P02745	2	C1QA	0.9982	sp|P02745|C1QA_HUMAN	P02745	C1QA_HUMAN	Complement C1q subcomponent subunit A	Homo sapiens		25.527091474782555	25.25214308520302	26.29094674233839	25.717467056444704	24.87510902770786	25.890164231547452	25.561402753146854	25.611491365975542	25.7570815887191	26.05051674695043	25.953614441340843	24.98020740322431	26.055450711913284	NA	NA	25.62871480725921	25.823726913602787
P02746	9	C1QB	1.0	sp|P02746|C1QB_HUMAN	P02746	C1QB_HUMAN	Complement C1q subcomponent subunit B	Homo sapiens		29.646585585607475	29.385420422053297	30.426577130345457	29.835239631898133	29.784957326423374	30.264477648759065	29.665100429515178	29.522931807378857	29.890641493357908	30.061452025420884	30.291464911537144	29.268354314987565	30.200899632952435	NA	29.335780042205457	29.650309057129096	29.541582196402462
P02747	5	C1QC	1.0	sp|P02747|C1QC_HUMAN	P02747	C1QC_HUMAN	Complement C1q subcomponent subunit C	Homo sapiens		29.432823569734452	29.115585417926113	30.038337688939674	29.740733457851277	29.65391235703163	30.323117027429024	29.247380876156246	29.44223686150098	29.377473762022053	29.632553108174847	29.76788763131825	29.155263871515572	29.513841690664666	NA	NA	29.53762802166648	29.593584269162573
P02748	24	C9	1.0	sp|P02748|CO9_HUMAN	P02748	CO9_HUMAN	Complement component C9	Homo sapiens		29.170931648850658	29.19935981331216	30.283238140886983	29.375025680855117	29.581201114265298	29.299103194080107	29.403850716878008	28.94777605601136	29.666224144181736	29.2628087791733	29.401796163258307	28.891572886127268	28.853053423216558	NA	NA	29.174082219563434	29.170543810961327
P02749	18	APOH	1.0	sp|P02749|APOH_HUMAN	P02749	APOH_HUMAN	Beta-2-glycoprotein 1	Homo sapiens		29.88454976600896	29.86675000418329	30.034643403314586	30.18393994908808	30.252967228377628	30.277674687762477	30.03674798550662	29.951907390879313	30.112862581145134	30.105234658709378	30.21702450898286	29.68092075549067	30.171411588740117	NA	31.699668147693718	29.882709632145705	29.73329013302706
P02750	11	LRG1	1.0	sp|P02750|A2GL_HUMAN	P02750	A2GL_HUMAN	Leucine-rich alpha-2-glycoprotein	Homo sapiens		28.553220840845057	28.244595634781387	29.622466626645416	28.340920676901565	29.266856925836684	29.37980827525835	28.69791161107604	28.294850362735787	29.465228872751194	28.193726329491902	28.692237718160897	27.957484199680078	28.478527408017634	NA	29.060673175739556	28.67218041599308	28.515805915237674
P02751	24	FN1	1.0	sp|P02751|FINC_HUMAN	P02751	FINC_HUMAN	Fibronectin	Homo sapiens		30.061340065614147	29.7034458088682	28.000553053727625	30.87166396183764	28.558343928151928	30.54779451171262	29.674127384311188	28.94488758670709	29.209866784002372	30.102120955472124	30.850480630964604	29.175876120718954	31.77072436483407	NA	31.796139971838624	30.384313218156816	30.412774253625713
P02753	15	RBP4	1.0	sp|P02753|RET4_HUMAN	P02753	RET4_HUMAN	Retinol-binding protein 4	Homo sapiens		28.640684035128146	28.698552238595436	28.854132664919742	28.993831597462687	28.83891048017707	29.041708728031715	28.944741184334646	28.71601665250134	29.039914636746072	28.81381575170347	29.068455191472694	28.372974156532276	28.870431158292593	27.698763540870114	28.985907995447636	28.687487783820448	28.63248536264095
P02760	17	AMBP	1.0	sp|P02760|AMBP_HUMAN	P02760	AMBP_HUMAN	Protein AMBP	Homo sapiens		30.07377468585344	29.910056887874298	30.601658516560356	30.00202339276293	30.36748535498101	30.249780107574672	30.255089670915474	29.829275050562554	30.708910656589882	30.352538364905442	30.468174273664935	29.900786596594017	30.3564252229488	NA	30.076259621304747	30.137293141701992	30.099899660551888
P02763	28	ORM1	1.0	sp|P02763|A1AG1_HUMAN	P02763	A1AG1_HUMAN	Alpha-1-acid glycoprotein 1	Homo sapiens		31.032222776740774	31.19788037495999	32.10761689458495	31.248677269656422	31.086350568703878	31.458026236563594	30.837924066643172	31.12004510541254	31.691895207189674	31.4053380806854	31.005924638808114	31.034037668208036	30.35934922398483	31.12167874722865	31.263614510402004	30.935864949047442	30.8978785640092
P02765	17	AHSG	1.0	sp|P02765|FETUA_HUMAN	P02765	FETUA_HUMAN	Alpha-2-HS-glycoprotein	Homo sapiens		30.708214359510716	30.600915353426714	30.294578478109404	30.776815094868283	30.723931421423558	31.15818461221037	30.630022243610654	31.025253134349644	31.021552629100132	31.045335429341876	31.03604021415864	30.26816881418464	31.439407752565593	NA	32.03241892573069	30.7041935753948	30.742663859964246
P02766	21	TTR	1.0	sp|P02766|TTHY_HUMAN	P02766	TTHY_HUMAN	Transthyretin	Homo sapiens		29.456623844613055	29.105259185081646	30.04106255183824	29.673789531335068	29.733683872162274	29.831569114286058	29.828278543421693	29.384352781959137	29.713573640327525	30.02616227495035	29.757814253770018	29.505419517363233	29.44844109758795	NA	29.205321650057183	29.500556376669877	29.281057918326642
P02768	43	ALB	1.0	sp|P02768|ALBU_HUMAN	P02768	ALBU_HUMAN	Albumin	Homo sapiens		31.29982172238757	31.25817137833497	31.54875082174714	31.362224118857107	31.55907058677883	31.651023684586143	31.496678235992693	31.159672228373456	31.95286397610402	31.597377573845485	31.691008096191545	30.929408122842734	31.461078724142155	30.63569119400346	31.58216896772137	31.363487377552183	31.330168186840538
P02774	32	GC	1.0	sp|P02774|VTDB_HUMAN	P02774	VTDB_HUMAN	Vitamin D-binding protein	Homo sapiens		31.505341665954223	31.202037144310424	32.06381957244213	31.656742383944977	31.953401720531815	32.00261895030313	31.78821333864439	31.61239005753086	31.82604073023779	31.830627789471002	31.87344278599001	31.057442550772315	31.793912982055176	31.021367732190242	32.02030645720761	31.598676613667315	31.5700547741491
P02775	1	PPBP	1.0	sp|P02775|CXCL7_HUMAN	P02775	CXCL7_HUMAN	Platelet basic protein	Homo sapiens		21.373991027894068	22.358200495026242	21.1803415221802	20.39987251081307	21.31575601900359	19.074590159929592	21.014014621610787	21.226834115646295	20.680442956785637	22.410815783794472	20.877153769079957	22.514466236618315	19.734233523324857	NA	NA	21.58694999465261	21.40006163757716
P02776	1	PF4	0.9198	sp|P02776|PLF4_HUMAN	P02776	PLF4_HUMAN	Platelet factor 4	Homo sapiens		17.070153296909837	17.958284778071935	15.939608145046959	16.866289314981504	17.1974976369594	15.700657871587834	16.670073146794117	16.41968330178616	16.789365435429605	17.911258109509493	16.563307890174165	18.389772825885444	15.954568852936244	NA	NA	17.336649426108554	16.863803843493972
P02786	10	TFRC	1.0	sp|P02786|TFR1_HUMAN	P02786	TFR1_HUMAN	Transferrin receptor protein 1	Homo sapiens		25.3875974886241	24.95233771305943	26.808462250253474	25.49733318820287	25.56026437458584	25.536211667760913	25.724569407399812	25.5824243564485	25.548849907602417	25.39381870264572	25.69293217079387	24.99637280511843	25.778943919067263	NA	NA	25.30953499717826	24.953267470557257
P02787	21	TF	1.0	sp|P02787|TRFE_HUMAN	P02787	TRFE_HUMAN	Serotransferrin	Homo sapiens		30.03885072915529	30.12682045405217	30.03522448936217	30.46785143463422	30.3890193410618	30.233653303259086	30.183015539243147	30.12709216416099	30.307578834125724	30.365919788975894	30.543799452384995	29.65711450500909	29.987108886037284	NA	NA	30.10158250064088	30.191489012516147
P02788	6	LTF	1.0	sp|P02788|TRFL_HUMAN	P02788	TRFL_HUMAN	Lactotransferrin	Homo sapiens		22.689820491825856	22.063375613429287	23.153260807219407	22.86931957861861	22.718368377670615	22.965103620667293	22.22480133071459	22.944530338060808	23.79703516165508	22.900543147759898	23.13042670548814	22.330704494277718	22.88663851856408	22.230377047118324	23.144875725381944	23.149397339172307	23.128187916950726
P02790	10	HPX	0.9999	sp|P02790|HEMO_HUMAN	P02790	HEMO_HUMAN	Hemopexin	Homo sapiens		29.680300851009005	29.595961442019366	30.377559578831146	29.970710700201906	29.947963041239966	30.181729597585527	29.446135146012676	29.755471599990052	29.87449015645756	29.86569734917135	30.095693757052977	29.622688781244058	29.836575366475323	NA	NA	29.77798877515732	29.68829857766493
P02792	1	FTL	1.0	sp|P02792|FRIL_HUMAN	P02792	FRIL_HUMAN	Ferritin light chain	Homo sapiens		20.117189381076546	19.17275280760103	20.042380883508066	20.06349836962384	19.390508375201403	21.41552461945873	20.38689591721812	18.672992130436434	19.63773811902869	20.77828937152279	20.732628808419747	19.8854715621232	21.995730364538638	NA	20.851230590292094	20.058132892955463	20.382140165978434
P02794	1	FTH1	0.9971	sp|P02794|FRIH_HUMAN	P02794	FRIH_HUMAN	Ferritin heavy chain	Homo sapiens		17.9065979713585	17.765163348943076	17.442669608254857	18.08433564962783	17.98445075809901	17.62313112216882	18.59556880726623	17.02328473431536	17.367820163367494	18.507289791509265	17.74096391936925	18.329633232218637	19.121392977054864	NA	NA	18.033012818772523	17.664313284867383
P03951	15	F11	0.9999	sp|P03951|FA11_HUMAN	P03951	FA11_HUMAN	Coagulation factor XI	Homo sapiens		27.286064546495822	27.680432550466033	27.41478227021802	27.43827489997189	27.406945820766992	27.547043008556333	27.73889084650839	27.114272229340447	27.379189315544643	27.89529691073659	27.64767175542989	26.385831833313695	26.95007905121203	29.547097823336756	30.770968894392514	27.16300353001509	27.26493406192385
P03952	22	KLKB1	1.0	sp|P03952|KLKB1_HUMAN	P03952	KLKB1_HUMAN	Plasma kallikrein	Homo sapiens		28.965969768311425	29.419604815695404	28.997247849866014	29.17654545568897	29.037244317367062	29.287022845541237	29.246513186346007	28.979719651206562	29.225158333155896	29.231443744504812	29.304152021348667	28.60157704945219	28.675359410936785	27.680701835095757	30.302247211860582	28.990338078896716	28.906371313880975
P03973	2	SLPI	0.9892	sp|P03973|SLPI_HUMAN	P03973	SLPI_HUMAN	Antileukoproteinase	Homo sapiens		20.2736871408219	20.17838803730475	20.170659594738147	20.650576577137432	20.674844795388204	20.020570902416566	19.82496560026216	20.636670490864418	20.83975720915776	20.731420925199807	20.248128839801094	19.645245497621392	20.029066136214652	NA	NA	20.654168667448182	20.966289582999725
P04003	24	C4BPA	1.0	sp|P04003|C4BPA_HUMAN	P04003	C4BPA_HUMAN	C4b-binding protein alpha chain	Homo sapiens		29.75301791863718	29.922059333896456	30.39557702618727	29.881057290308533	30.056072210144016	30.380501824249585	29.726248449486846	30.003863944108737	29.852122996740068	30.24352266050117	29.697280030639867	29.389705115563647	29.805329023506218	31.61375703684771	28.7965598469239	29.762847938774428	29.76763814843421
P04004	25	VTN	1.0	sp|P04004|VTNC_HUMAN	P04004	VTNC_HUMAN	Vitronectin	Homo sapiens		30.156843757451426	30.389761343157964	30.344663394882627	30.250491030994002	30.24540553680551	30.26990540949792	30.13929764007276	30.33660293836591	30.4239810910597	30.552222880683967	30.510595436023994	29.85088731184109	30.586594372080256	29.6525402903061	30.15435882200012	30.157026955794457	30.15146654159183
P04040	8	CAT	1.0	sp|P04040|CATA_HUMAN	P04040	CATA_HUMAN	Catalase	Homo sapiens		23.696030037145523	23.842291671066963	23.798221727538657	23.65137375265908	23.76267992741815	23.253658153990422	23.64089546961522	23.843940238954787	23.902112521578683	23.630652060022054	23.58421606604905	23.984834866747782	24.2675922385087	NA	25.199946719406654	23.665733583986505	23.905376101818742
P04062	1	GBA1	0.9987	sp|P04062|GBA1_HUMAN	P04062	GBA1_HUMAN	Lysosomal acid glucosylceramidase	Homo sapiens		18.025321813028334	17.90064528301266	16.051024303309774	18.50032641786752	17.965584924725313	18.02225518548599	18.089164737223474	17.933245594761157	17.960456049238207	17.88004916961478	18.51051404077335	17.99774380555587	19.522494219822583	NA	NA	17.835455490201774	18.03638038521384
P04066	3	FUCA1	0.9859	sp|P04066|FUCO_HUMAN	P04066	FUCO_HUMAN	Tissue alpha-L-fucosidase	Homo sapiens		21.89105138031856	20.284735553896404	NA	21.671357963365924	21.468201124899426	22.573603188041098	21.39848233073537	23.665136036133504	20.77650242631702	21.621135898782068	20.73860577328777	19.918523896849244	22.422193917619765	NA	NA	21.82826528824208	21.502695061928605
P04070	2	PROC	1.0	sp|P04070|PROC_HUMAN	P04070	PROC_HUMAN	Vitamin K-dependent protein C	Homo sapiens		23.456248457976177	23.45602390773664	24.00938570184996	23.5894672539055	23.277496357689365	24.01430839450855	23.81191629280624	23.397021388953902	23.946142161876978	24.000585121212026	23.462039117189267	22.859564746398725	23.538891311607543	NA	22.978542744525328	23.553017462566658	24.07399091011477
P04075	12	ALDOA	1.0	sp|P04075|ALDOA_HUMAN	P04075	ALDOA_HUMAN	Fructose-bisphosphate aldolase A	Homo sapiens		25.96120384082403	26.88296799202372	26.01091541448563	25.657329539527762	24.765747606831795	25.160118032552944	26.124781578204313	26.05478953078453	25.396180530158635	25.246264929668484	25.05796149380802	27.21828289866509	24.88156507349139	NA	26.013417264580216	26.097434336572196	25.986963169645808
P04083	2	ANXA1	0.997	sp|P04083|ANXA1_HUMAN	P04083	ANXA1_HUMAN	Annexin A1	Homo sapiens		20.3068989385949	NA	21.462093611746866	NA	19.897771190283244	NA	18.152015497432753	19.011476512487864	22.556942666941566	19.44336204350206	19.466093332836387	19.21375949055334	18.414299274927657	NA	NA	19.645180502728078	19.37688181345012
P04114	36	APOB	1.0	sp|P04114|APOB_HUMAN	P04114	APOB_HUMAN	Apolipoprotein B-100	Homo sapiens		30.78842259633074	30.66125255325323	30.994018960046912	30.666358639679444	31.052114095172993	31.139756298591653	30.86727755160322	31.235547405697186	30.964292870023	31.618438670807887	31.034468373933667	30.39828228069224	30.966041990990863	NA	30.185808589523184	30.71122787003277	30.762594247419216
P04179	2	SOD2	0.9999	sp|P04179|SODM_HUMAN	P04179	SODM_HUMAN	Superoxide dismutase [Mn], mitochondrial	Homo sapiens		21.290205394366673	21.560022571993247	20.12982470953767	21.103908177205835	20.252302679264137	20.453702091315574	21.813312852357978	20.862785046695983	20.434029043581926	21.046911889311993	20.433594224916366	23.10028840184906	21.06878025533861	NA	NA	21.60295029213709	21.556165554986208
P04180	6	LCAT	1.0	sp|P04180|LCAT_HUMAN	P04180	LCAT_HUMAN	Phosphatidylcholine-sterol acyltransferase	Homo sapiens		25.863639597321747	25.907629235182473	26.221327642105248	26.18421030604853	26.136808911886735	26.208353215922184	25.95196180159053	26.036771787667515	25.68065381245914	26.226739637224917	26.39888480193533	25.331149836837316	26.011711254771377	NA	25.80949043227176	25.722684804408466	25.960027918702536
P04196	22	HRG	1.0	sp|P04196|HRG_HUMAN	P04196	HRG_HUMAN	Histidine-rich glycoprotein	Homo sapiens		29.643974054498177	29.761750161914424	29.31865287414319	29.74100025014692	30.355100923316026	30.247841022901852	29.965655711465264	29.39585062409588	29.805730069094523	29.92613879646232	29.868656020069597	28.799382363357683	30.37935655131529	NA	29.680472989806383	29.755149035863095	29.647727282990118
P04217	23	A1BG	1.0	sp|P04217|A1BG_HUMAN	P04217	A1BG_HUMAN	Alpha-1B-glycoprotein	Homo sapiens		30.520751809289532	30.430383140154806	30.964893453521587	30.791947540503905	30.64967791702523	31.019480964237523	30.63880459293692	30.411903599103237	30.812734244388686	30.66115406661727	30.9119127720788	30.409466541478103	30.798855078499493	NA	29.87165226383785	30.583662263109478	30.52870103013298
P04264	33	KRT1	1.0	sp|P04264|K2C1_HUMAN	P04264	K2C1_HUMAN	Keratin, type II cytoskeletal 1	Homo sapiens		30.88286570224047	30.403498823075257	30.612336709047796	31.656103343843707	31.767088671138193	30.972562315029414	30.08838844781706	31.596268857927342	30.40250538116437	29.869606327152642	30.845780437530816	31.210509979999596	31.522064468788866	29.270588727476436	NA	30.95891091185032	30.96237694487817
P04275	27	VWF	1.0	sp|P04275|VWF_HUMAN	P04275	VWF_HUMAN	von Willebrand factor	Homo sapiens		26.319010633985158	25.366392721896514	25.32151008999671	26.652255847140516	25.281165578233445	27.340542553335997	26.852179410832328	25.33496202922963	25.27707989791726	25.556703507823862	25.71475894333641	26.204859965895153	27.62644337234233	26.115414582660772	26.77641252691709	26.819971960021814	26.78924248968548
P04278	6	SHBG	0.9998	sp|P04278|SHBG_HUMAN	P04278	SHBG_HUMAN	Sex hormone-binding globulin	Homo sapiens		25.91425707916749	25.19172593726322	26.1912215385513	25.62892370851273	26.855909775117695	27.247051608253898	25.96498505891595	25.609100840028354	26.475172906098557	26.05742840730144	25.820373611620067	25.53244252826036	26.565507451525868	25.17677361322391	NA	26.043904061895834	26.172516613209297
P04406	13	GAPDH	1.0	sp|P04406|G3P_HUMAN	P04406	G3P_HUMAN	Glyceraldehyde-3-phosphate dehydrogenase	Homo sapiens		25.838878396077565	26.729755095663734	25.77077683440726	25.85695042682707	24.613656303075658	24.138228365237946	25.70562659211627	25.875663670775403	26.06145200728385	25.268664295080157	24.60969068179964	27.299880802280285	24.955169805423306	25.724641361690395	24.356501077498354	25.864944551168822	25.856794135370954
P04424	1	ASL	0.9856	sp|P04424|ARLY_HUMAN	P04424	ARLY_HUMAN	Argininosuccinate lyase	Homo sapiens		19.83853753549462	19.381488664287602	19.227460336801155	19.19325912493592	18.24937296859927	19.02443747456616	18.782362582572247	20.44121254718326	18.0748810350188	19.917799663801823	19.140047084845808	19.520738030069687	22.245753798658356	NA	NA	20.132874731169792	20.060221213374543
P04430	1	IGKV1-16	0.9988	sp|P04430|KV116_HUMAN	P04430	KV116_HUMAN	Immunoglobulin kappa variable 1-16	Homo sapiens		22.6374119163763	23.166182833796906	23.138743259865606	22.827921924996264	23.049363855072805	22.112565376196606	22.83856817584552	23.27552500762686	23.15552285188625	22.572778903767436	23.03512165536984	22.730740200132686	22.1117833846275	21.689888615541843	NA	22.440938018826298	22.739742775089493
P04433	4	IGKV3-11	0.9985	sp|P04433|KV311_HUMAN	P04433	KV311_HUMAN	Immunoglobulin kappa variable 3-11	Homo sapiens		28.947865370620352	29.349898549791305	29.189941107959694	28.560094727641342	29.645314682655723	29.130144965755704	29.118276213093633	29.11276931479126	28.933872099972554	28.97467809101395	28.50666255276826	28.559438550895972	27.992864490607563	NA	NA	29.182281007308394	29.075636368699247
P04439	2	HLA-A	0.9981	sp|P04439|HLAA_HUMAN	P04439	HLAA_HUMAN	HLA class I histocompatibility antigen, A alpha chain	Homo sapiens		21.887402564202343	21.33203844299928	20.52602417179402	22.144916355205115	21.055665004615225	21.248348057667727	21.916267615609314	21.66920178543118	21.58975514688438	20.48641076497113	21.263446831770118	23.220424976181086	23.66377892429017	NA	22.766508171471752	22.114952073361433	22.216569313725582
P04632	3	CAPNS1	1.0	sp|P04632|CPNS1_HUMAN	P04632	CPNS1_HUMAN	Calpain small subunit 1	Homo sapiens		22.237441497595906	23.03213325327229	22.185352147951793	21.826539591151445	20.99787578260918	21.264452260089826	22.467161146692863	22.310530717741702	21.45640391907412	21.79601640348316	21.450912922973604	23.409383512377477	21.436299331281585	21.367738939252742	NA	22.174419350922335	22.771039664781206
P04792	4	HSPB1	0.9999	sp|P04792|HSPB1_HUMAN	P04792	HSPB1_HUMAN	Heat shock protein beta-1	Homo sapiens		23.37379792777159	24.38647060523948	21.79048184981525	23.489463799512173	22.145493962021543	21.328730097225915	23.443068604510557	22.993905824596748	21.952069694823606	22.54639925272113	21.05910277555209	24.903733896324248	22.39074103641087	23.644542023204334	NA	23.311205007265166	23.26181569663043
P04899	2	GNAI2	0.9981	sp|P04899|GNAI2_HUMAN	P04899	GNAI2_HUMAN	Guanine nucleotide-binding protein G(i) subunit alpha-2	Homo sapiens		20.65459796236981	21.484196232132625	19.086962903164054	20.99063608797766	19.30124879036747	18.996294212339006	21.290834681283272	19.984751774010963	20.405009099950487	20.266548634784268	19.110186414321692	22.618115186629982	18.83150446084506	21.1598639194158	19.719685566867486	20.936592798130945	20.730799927817547
P05062	9	ALDOB	1.0	sp|P05062|ALDOB_HUMAN	P05062	ALDOB_HUMAN	Fructose-bisphosphate aldolase B	Homo sapiens		24.553559916527107	23.57791063615318	23.062412002721636	23.65216369365589	23.131344998277253	24.207469609120512	22.788803982046765	25.940627580306746	22.9763814206942	24.93781239255559	24.780948493290175	22.625542612500286	26.81243373741891	NA	26.231289743351162	24.374957462388803	24.31929815818015
P05067	2	APP	0.9998	sp|P05067|A4_HUMAN	P05067	A4_HUMAN	Amyloid-beta precursor protein	Homo sapiens		20.672511041062727	21.364102578294656	20.275388629922215	20.21934746404349	20.859324116554625	19.53631073261743	19.925016912787076	20.116946095380538	19.602757876628615	21.311172733790233	20.07306874612648	21.510624295796163	19.286227150113977	NA	NA	20.770353065389262	20.906115175088836
P05089	1	ARG1	0.9575	sp|P05089|ARGI1_HUMAN	P05089	ARGI1_HUMAN	Arginase-1	Homo sapiens		17.515275828284157	17.06891589466225	18.338940807753236	18.64742024932351	18.23755030995898	16.969381419035784	16.558580730786645	17.24999373827021	17.633046375323772	16.85727828683841	18.36352700222308	17.70932362451544	18.416442518210264	NA	18.48010465726986	17.88714276601278	18.085708331479008
P05090	8	APOD	1.0	sp|P05090|APOD_HUMAN	P05090	APOD_HUMAN	Apolipoprotein D	Homo sapiens		30.087103241414727	30.036353585497984	30.52505154716228	30.34389059857699	30.643142603960797	30.611291882430034	30.42256900228044	29.84886348875645	30.70973633721245	30.124257542235764	30.206527878968068	29.7456889717549	30.25884117411105	NA	NA	30.023763645555782	30.083352712614538
P05106	14	ITGB3	1.0	sp|P05106|ITB3_HUMAN	P05106	ITB3_HUMAN	Integrin beta-3	Homo sapiens		26.330220627032187	27.025121312014942	24.476292654053516	26.303989048356286	23.711317211316864	24.283451291755163	26.691702168676276	25.490092968525307	24.45072938014003	26.146130419366052	24.535839099888275	28.151141678607456	23.508604029515773	26.954406539837677	25.418891574244682	26.397459578602046	26.46074179707194
P05109	6	S100A8	0.9993	sp|P05109|S10A8_HUMAN	P05109	S10A8_HUMAN	Protein S100-A8	Homo sapiens		27.480071557380374	25.587124503533012	29.528942677707676	25.28407919748244	28.049175764565938	25.787020142326842	25.64467968906117	25.4901486672082	30.42912292980442	25.26675921179118	26.35759834223401	24.758831064573663	26.898630380162608	27.74418952372977	26.94530079493019	27.609479649610623	27.321181160095442
P05121	2	SERPINE1	0.9839	sp|P05121|PAI1_HUMAN	P05121	PAI1_HUMAN	Plasminogen activator inhibitor 1	Homo sapiens		20.096850430215436	20.78001130216646	19.146227448985435	20.168672187957473	19.702428873856576	18.62010602984827	19.773650639114212	20.882822519811505	18.71851059800309	20.925968546859934	20.289686882128986	20.570062811977852	20.214801696408607	NA	NA	19.913252308483035	19.948290970662768
P05154	7	SERPINA5	1.0	sp|P05154|IPSP_HUMAN	P05154	IPSP_HUMAN	Plasma serine protease inhibitor	Homo sapiens		25.990564347286284	25.84654871797347	25.502198061174592	26.71367678444761	26.262809678432927	26.45040182824728	26.36936788079927	26.359887829452	25.985453991504922	26.143747085768815	26.23663446801298	25.490456545738105	26.273279813675643	NA	NA	25.901163884524227	25.920887652603913
P05155	22	SERPING1	1.0	sp|P05155|IC1_HUMAN	P05155	IC1_HUMAN	Plasma protease C1 inhibitor	Homo sapiens		30.725235690177502	30.6522710574652	31.472718701716754	30.71408594317628	31.095262611378967	31.300698426044153	30.943683600019785	30.711665211711527	30.916983221880933	31.096130701275477	30.882546359680642	30.421449962834657	30.847997732326416	NA	29.235702150932855	30.797408349178866	30.84223690451816
P05156	22	CFI	1.0	sp|P05156|CFAI_HUMAN	P05156	CFAI_HUMAN	Complement factor I	Homo sapiens		30.15044574196064	30.344104767789652	30.572484702047586	30.31116222109463	30.313960833875072	30.421093720817634	30.26890882407102	30.313905635246403	30.242322649525715	30.616727530152623	30.374401512384516	29.754986155069524	30.310806976387152	NA	NA	30.139387307229992	30.13290449029887
P05160	22	F13B	1.0	sp|P05160|F13B_HUMAN	P05160	F13B_HUMAN	Coagulation factor XIII B chain	Homo sapiens		27.262235588658097	27.38219746153545	26.799516126370822	27.912670517484592	27.70173163823005	27.684807583382614	27.628843093072632	27.521010539849406	27.41332944532774	27.546177753696266	27.496545237724266	26.71715780093907	27.302298736463317	NA	26.809006967418593	27.334470892950083	27.357050158620208
P05362	3	ICAM1	1.0	sp|P05362|ICAM1_HUMAN	P05362	ICAM1_HUMAN	Intercellular adhesion molecule 1	Homo sapiens		22.428673032952286	22.263484733185688	22.85065809557984	22.6689574280026	22.347783825952288	22.773891641027493	22.119991417732674	22.70978081669955	22.99877782845565	22.347582936188523	22.33872986355929	21.885918053699225	23.69932372127995	NA	NA	22.354787828572626	22.5731352960856
P05452	7	CLEC3B	1.0	sp|P05452|TETN_HUMAN	P05452	TETN_HUMAN	Tetranectin	Homo sapiens		27.74832716558357	27.4135819070533	28.213515638673	27.905470545246704	28.03899353208009	28.70714438734804	27.722168944334094	27.57501119090449	28.09269365256966	28.121103749455067	28.289238587712223	27.118488759529473	27.900870360177127	NA	NA	27.817990933013522	27.81038303501805
P05543	11	SERPINA7	1.0	sp|P05543|THBG_HUMAN	P05543	THBG_HUMAN	Thyroxine-binding globulin	Homo sapiens		28.39128267149356	28.48964136923675	28.224549301616435	28.510651903752596	28.57566095177892	28.94007144620059	28.290047409269864	28.208842937506223	28.913335567279248	28.65673505538236	28.88703214568709	28.252113836115452	28.8332622051375	NA	27.583718293588333	28.44112219710171	28.378350126498685
P05546	17	SERPIND1	1.0	sp|P05546|HEP2_HUMAN	P05546	HEP2_HUMAN	Heparin cofactor 2	Homo sapiens		28.39448338640982	28.749321655130164	28.68868829620242	28.570824869928295	27.895024108137044	28.490021289309915	27.905948222198067	28.035080508988088	28.67490348628253	29.13819398009371	28.807704914651	28.67970822769579	28.08308234766726	NA	NA	28.29428977370673	28.07003043329394
P05556	5	ITGB1	0.9999	sp|P05556|ITB1_HUMAN	P05556	ITB1_HUMAN	Integrin beta-1	Homo sapiens		22.78699529366115	22.8669850981792	22.264762415461856	23.01165508756271	22.572587559530074	23.047720658737997	22.731268111412184	22.918459649331517	22.621925948765643	22.749393928250544	22.16319943312775	23.497406876092864	23.033969301388602	NA	NA	23.040694830134036	23.091386132986585
P06241	1	FYN	0.9777	sp|P06241|FYN_HUMAN	P06241	FYN_HUMAN	Tyrosine-protein kinase Fyn	Homo sapiens	sp|P07947|YES_HUMAN	19.068917235495547	18.029664818559237	NA	NA	NA	NA	NA	17.96623290435107	NA	NA	NA	19.670231686134272	NA	NA	NA	NA	NA
P06276	10	BCHE	1.0	sp|P06276|CHLE_HUMAN	P06276	CHLE_HUMAN	Cholinesterase	Homo sapiens		27.193437674673472	27.418111613027154	27.155416298064985	27.028906541966084	26.450838785915302	27.643149010604503	27.197110260190353	27.455727737974435	28.071646552228515	27.594698920603804	27.58020447990563	26.707700311360686	27.497242160589288	NA	NA	27.157022684550792	26.946780560802015
P06310	1	IGKV2-30	0.9219	sp|P06310|KV230_HUMAN	P06310	KV230_HUMAN	Immunoglobulin kappa variable 2-30	Homo sapiens		20.96824631707571	19.461905429601238	NA	NA	NA	NA	21.12829114720739	20.829440257571694	NA	NA	NA	NA	NA	NA	NA	NA	NA
P06312	8	IGKV4-1	0.999	sp|P06312|KV401_HUMAN	P06312	KV401_HUMAN	Immunoglobulin kappa variable 4-1	Homo sapiens		26.460755319481393	26.49642698849917	26.54532360414726	26.78114195045705	26.870235701226292	26.117837740872073	26.534247542389842	27.309786951441477	26.280975733987415	26.490780653751113	26.853246828017028	26.08101265107418	25.954796914124884	NA	NA	25.932967198913847	26.01978333391536
P06331	9	IGHV4-34	1.0	sp|P06331|HV434_HUMAN	P06331	HV434_HUMAN	Immunoglobulin heavy variable 4-34	Homo sapiens		25.73402138030187	25.619160437526045	25.996795372739697	26.49336863303847	26.1777414979247	26.274546964867913	25.818723467959245	26.006249955816013	25.327269908413037	25.94938324500074	26.17325010879816	25.35838450839508	25.198877477450782	NA	25.80951872639571	25.718272577682956	25.789810299742957
P06396	28	GSN	1.0	sp|P06396|GELS_HUMAN	P06396	GELS_HUMAN	Gelsolin	Homo sapiens		30.855310682425277	30.872081891959947	31.0895015868481	31.071341586744285	31.04567255184909	31.332558577473947	30.818216488819157	31.020010554210494	31.243305673300142	31.27445394032891	31.22865158080647	30.51201872020197	31.03605863628543	NA	NA	30.949844856651076	30.97177830927199
P06576	3	ATP5F1B	0.9998	sp|P06576|ATPB_HUMAN	P06576	ATPB_HUMAN	ATP synthase F(1) complex subunit beta, mitochondrial	Homo sapiens		21.83039159431912	21.454327763638652	21.12811110594543	21.52792691675268	20.84617690375235	20.50664424483203	21.387898536700803	20.572189276751544	22.118202055831137	21.89958660225291	21.526978194459367	23.26778362672609	20.478763904177942	NA	NA	21.643745341158713	21.891279080341487
P06681	25	C2	1.0	sp|P06681|CO2_HUMAN	P06681	CO2_HUMAN	Complement C2	Homo sapiens		28.305733039456207	28.347150394237566	28.50152950631557	28.419480325013513	28.514487079187504	28.79882834394786	28.36104913698528	28.602546950412545	28.570641754941835	28.56951941855122	28.595381542519632	27.993377953987018	28.721472886516054	27.564533721745644	28.573355805354286	28.214071465712824	28.238726330519892
P06702	5	S100A9	1.0	sp|P06702|S10A9_HUMAN	P06702	S10A9_HUMAN	Protein S100-A9	Homo sapiens		26.12583655327123	24.34581734946102	28.14758668348519	23.72524482598274	26.67331297653509	24.45544322803853	24.56835359087073	24.409033409187284	29.022376189334878	23.774691742019602	25.365955302547178	23.41074300955154	25.709686626498485	NA	NA	26.040464375378967	26.159071968474358
P06727	33	APOA4	1.0	sp|P06727|APOA4_HUMAN	P06727	APOA4_HUMAN	Apolipoprotein A-IV	Homo sapiens		30.96512482373065	31.137984853817116	30.483032805289252	31.543076735335575	31.50315792885561	31.50881570094636	31.10132473676218	31.06307253955168	31.17465004475922	30.74727827282347	31.240987971040312	30.019112161794812	31.378375781127534	NA	32.02657296247269	30.99216697298591	30.991546764938327
P06732	3	CKM	1.0	sp|P06732|KCRM_HUMAN	P06732	KCRM_HUMAN	Creatine kinase M-type	Homo sapiens		22.13099063290928	20.579263861070025	20.899660651188892	20.952094228666166	21.34192315141592	21.403614364943024	22.50181277810859	24.40970398777008	21.68670949227936	22.191483273081126	22.508540124116376	21.12050929992111	21.510118195823857	22.515503635922723	22.696850130368418	22.43312085421648	22.81256508459458
P06733	11	ENO1	0.9994	sp|P06733|ENOA_HUMAN	P06733	ENOA_HUMAN	Alpha-enolase	Homo sapiens		25.515723934352213	26.56520471377339	25.844968734471514	25.36433963185113	24.261217803504312	23.95019944653677	25.23732468868356	25.368275591229576	26.083584348840933	25.17396347951019	24.089542296477017	26.634606115293717	24.69703137508328	26.031507132204485	24.932721875204113	25.456126344367664	25.450519624918986
P06737	5	PYGL	0.9989	sp|P06737|PYGL_HUMAN	P06737	PYGL_HUMAN	Glycogen phosphorylase, liver form	Homo sapiens		20.973218817235942	21.888877270765818	20.87589602483191	21.21380144298946	19.830663876630755	20.00600900898563	20.898777386326472	20.5687108429741	21.239862880331646	20.773245939593092	19.897706254985994	21.873007316016327	21.016905180079874	NA	20.45811725550248	21.06578396237266	21.00990899094815
P06744	4	GPI	0.9988	sp|P06744|G6PI_HUMAN	P06744	G6PI_HUMAN	Glucose-6-phosphate isomerase	Homo sapiens		21.17028666754208	21.86678593908054	21.45333015184721	20.594358049452932	20.62667410362869	20.26408572511118	20.64513799680747	20.440800185584663	21.922232989787815	20.648554181008517	20.536953025316635	22.13317530298928	20.629185742837834	NA	NA	21.32646042894232	20.915619165601555
P07093	2	SERPINE2	0.9999	sp|P07093|GDN_HUMAN	P07093	GDN_HUMAN	Glia-derived nexin	Homo sapiens		20.970030971246217	20.86677322624909	19.62909561465698	19.53438293714772	20.970794792839694	NA	19.357138304414384	20.750264400828925	20.249348969379632	21.116244401733184	19.941095923599427	22.33865311496603	19.74516048883428	NA	NA	21.188664918709662	19.776639780065953
P07108	1	DBI	0.9853	sp|P07108|ACBP_HUMAN	P07108	ACBP_HUMAN	Acyl-CoA-binding protein	Homo sapiens		19.10418012311283	18.34464187300161	NA	NA	NA	NA	NA	NA	NA	NA	NA	NA	NA	NA	NA	19.418224351894462	NA
P07195	8	LDHB	0.9998	sp|P07195|LDHB_HUMAN	P07195	LDHB_HUMAN	L-lactate dehydrogenase B chain	Homo sapiens		25.408136678599085	26.17849060483826	25.263412837949595	25.16630122287997	24.617387768831883	25.08395667274413	25.833945517984585	25.49213589885617	24.77297223138149	25.098160776507093	24.978360452855505	26.457522587953235	25.098894003103368	NA	24.681677562905698	25.37383610159352	25.429809195495007
P07203	2	GPX1	0.9996	sp|P07203|GPX1_HUMAN	P07203	GPX1_HUMAN	Glutathione peroxidase 1	Homo sapiens		19.233658837839585	18.948790381865948	18.59538591742263	19.296787825107632	18.394107835133006	18.49967344301522	19.10840088636224	19.312441702215576	18.939820881205435	19.600460765220188	19.06891198194444	20.28731469386997	18.909515917473623	NA	20.060585824492016	19.35693072726052	19.814295966208903
P07225	14	PROS1	1.0	sp|P07225|PROS_HUMAN	P07225	PROS_HUMAN	Vitamin K-dependent protein S	Homo sapiens		26.59680650175128	26.473215510512457	26.943402584870817	26.4809470792699	26.787777924337433	26.952091737985324	26.761218793461694	26.757919320625273	26.789108592412738	27.150263510592524	26.702291243220692	26.4683267483068	26.428620136945757	27.586774547752555	NA	26.62794982001168	26.654404499127505
P07237	4	P4HB	0.9989	sp|P07237|PDIA1_HUMAN	P07237	PDIA1_HUMAN	Protein disulfide-isomerase	Homo sapiens		22.701840327369467	23.397262714889248	22.208627442804904	22.50307510615734	21.82985518789528	21.855254344721498	22.712090775449543	22.998658493414567	21.88409024773302	22.58834974477779	21.995237788942003	24.120913913942836	22.167222542223985	NA	21.844838854282028	22.804627388165112	22.728754768926983
P07307	1	ASGR2	0.9718	sp|P07307|ASGR2_HUMAN	P07307	ASGR2_HUMAN	Asialoglycoprotein receptor 2	Homo sapiens		21.144538660989497	20.754468815347582	21.45309916916675	21.583024448535987	21.290887517334593	21.383374439799148	20.944523789029272	21.545750121934272	21.75560669901278	21.14751018178658	21.374202289400863	NA	21.984432151405926	NA	NA	21.239969465043348	20.255960432928944
P07339	3	CTSD	1.0	sp|P07339|CATD_HUMAN	P07339	CATD_HUMAN	Cathepsin D	Homo sapiens		20.941904164176808	20.6008164226991	20.33479669095836	21.458500042317905	20.852633987726133	20.544608862480953	20.348884739483115	22.172701390158366	20.439228005943768	20.545922864254965	20.892168617040717	20.63442970582204	22.488563219623977	NA	21.645372245281642	20.860628585682033	21.209569889266763
P07355	3	ANXA2	0.9939	sp|P07355|ANXA2_HUMAN	P07355	ANXA2_HUMAN	Annexin A2	Homo sapiens		21.4181333301676	20.705468204759388	21.286119531720527	21.835299022319813	22.20427829803831	21.032889908481856	21.100747925969483	21.72124606206309	21.24887397389175	20.74478650309131	21.837220839726612	21.492245986330737	22.57733717713297	NA	22.166532157216434	21.42968527404785	21.486530962145714
P07357	12	C8A	1.0	sp|P07357|CO8A_HUMAN	P07357	CO8A_HUMAN	Complement component C8 alpha chain	Homo sapiens		27.242217525337484	27.302376572805347	28.11522239241051	27.366993094391987	27.011125730322036	27.371466797519044	27.31354939414851	27.31175828329022	27.4381134655376	27.85883865329251	27.6594151289424	26.989105665442263	27.21835890312054	NA	NA	27.304545485945198	27.261287242182508
P07358	15	C8B	1.0	sp|P07358|CO8B_HUMAN	P07358	CO8B_HUMAN	Complement component C8 beta chain	Homo sapiens		27.440916765684463	27.57489435274745	28.357453880665464	27.45213368136749	27.040236541617976	27.5175548235908	27.683632769760642	27.474864864410986	27.386949808984898	28.002777760898223	27.949224081330023	27.417691278378346	27.548732154552837	NA	26.765086591105526	27.469524757330404	27.365960041495057
P07359	1	GP1BA	0.984	sp|P07359|GP1BA_HUMAN	P07359	GP1BA_HUMAN	Platelet glycoprotein Ib alpha chain	Homo sapiens		20.072388163977223	20.259165455327203	20.333799929738472	20.203467871909723	19.183806455080532	20.03174082116671	21.043199535988645	19.863387590697585	20.303103095218166	20.091358489348018	19.34957363937028	20.806548617103164	19.815205809344217	NA	NA	19.901356088056183	20.214556592315102
P07360	11	C8G	1.0	sp|P07360|CO8G_HUMAN	P07360	CO8G_HUMAN	Complement component C8 gamma chain	Homo sapiens		28.16869996432437	28.33728308062001	28.998684588660666	28.282895189330954	27.519241636955922	28.2661741606036	28.52196338930516	28.3866810300726	28.215428682625703	28.70313903258277	28.666801422542164	27.931616811255576	28.392081890151925	27.524033192519664	NA	28.071924450348888	28.247640309637752
P07384	2	CAPN1	0.9961	sp|P07384|CAN1_HUMAN	P07384	CAN1_HUMAN	Calpain-1 catalytic subunit	Homo sapiens		24.865246337323274	25.931169384935174	24.28933903671758	24.88531158919242	23.373552065711568	24.00553260572662	24.908697120648103	24.97368068662349	23.954604046729912	24.22926033926009	22.894067506006092	26.261709128241097	24.2610971753089	NA	NA	24.833534538712122	24.73898968111074
P07437	5	TUBB	1.0	sp|P07437|TBB5_HUMAN	P07437	TBB5_HUMAN	Tubulin beta chain	Homo sapiens		23.468807418318143	24.27206014266825	22.57858420856688	23.819938376086235	21.242222075341825	21.7159514437931	23.941390293972482	23.16955570566652	22.08391479865781	23.274458102654602	21.912407532507483	24.747005117833513	20.68480235427405	23.578837860895877	22.767832198473403	23.795723161932568	23.629781423755535
P07477	2	PRSS1	0.9999	sp|P07477|TRY1_HUMAN	P07477	TRY1_HUMAN	Serine protease 1	Homo sapiens		22.542923627452343	21.912899765135727	22.88987979681548	23.244366507135343	22.570534670993453	23.176677771360197	22.60290844013243	22.999263520755882	22.635273555810624	23.107899145564264	23.004423563823178	22.103445575326365	22.681849720411055	NA	NA	22.22288864963108	21.907948684698262
P07686	1	HEXB	0.9994	sp|P07686|HEXB_HUMAN	P07686	HEXB_HUMAN	Beta-hexosaminidase subunit beta	Homo sapiens		18.270973451211454	18.222100108056328	17.252222806892505	17.753805307740727	17.898493861499862	18.663685934710774	18.64330227266826	18.66774763441625	18.376973697581995	18.188470013542283	19.048511998454778	18.059819983556512	19.334130905602482	NA	NA	18.50780169680994	17.430886248032532
P07737	9	PFN1	1.0	sp|P07737|PROF1_HUMAN	P07737	PROF1_HUMAN	Profilin-1	Homo sapiens		25.36911481749173	26.454106216018587	25.372878744047114	25.128148314307655	23.679076776965893	23.34671804774301	25.30237670035274	25.073195074080836	25.5288664046121	24.909709850794055	23.38813901407115	27.10274140754221	23.051625936727884	24.9680153091508	24.865640760978398	25.316820469941586	25.313042278496344
P07738	1	BPGM	0.9768	sp|P07738|PMGE_HUMAN	P07738	PMGE_HUMAN	Bisphosphoglycerate mutase	Homo sapiens		21.376243510621567	21.36736823679721	21.602029216102775	21.230005073057125	21.417566429196608	21.58912151370704	21.769829113771927	21.772590337932012	21.495153452659864	21.04968819585432	21.50344884904873	21.0555186863468	21.95861568288877	NA	NA	21.74351036509778	21.560003112535846
P07858	1	CTSB	0.9897	sp|P07858|CATB_HUMAN	P07858	CATB_HUMAN	Cathepsin B	Homo sapiens		20.154021500143664	20.313139138999396	21.024032496004946	20.639203463814095	20.6293632340671	20.037093053979838	20.331100078792655	20.339953092544608	20.610445260504925	19.586819402650217	20.13800838906416	19.581304661280573	21.131512312696	NA	20.477092593364024	20.36689538637278	20.1480681736817
P07900	2	HSP90AA1	0.9873	sp|P07900|HS90A_HUMAN	P07900	HS90A_HUMAN	Heat shock protein HSP 90-alpha	Homo sapiens		22.50021058862978	22.522989609865437	22.12200519982282	22.676443008588738	21.17607034290171	21.50046498495499	22.82615515589637	22.228527895314794	21.556809205219242	22.364848757674284	21.227900503438672	23.26120351261434	22.787667441441396	22.911207020948975	20.444537220064632	22.683063304171416	22.681572268434962
P07911	1	UMOD	0.9971	sp|P07911|UROM_HUMAN	P07911	UROM_HUMAN	Uromodulin	Homo sapiens		19.946185237823368	19.125615068935986	18.398057155711225	19.088987912675055	20.466530102060908	20.842892867553577	20.51257066693987	20.222182779733174	21.07549827914886	19.467708086020387	20.50320357225318	19.65911342692452	20.233540432489228	NA	NA	20.13455816866058	20.08824796169084
P07996	31	THBS1	1.0	sp|P07996|TSP1_HUMAN	P07996	TSP1_HUMAN	Thrombospondin-1	Homo sapiens		27.499360385929982	28.56664378588374	26.69856465684157	27.17099265393724	27.233774299470966	25.85378395466749	27.47397060985094	26.921045115781947	26.993353766997654	28.31894395088984	26.268255324666924	28.702172795571137	25.483027613765046	26.337858321721765	NA	27.524605921376782	27.506411717752204
P07998	3	RNASE1	1.0	sp|P07998|RNAS1_HUMAN	P07998	RNAS1_HUMAN	Ribonuclease pancreatic	Homo sapiens		22.422818525128196	22.677946943727843	23.178704794423325	22.552042848007908	22.281767047576462	22.83892114188677	22.071200119752476	22.119504821349057	21.087436884950325	22.19446397931726	22.181986906657073	21.344953991227147	22.725102956164342	NA	NA	22.721636585602415	23.04930457319492
P08133	1	ANXA6	0.9966	sp|P08133|ANXA6_HUMAN	P08133	ANXA6_HUMAN	Annexin A6	Homo sapiens		17.786004420750857	NA	NA	NA	NA	NA	NA	NA	18.906976636042813	NA	NA	NA	NA	NA	19.55832888771005	NA	NA
P08134	2	RHOC	0.9987	sp|P08134|RHOC_HUMAN	P08134	RHOC_HUMAN	Rho-related GTP-binding protein RhoC	Homo sapiens		20.069255976882708	21.067976967471644	19.53894861825365	20.25770768146871	18.5197895531254	17.783013458613052	19.692351444061465	20.040777138362373	19.888466748132227	19.150937449319894	18.924443402806364	21.479550119838542	17.73042391755767	19.60483237559533	NA	19.73349292514361	19.977549492491015
P08185	11	SERPINA6	1.0	sp|P08185|CBG_HUMAN	P08185	CBG_HUMAN	Corticosteroid-binding globulin	Homo sapiens		28.591077814839863	28.70213232076198	28.61819863796328	28.542295572620255	29.27973345462815	29.230515798724024	28.563267767510354	28.6956449973923	29.135188219675925	28.822396326287524	28.648692965852444	27.907644869253268	28.788073878599903	NA	NA	28.563443029047452	28.806821204915906
P08195	1	SLC3A2	0.9969	sp|P08195|4F2_HUMAN	P08195	4F2_HUMAN	Amino acid transporter heavy chain SLC3A2	Homo sapiens		19.71897551201125	19.81049714217274	20.61381195497618	20.328294848233885	20.482880140218438	20.049214610786596	20.01474631217672	19.947300205824448	20.261775728032415	20.229597212862664	20.347187971289394	18.970121079181776	19.49487424452426	NA	20.749780196275715	19.63656230412825	17.88082333703575
P08238	3	HSP90AB1	0.998	sp|P08238|HS90B_HUMAN	P08238	HS90B_HUMAN	Heat shock protein HSP 90-beta	Homo sapiens		21.48699573440168	20.899145935728352	19.902765324142262	21.05876020492459	19.630359644152282	NA	21.05792011880876	21.25374187899926	20.34534144310784	21.203874874183143	21.428844204509208	22.327056989181518	21.10657356798412	NA	NA	21.676519933983062	21.690758446664173
P08253	8	MMP2	1.0	sp|P08253|MMP2_HUMAN	P08253	MMP2_HUMAN	72 kDa type IV collagenase	Homo sapiens		22.685303811578105	22.222843586361712	22.68123429872782	22.910059078023785	23.056628040528512	23.330269925973703	22.723320382236174	23.243106969885076	22.5095537495976	22.63444356557303	23.1691044014613	22.285267515607796	23.12015396304515	NA	NA	22.616665965513697	22.800076261313556
P08294	4	SOD3	1.0	sp|P08294|SODE_HUMAN	P08294	SODE_HUMAN	Extracellular superoxide dismutase [Cu-Zn]	Homo sapiens		22.718113308392763	21.262038535526187	22.30377629772453	22.241065903525406	22.20053290175023	23.03056414542869	21.928306275222326	25.041498866301794	22.349287868946313	22.312423033586814	22.398466973160744	21.377912085935296	22.261964404688655	NA	NA	22.33587446718584	21.805546411591372
P08319	2	ADH4	0.9968	sp|P08319|ADH4_HUMAN	P08319	ADH4_HUMAN	All-trans-retinol dehydrogenase [NAD(+)] ADH4	Homo sapiens		21.11789541091753	19.998865691751657	19.541679081845427	20.188372729613594	19.81792859838884	21.317138490637152	19.49056538334961	22.931838957131678	19.87668371057063	22.006165263540343	20.96616420648782	18.970882279801067	22.667277846828682	NA	NA	20.909590574733354	20.9699012927757
P08493	1	MGP	0.9931	sp|P08493|MGP_HUMAN	P08493	MGP_HUMAN	Matrix Gla protein	Homo sapiens		22.869415651224468	NA	NA	NA	NA	NA	NA	NA	NA	NA	NA	22.67074289189109	NA	NA	NA	NA	23.675435680759712
P08514	9	ITGA2B	1.0	sp|P08514|ITA2B_HUMAN	P08514	ITA2B_HUMAN	Integrin alpha-IIb	Homo sapiens		24.18971103482483	24.533016952335643	21.70189784897875	23.97902173809663	21.275295414527264	21.756407530419136	24.599296746645674	23.195593927602093	22.22320920364989	23.68359372704429	22.18161999106257	25.971042193274727	20.594666389319872	23.3357216661075	24.18121779375631	24.241566851336376	24.327745237817552
P08519	16	LPA	1.0	sp|P08519|APOA_HUMAN	P08519	APOA_HUMAN	Apolipoprotein(a)	Homo sapiens		27.99046503685114	26.13811203840378	28.07068356436744	27.44274018508103	25.93304858681605	28.81422793969316	26.575982424616594	28.45225602050444	29.88122380721989	26.669399333221552	28.976708776638105	26.170209457198585	28.30540528962545	29.478343135477648	27.459473004113775	27.983102935230388	28.126304435963238
P08567	3	PLEK	1.0	sp|P08567|PLEK_HUMAN	P08567	PLEK_HUMAN	Pleckstrin	Homo sapiens		25.7535308497944	26.654806260331405	25.52575764655494	25.626614102563472	23.86678858134794	23.27367140683984	25.907229546777994	25.366828699088927	24.49884480931216	25.611989011805058	23.64007468533065	27.428694971981514	23.22164701376563	NA	NA	25.754153057977497	25.74631958696752
P08571	5	CD14	1.0	sp|P08571|CD14_HUMAN	P08571	CD14_HUMAN	Monocyte differentiation antigen CD14	Homo sapiens		25.737497020943774	25.816096447054775	26.425926494295847	25.579552276217253	26.156595806166543	26.431131879710726	25.712803531948033	25.714560243986487	25.876035641289477	25.817782776846435	25.5647789752619	24.987068470505573	26.0670755085408	NA	NA	25.928444231301977	25.990176572233235
P08581	1	MET	0.9997	sp|P08581|MET_HUMAN	P08581	MET_HUMAN	Hepatocyte growth factor receptor	Homo sapiens		19.575315011173895	19.098258330247035	19.611857205744986	18.99015914686326	19.580820369712352	20.380661181286186	20.100776727604142	20.00466852395301	19.866279855810422	19.52707109887696	20.30145450452821	19.16644911976436	19.959921140022665	NA	NA	19.71505067396684	19.609257609501775
P08603	39	CFH	1.0	sp|P08603|CFAH_HUMAN	P08603	CFAH_HUMAN	Complement factor H	Homo sapiens		30.258395746776177	30.393991188828906	30.788157473017844	30.445372811749703	30.39945433305239	30.477135141383947	30.315842469194312	30.162277212212782	30.328155123239018	30.903498447260016	30.509708333272744	29.979117502625385	30.541013610948998	NA	28.373700040958195	30.180571974891393	30.208806362714945
P08637	5	FCGR3A	0.9999	sp|P08637|FCG3A_HUMAN	P08637	FCG3A_HUMAN	Low affinity immunoglobulin gamma Fc region receptor III-A	Homo sapiens		25.543070501934857	25.61361808897552	25.83804786462224	25.300331222460365	25.907562558531893	26.826171201714992	25.193372701878733	25.639327772569562	25.776600838027175	24.74159502325726	25.646821709722254	24.417540241411416	26.532533140895875	NA	NA	25.46018433710406	25.52749423889255
P08670	2	VIM	0.9983	sp|P08670|VIME_HUMAN	P08670	VIME_HUMAN	Vimentin	Homo sapiens		19.432255347826047	19.084152623201998	18.755559050364877	18.97797379830825	NA	NA	19.748897717276513	NA	18.808275400096587	NA	NA	19.973200003203964	18.328874460798104	NA	NA	NA	NA
P08697	14	SERPINF2	1.0	sp|P08697|A2AP_HUMAN	P08697	A2AP_HUMAN	Alpha-2-antiplasmin	Homo sapiens		30.24436021768071	30.319839828793498	30.785107436892716	30.20647453083486	30.417287744962195	30.646955736744932	30.539346581809017	30.19511743118149	30.87566173800186	30.62894625423751	30.67071092948022	29.943258400531434	30.135623602299034	NA	30.16617511539903	30.46294089528645	30.248394564722428
P08709	2	F7	1.0	sp|P08709|FA7_HUMAN	P08709	FA7_HUMAN	Coagulation factor VII	Homo sapiens		20.6797660542763	20.068398184838387	20.68590325035473	20.664047283396517	20.45244942991903	21.181447442392102	20.695533619660804	20.445289227701124	21.36186206907144	21.059086955374752	21.205047441069794	20.56436584194488	20.934346475471234	NA	NA	20.847728623308612	20.84270914034194
P08758	3	ANXA5	1.0	sp|P08758|ANXA5_HUMAN	P08758	ANXA5_HUMAN	Annexin A5	Homo sapiens		22.471936533940706	23.788861146541112	23.132801145232587	20.916439786029063	20.057134574810636	21.306654336985964	21.49319079327938	21.663610096839385	22.41969487226184	21.342689775471	20.76577155142318	23.18814643428428	19.47825676223952	NA	NA	22.142664606270042	22.111645300660097
P08779	8	KRT16	1.0	sp|P08779|K1C16_HUMAN	P08779	K1C16_HUMAN	Keratin, type I cytoskeletal 16	Homo sapiens		24.964100130562283	23.76133421756557	24.72117751344795	24.50164995818915	26.489066643770567	23.87111987168013	23.572075088143073	26.482092151961165	25.075569228151572	25.063849856939562	24.239884558836827	24.59707724056836	25.085515840386858	NA	NA	24.864066058285303	24.87673388177242
P08887	1	IL6R	0.9999	sp|P08887|IL6RA_HUMAN	P08887	IL6RA_HUMAN	Interleukin-6 receptor subunit alpha	Homo sapiens		19.9001916836179	19.715992990678224	NA	19.53472015942886	19.586734279234555	20.10762193635393	19.686330353008213	19.638123212081286	21.077220381285816	19.9144901137288	19.873089153751742	NA	20.57141999348998	NA	NA	20.375254616936864	19.927386689241906
P09105	1	HBQ1	0.9887	sp|P09105|HBAT_HUMAN	P09105	HBAT_HUMAN	Hemoglobin subunit theta-1	Homo sapiens		20.487754772365648	NA	NA	NA	NA	NA	NA	20.30049791370328	NA	NA	NA	NA	NA	NA	NA	NA	NA
P09172	8	DBH	1.0	sp|P09172|DOPO_HUMAN	P09172	DOPO_HUMAN	Dopamine beta-hydroxylase	Homo sapiens		24.297026296573968	22.61509012974001	25.108368423730727	25.29480145278912	23.263819223355334	24.341369931090867	24.453346848685552	24.31557235306662	25.95427974580377	25.039995844223288	24.001503910428028	22.970632572920266	24.287067980760295	NA	NA	24.367423882493092	24.453085166948238
P09211	1	GSTP1	0.9994	sp|P09211|GSTP1_HUMAN	P09211	GSTP1_HUMAN	Glutathione S-transferase P	Homo sapiens		22.04048629994984	23.06833618960545	22.739302658765197	21.746828313349333	21.153593123919592	20.59695592113697	22.06873885497333	21.537285085756487	23.128609124427896	21.814343474625623	20.840919343171965	23.280475773468176	20.786996953096317	21.659084355670505	NA	22.141650474453154	21.831927601300304
P09382	2	LGALS1	0.9928	sp|P09382|LEG1_HUMAN	P09382	LEG1_HUMAN	Galectin-1	Homo sapiens		20.998384119352682	20.94698415037289	21.601807347656088	21.34205500023529	20.379388585156526	20.276484219051763	20.720340684745427	20.722708793983745	20.843495349707105	21.31224452125581	20.842621417219473	22.40235333241108	20.773547769076576	NA	NA	21.232670641059222	20.69598110546379
P09467	1	FBP1	0.9987	sp|P09467|F16P1_HUMAN	P09467	F16P1_HUMAN	Fructose-1,6-bisphosphatase 1	Homo sapiens		18.75645496323358	17.24562484823048	NA	NA	NA	NA	NA	19.23991562563218	NA	19.026810235736363	18.08846967646068	NA	20.190421287242657	NA	NA	17.862442903693903	18.457855654080788
P09486	6	SPARC	0.9999	sp|P09486|SPRC_HUMAN	P09486	SPRC_HUMAN	SPARC	Homo sapiens		25.52086027427432	26.778775057763074	25.253399981795965	25.38713400383148	25.501787762746222	24.13094625485332	25.5355902903103	25.307750929873748	25.101559439562187	26.143109929414816	24.28965059338946	26.552097271182976	23.803403192373647	NA	24.03493670314847	25.482874140855042	25.488292846495458
P09493	3	TPM1	0.9993	sp|P09493|TPM1_HUMAN	P09493	TPM1_HUMAN	Tropomyosin alpha-1 chain	Homo sapiens		22.655646515040242	23.147672358393997	21.685543403733472	22.687565766888927	20.359115743584216	20.33266957204802	22.714493414039584	22.447371223493178	20.716240106678594	21.973237191540584	21.263208886863087	24.803594221546554	20.474994826979966	NA	21.894840284854304	23.026614278477	22.752940795539754
P09543	1	CNP	0.9984	sp|P09543|CN37_HUMAN	P09543	CN37_HUMAN	2',3'-cyclic-nucleotide 3'-phosphodiesterase	Homo sapiens		18.635287535582346	18.92446034012604	NA	NA	NA	NA	17.561934953482012	18.081703910824924	17.77690849968128	17.872911782698424	NA	19.59851621909502	17.714064807460925	NA	NA	NA	NA
P09668	3	CTSH	0.986	sp|P09668|CATH_HUMAN	P09668	CATH_HUMAN	Pro-cathepsin H	Homo sapiens		21.397218138757218	20.95429511632743	21.635391973160747	21.584750711817815	21.69491965298507	21.748064415227304	21.433835139376395	22.037408426887023	21.040311926913905	21.423797624752098	21.697782101663268	21.226765873344846	22.33327234236641	NA	22.201861068200888	21.41204110315402	21.34884284047042
P09871	17	C1S	1.0	sp|P09871|C1S_HUMAN	P09871	C1S_HUMAN	Complement C1s subcomponent	Homo sapiens		29.629330771823497	29.560688855940217	30.13457484491098	29.38930900098907	29.706607463389012	30.092550858004504	29.740369298767753	29.59698741616502	30.077561471013357	30.109183776097296	30.09219546487322	29.234412904874933	29.92021609110218	NA	NA	29.578891548663577	29.54394630312372
P09960	5	LTA4H	0.995	sp|P09960|LKHA4_HUMAN	P09960	LKHA4_HUMAN	Leukotriene A-4 hydrolase	Homo sapiens		22.64928990155944	22.202012969960045	23.16493763965219	22.23746357969315	22.15318459724354	22.652906016228258	22.407367257087714	22.395682443620906	24.630100879336254	22.722306048157048	22.412563021851433	22.142572176629024	22.83237406632208	NA	NA	22.51813107457973	22.791088561051964
P09972	1	ALDOC	1.0	sp|P09972|ALDOC_HUMAN	P09972	ALDOC_HUMAN	Fructose-bisphosphate aldolase C	Homo sapiens		21.35527734717884	22.1335322974312	21.509700594060956	21.30408064497239	19.973307366035154	20.87201446149624	21.675301083155542	21.38688360437467	20.934247562036056	20.48018689842664	20.60584877527202	22.76106686307416	20.471920951525625	NA	NA	21.184744578816808	21.356137740532322
P0C0L4	9	C4A	1.0	sp|P0C0L4|CO4A_HUMAN	P0C0L4	CO4A_HUMAN	Complement C4-A	Homo sapiens		27.09389609005586	27.225072971105774	28.27861445948274	26.993566394889427	27.84100172409698	27.020171104358926	26.99902869934495	27.38707232204965	27.033442435593155	27.237024249731892	27.592730314183193	26.942981976974185	26.365089636772044	NA	29.051722832961783	26.75393271489863	26.695845499327937
P0C0L5	42	C4B	1.0	sp|P0C0L5|CO4B_HUMAN	P0C0L5	CO4B_HUMAN	Complement C4-B	Homo sapiens		30.16621572330216	30.224606879925137	31.190285376456163	30.115876974830446	30.404913796968906	30.603215555919817	30.219605662687734	30.43502919164141	30.372637806201915	30.474867505155366	30.361547398340612	29.7182090205598	30.174174481515468	31.338084818260086	30.088595741088547	30.28464109571915	30.161413398849824
P0DJI8	3	SAA1	1.0	sp|P0DJI8|SAA1_HUMAN	P0DJI8	SAA1_HUMAN	Serum amyloid A-1 protein	Homo sapiens		27.753967486721493	25.840541987867617	29.836033545772626	26.704389543200595	27.363641136937503	25.900745868527796	26.48640159954398	27.333243826195382	29.67552844497982	26.359740756164985	26.563695591828903	25.040135464903056	25.498507618141296	26.89495311259198	NA	28.707377620412046	28.431027950462887
P0DJI9	4	SAA2	0.9996	sp|P0DJI9|SAA2_HUMAN	P0DJI9	SAA2_HUMAN	Serum amyloid A-2 protein	Homo sapiens		24.836763638934986	22.51663061935056	26.548863718953626	23.99531293180644	25.447557653276895	23.11576057803647	23.439278707262194	24.787178128325397	26.943939009980966	23.450625443365315	24.319982496335623	22.73744646046101	23.861301702176405	NA	NA	25.151853565231534	25.34785264169809
P0DMV8	4	HSPA1A	0.9998	sp|P0DMV8|HS71A_HUMAN	P0DMV8	HS71A_HUMAN	Heat shock 70 kDa protein 1A	Homo sapiens	sp|P0DMV9|HS71B_HUMAN	20.88064541874756	21.461333806005378	20.557929297875898	20.71502220314013	19.958835952282612	19.639450870939584	21.050485040042467	21.098503003156072	21.457234567601198	20.41258161599431	19.236638530750735	22.375268378434292	20.223506823299314	20.803549403468416	NA	21.09930738246636	20.731275488828356
P0DOY2	32	IGLC2	1.0	sp|P0DOY2|IGLC2_HUMAN	P0DOY2	IGLC2_HUMAN	Immunoglobulin lambda constant 2	Homo sapiens		31.26358584671374	30.955474164799284	31.54628509872802	32.02762449421359	31.842089877257663	31.29311856815935	31.2813761209902	31.843754578072176	31.297940657209768	31.51669808971068	31.558003730427338	30.932161076254097	31.1324480899086	NA	31.2819597684493	31.30185726432231	31.333251103941343
P0DP01	5	IGHV1-8	1.0	sp|P0DP01|HV108_HUMAN	P0DP01	HV108_HUMAN	Immunoglobulin heavy variable 1-8	Homo sapiens		24.383575397356598	20.18757262651509	25.122265476571332	19.83800410320499	25.66769139451023	20.742669388820456	21.64765436174641	20.378240433578902	24.398779571646546	21.940088254716795	25.15208071088042	25.067775230729524	23.259784194018735	24.383575397356598	NA	24.225473241233818	24.327827558816345
P0DP23	4	CALM1	1.0	sp|P0DP23|CALM1_HUMAN	P0DP23	CALM1_HUMAN	Calmodulin-1	Homo sapiens	sp|P0DP24|CALM2_HUMAN, sp|P0DP25|CALM3_HUMAN	23.37024729177422	24.262148062446784	22.965969245631328	22.723182702812533	21.798819473081494	22.649716769355596	23.09313511190739	23.24864827652005	22.756276606636145	22.82408398180256	22.097640665539895	24.510025018540517	21.80385766792882	NA	NA	22.83441781768565	22.982846458023378
P0DTE1	1	IGHV3-38-3	0.915	sp|P0DTE1|HV383_HUMAN	P0DTE1	HV383_HUMAN	Probable non-functional immunoglobulin heavy variable 3-38-3	Homo sapiens		22.027822517710828	21.348227420305616	22.28186310110377	21.74073134621045	22.534613971505767	21.308741505562146	22.973032000249187	22.814250911947216	21.61719629357952	22.366062012651206	21.89454716473463	22.98551023551019	21.16576340072179	NA	NA	21.807975052374385	21.724634027186994
P0DTE7	3	AMY1B	0.9999	sp|P0DTE7|AMY1B_HUMAN	P0DTE7	AMY1B_HUMAN	Alpha-amylase 1B	Homo sapiens	sp|P0DTE8|AMY1C_HUMAN, sp|P0DUB6|AMY1A_HUMAN	20.182416116949213	19.71421856129516	20.438048642069145	21.153767550837795	20.206674759783244	21.036942961677347	20.14603476746116	20.225345135946455	19.813842818022383	19.471022935359095	20.042783947624102	20.171875119168682	19.621544857113488	NA	NA	19.91648538689255	20.525476480216742
P10124	1	SRGN	1.0	sp|P10124|SRGN_HUMAN	P10124	SRGN_HUMAN	Serglycin	Homo sapiens		21.638734503418835	22.189775024940417	21.85762678157647	21.307318863503912	21.372940733829136	20.13979705229917	21.471457547705533	21.070976201983672	21.686779266084898	22.55630499999221	20.376951027218418	23.084280396799617	20.201579474438727	NA	NA	21.986977869010833	21.815925894136637
P10153	1	RNASE2	0.9995	sp|P10153|RNAS2_HUMAN	P10153	RNAS2_HUMAN	Non-secretory ribonuclease	Homo sapiens		17.048986633548456	16.099100859288843	17.66511664940589	18.28268590160419	17.680734963524667	17.404271794505654	17.456920348022607	16.187682603694565	17.755384731638532	17.088492030789393	17.487631853186	15.6372972054732	17.38453375823118	NA	NA	16.818952100372496	17.44912040881989
P10321	2	HLA-C	0.9996	sp|P10321|HLAC_HUMAN	P10321	HLAC_HUMAN	HLA class I histocompatibility antigen, C alpha chain	Homo sapiens		22.687746673028286	22.250171502741626	22.455254688556007	22.494157024196483	21.057592945487638	22.86605997525114	22.871971020278313	22.47325563774672	22.65535723502366	22.45256495636588	21.792358313435283	24.322658211953136	22.846590825288942	NA	NA	22.615675977874336	22.622611308737287
P10451	1	SPP1	0.9999	sp|P10451|OSTP_HUMAN	P10451	OSTP_HUMAN	Osteopontin	Homo sapiens		20.392001740931676	20.31991869304368	20.381137167632044	NA	20.881757002201372	NA	NA	20.715871725563265	20.47602817180685	20.977831470173587	NA	20.332651448415074	19.747516095205526	NA	NA	20.217698222925943	NA
P10586	4	PTPRF	1.0	sp|P10586|PTPRF_HUMAN	P10586	PTPRF_HUMAN	Receptor-type tyrosine-protein phosphatase F	Homo sapiens		21.286254701197635	20.516555458207815	21.87245977378185	21.84375669137255	21.766180673914953	21.58563779950191	21.93824780951738	21.38752159625243	21.41198435196065	21.354998155588987	21.843544414399577	21.038556804438223	21.238662554191453	NA	NA	21.00272202930674	20.97292324454766
P10599	2	TXN	0.9922	sp|P10599|THIO_HUMAN	P10599	THIO_HUMAN	Thioredoxin	Homo sapiens		21.517357205748063	22.12669683677138	22.138835089880164	21.36805007764445	20.758157996812763	20.23267711960751	21.252800532332465	21.30933921238088	22.24701775590653	21.165562389199774	21.171328317941406	22.527685285314636	20.784496772183953	NA	NA	21.704575795325574	21.404907945116776
P10643	28	C7	1.0	sp|P10643|CO7_HUMAN	P10643	CO7_HUMAN	Complement component C7	Homo sapiens		28.556929211273868	28.611116265007563	28.86889180122902	28.676306932168128	28.690220292089347	29.371819455744237	28.368896583017854	28.851039782957013	28.323412100401285	28.65242526934028	28.4484208193598	27.718872541013464	29.72193194627559	NA	28.957253122657566	28.50793761412469	28.488161648369196
P10644	1	PRKAR1A	0.9906	sp|P10644|KAP0_HUMAN	P10644	KAP0_HUMAN	cAMP-dependent protein kinase type I-alpha regulatory subunit	Homo sapiens		18.752247021190907	19.67998473053052	17.736241729197534	19.046228937643548	17.571553537312564	17.393220897566458	18.896590639654907	18.121080463718158	18.22309321961707	18.837657992248875	18.134737126487362	20.90503339168988	17.112146773132565	18.860287324552466	NA	18.17790221499919	17.65183881641204
P10645	1	CHGA	0.9253	sp|P10645|CMGA_HUMAN	P10645	CMGA_HUMAN	Chromogranin-A	Homo sapiens		16.595255127589475	16.495641753029943	NA	16.401316559638442	16.677916768372953	18.07280399177489	16.394121701522703	15.66476557447151	17.84500462222617	15.951400599124383	16.73784692205709	15.352606500970575	16.5910402178428	NA	NA	16.940765197027464	16.856470121704152
P10646	4	TFPI	1.0	sp|P10646|TFPI1_HUMAN	P10646	TFPI1_HUMAN	Tissue factor pathway inhibitor	Homo sapiens		21.444704649287157	21.496557937383262	21.4567544243495	21.37181500836864	21.920454689433573	21.80159117464013	21.52859040149342	21.905309698295472	21.77232336884453	21.644344952682548	21.599631081037867	21.386927241177265	21.538497407299943	NA	22.3693986871645	21.297330382830197	21.403515719127796
P10720	1	PF4V1	0.9998	sp|P10720|PF4V_HUMAN	P10720	PF4V_HUMAN	Platelet factor 4 variant	Homo sapiens		21.477587333060995	22.559656394083817	20.9770741604442	21.552899533861126	20.96770242744783	19.809944928660013	21.47821050299753	20.815635759491123	21.103665089059252	22.188428808524485	21.063614535998443	22.628109214414007	19.100452379548972	NA	NA	21.10512996083054	21.694948775527227
P10721	1	KIT	0.9991	sp|P10721|KIT_HUMAN	P10721	KIT_HUMAN	Mast/stem cell growth factor receptor Kit	Homo sapiens		17.254646739444553	16.55225460814329	17.33594284492649	NA	17.720427046847632	17.63768882480099	17.127332017225033	17.21963902147677	18.02197306945423	18.13030782034567	16.719763604765685	17.108392579622198	17.43342201101123	NA	NA	17.746478615340873	17.804404662989658
P10768	1	ESD	0.9997	sp|P10768|ESTD_HUMAN	P10768	ESTD_HUMAN	S-formylglutathione hydrolase	Homo sapiens		19.13387688956094	19.514674590741627	19.57316265082219	18.50508800936519	19.001692200193425	18.782630831745593	19.44347701609239	NA	18.693272027744523	18.575492347241646	19.161626629200864	19.81776447694831	19.067184375233115	NA	NA	NA	19.969932120435576
P10809	1	HSPD1	0.9947	sp|P10809|CH60_HUMAN	P10809	CH60_HUMAN	60 kDa heat shock protein, mitochondrial	Homo sapiens		18.411871289440477	18.403076540505214	NA	17.97477609990747	17.658136271764164	NA	18.85792610878768	16.944006459160732	NA	18.473714797605478	NA	19.49478583317684	NA	NA	NA	17.85101363712597	18.634072712553827
P10909	18	CLU	1.0	sp|P10909|CLUS_HUMAN	P10909	CLUS_HUMAN	Clusterin	Homo sapiens		28.00368418766996	27.886801523875985	28.317728855369698	28.092299691238413	28.41870848030554	28.36487522431831	28.29854043563982	28.19304621456392	28.325179617410992	28.116249595995633	28.279400282425545	27.68626740588495	28.327626736072887	28.365835768976236	28.41324102701386	27.99581527798478	28.12647110973952
P11021	6	HSPA5	0.9999	sp|P11021|BIP_HUMAN	P11021	BIP_HUMAN	Endoplasmic reticulum chaperone BiP	Homo sapiens		23.584960404169227	24.09110447271524	23.324644593331755	24.091931788893366	23.329422647169025	23.420730129167154	23.86698128203491	23.718528217879598	23.616658419202214	23.300802349286915	23.299378581289883	24.576357489079047	23.47733932651391	23.291473252786364	23.251451403843404	23.74696250622332	23.701224542688927
P11047	1	LAMC1	0.9346	sp|P11047|LAMC1_HUMAN	P11047	LAMC1_HUMAN	Laminin subunit gamma-1	Homo sapiens		17.974658252574084	17.76632634981489	18.136287367129373	18.313211426456352	18.10681653142067	17.65888935882023	18.659443535229332	18.362040812602125	18.241666556394026	18.600584184343706	18.243407311479643	17.674644127073144	18.237649990147776	NA	NA	17.78437604481573	17.434385072061083
P11142	8	HSPA8	0.9993	sp|P11142|HSP7C_HUMAN	P11142	HSP7C_HUMAN	Heat shock cognate 71 kDa protein	Homo sapiens		24.178697757247093	25.112224436663034	23.38288935498976	24.11385488842263	22.539028759496155	22.893904626686375	24.370714501233273	24.133537350214233	23.08293833734892	23.780765226033363	22.6035021413997	25.81754503436986	22.809847400339965	25.16517389371657	NA	24.32794877694476	24.26006581951918
P11166	1	SLC2A1	0.9977	sp|P11166|GTR1_HUMAN	P11166	GTR1_HUMAN	Solute carrier family 2, facilitated glucose transporter member 1	Homo sapiens		20.038793919334967	20.819560467217556	NA	19.397304338947915	19.85014265204395	18.90766051391561	19.90550015213014	20.204668536138158	20.493199601664415	19.249410683983182	20.206382201572886	20.57859953481048	19.92613263643581	NA	NA	20.11515088313042	19.638037288036042
P11169	1	SLC2A3	0.9986	sp|P11169|GTR3_HUMAN	P11169	GTR3_HUMAN	Solute carrier family 2, facilitated glucose transporter member 3	Homo sapiens		19.21846863757897	19.346092532039506	NA	18.61570787294002	NA	NA	18.92748291236075	18.10608546198219	NA	18.815978771167632	NA	20.57247070652729	NA	NA	NA	18.085184150371788	18.80960442243841
P11171	1	EPB41	0.9998	sp|P11171|EPB41_HUMAN	P11171	EPB41_HUMAN	Protein 4.1	Homo sapiens		18.259159367413165	18.94442526657058	NA	18.381197811234138	18.1066051394746	18.12160219609899	17.70042336391662	18.27882936195563	18.715905596377503	18.060677832778396	18.459199528119747	18.976917814261082	17.932905685200737	18.806679007950937	NA	18.67299778830667	18.48578169047113
P11216	3	PYGB	0.9957	sp|P11216|PYGB_HUMAN	P11216	PYGB_HUMAN	Glycogen phosphorylase, brain form	Homo sapiens		22.27722006026538	23.009070085921337	21.304179537202522	22.13060799028727	20.9212696921301	21.401220617513893	22.10142259026777	21.536268141397294	21.659958780095714	21.34031058658399	21.64990496974988	23.652249886179405	21.072095016604443	NA	NA	21.74430122903845	22.413982469544507
P11226	12	MBL2	1.0	sp|P11226|MBL2_HUMAN	P11226	MBL2_HUMAN	Mannose-binding protein C	Homo sapiens		26.382142922948088	26.48700271209876	25.744062623373196	26.129624916054773	26.694015232455644	27.38264067967943	26.537764243717103	26.284892211148115	27.782231837955194	25.624431824843203	26.72973699486722	25.382892049984882	26.12969368654831	25.82607294662829	26.421482962445978	26.77135909206434	26.60437445311452
P11277	16	SPTB	1.0	sp|P11277|SPTB1_HUMAN	P11277	SPTB1_HUMAN	Spectrin beta chain, erythrocytic	Homo sapiens		22.878650430081276	23.545738925640375	21.422401585101305	23.061515239925402	22.24274511422996	22.076988476979636	22.82447176523866	23.14901004744441	22.812153245387243	22.498799732391397	22.8772955984429	23.4599948778949	22.758295416619106	21.484872891217076	NA	22.9622083365225	22.91919770875044
P11413	3	G6PD	0.9999	sp|P11413|G6PD_HUMAN	P11413	G6PD_HUMAN	Glucose-6-phosphate 1-dehydrogenase	Homo sapiens		22.78420629692818	23.34497537858234	21.86485525208014	22.132336316144833	21.6477977403552	NA	22.593880464006475	21.42356549825405	23.127166791708152	22.055610335071357	NA	23.945763885615246	21.205104438947163	NA	NA	23.100591363637022	22.770793346452855
P11586	2	MTHFD1	0.9874	sp|P11586|C1TC_HUMAN	P11586	C1TC_HUMAN	C-1-tetrahydrofolate synthase, cytoplasmic	Homo sapiens		20.46573022891223	20.040747974572547	19.15655099273687	20.333742036508728	18.796954784403084	19.311219158326267	19.82710594145311	20.651119664693706	19.608782106929564	20.362016003868245	20.038028710207143	21.182720763746556	21.68385019028682	NA	NA	20.367315825333733	20.481785417362676
P11597	5	CETP	0.9981	sp|P11597|CETP_HUMAN	P11597	CETP_HUMAN	Cholesteryl ester transfer protein	Homo sapiens		25.044646993588646	24.5413663071574	25.72848160421933	25.045775473785987	25.90884930509703	25.4954215334873	25.316257561700485	25.157665316880035	25.503061115554544	25.266072999024363	25.265074396574132	24.3579851726242	25.107518833369337	NA	NA	25.113955636952195	25.1508148390398
P11717	11	IGF2R	1.0	sp|P11717|MPRI_HUMAN	P11717	MPRI_HUMAN	Cation-independent mannose-6-phosphate receptor	Homo sapiens		22.49067140727331	22.38102979557426	22.770383746709232	22.67676165991407	23.09787225411613	22.822727954564378	22.75683731515026	23.129810360032494	22.496807460094754	22.585327040438855	22.122154679001458	21.716872914466872	22.703366349967986	NA	NA	22.200440476788426	22.21657808276179
P11766	2	ADH5	0.9961	sp|P11766|ADHX_HUMAN	P11766	ADHX_HUMAN	Alcohol dehydrogenase class-3	Homo sapiens		20.075101971378484	21.01860867230592	19.005488173530104	19.68756448983355	19.874357132861082	19.914604372182907	19.76249855787157	19.984015455829017	19.801454539702338	19.784353232408545	19.199661138582446	21.15135887815309	19.593733866379953	NA	NA	19.356350129775848	19.939448492603173
P11940	1	PABPC1	0.9874	sp|P11940|PABP1_HUMAN	P11940	PABP1_HUMAN	Polyadenylate-binding protein 1	Homo sapiens	sp|Q9H361|PABP3_HUMAN	19.886694420414358	19.527487977074596	NA	NA	NA	NA	NA	NA	NA	19.17920389416731	20.062298390455503	20.13814366111937	NA	NA	NA	NA	NA
P12109	1	COL6A1	0.9924	sp|P12109|CO6A1_HUMAN	P12109	CO6A1_HUMAN	Collagen alpha-1(VI) chain	Homo sapiens		20.469595118706465	20.054361150229404	20.469495189336357	19.78147914976472	19.901120000660928	20.510951918388635	20.114873876117112	21.20797607880988	20.668668153196556	20.984969003615763	20.70837028099078	19.90956634210444	21.983591133942408	NA	NA	20.316468247920277	20.500299029406623
P12110	1	COL6A2	0.9992	sp|P12110|CO6A2_HUMAN	P12110	CO6A2_HUMAN	Collagen alpha-2(VI) chain	Homo sapiens		19.94494690663159	19.33709279783543	NA	NA	20.659440411691563	NA	19.09148015100875	20.128927609254546	20.17105439719005	NA	20.444859847026052	NA	NA	NA	NA	NA	19.825726228839773
P12111	13	COL6A3	1.0	sp|P12111|CO6A3_HUMAN	P12111	CO6A3_HUMAN	Collagen alpha-3(VI) chain	Homo sapiens		22.560896296954922	22.15153144013209	22.78515209425871	22.783935464395498	22.724436689213235	22.7232397862319	22.548935998617694	22.945951226542956	22.734773226099357	22.769418381457314	22.832943861282	22.089047718993783	23.03317017697322	NA	NA	22.516871673702557	22.533895339161738
P12259	22	F5	1.0	sp|P12259|FA5_HUMAN	P12259	FA5_HUMAN	Coagulation factor V	Homo sapiens		26.26746407107554	26.55164884677711	26.911503373714233	26.246781872441723	26.45729529722303	26.080795159306373	26.426350205527168	26.60432848197699	26.65202918294261	26.40280341368122	26.18791480572872	26.246747522011635	26.295704710369304	25.662495192567704	NA	26.465177922085143	26.343709996342383
P12273	4	PIP	0.9987	sp|P12273|PIP_HUMAN	P12273	PIP_HUMAN	Prolactin-inducible protein	Homo sapiens		22.657097664242162	19.964485493901	21.16245490595406	21.145391036475523	21.130270942635264	21.633285626402095	20.766098577999013	20.488992498888052	20.977775413429303	20.56004365614573	21.431892311044162	21.00003741635923	23.87302059239672	NA	24.79207759302401	21.978600444848237	22.409314754917695
P12318	1	FCGR2A	0.9911	sp|P12318|FCG2A_HUMAN	P12318	FCG2A_HUMAN	Low affinity immunoglobulin gamma Fc region receptor II-a	Homo sapiens		18.859445488716148	17.659664273350682	NA	NA	NA	NA	18.6097564571876	19.098651194656377	NA	NA	19.405748520984865	NA	18.538340164098507	NA	NA	NA	NA
P12429	3	ANXA3	0.9968	sp|P12429|ANXA3_HUMAN	P12429	ANXA3_HUMAN	Annexin A3	Homo sapiens		21.66114617298829	20.831286285655647	23.239627236925447	20.361966603574665	21.34080638627515	20.05854529557588	20.25269919362831	19.744467362756534	24.23593092440324	20.190513777308322	NA	20.439929872518295	19.718571992859687	NA	NA	21.053295045674467	20.965200493696077
P12814	19	ACTN1	1.0	sp|P12814|ACTN1_HUMAN	P12814	ACTN1_HUMAN	Alpha-actinin-1	Homo sapiens		25.128902676761	25.265570730375785	23.580423715107937	25.113223736909227	22.141866858664834	23.214733947866772	25.57533928390333	24.710604972434446	23.319985659021768	24.560772691527042	23.171894980953002	27.125525551784158	22.396454373169078	26.032548024899334	24.038923867531132	25.189811535939107	25.381925063475588
P12821	1	ACE	0.9991	sp|P12821|ACE_HUMAN	P12821	ACE_HUMAN	Angiotensin-converting enzyme	Homo sapiens		21.858110144081515	22.176084454348697	21.86381668995321	21.831262116468157	22.168616063592708	22.517793643717834	21.867783711438932	22.130200187120433	22.498225999104875	22.260388593123324	21.72661067568354	21.022684443360866	22.13360539495781	NA	NA	21.604006578866493	21.530313174764007
P12830	2	CDH1	0.9999	sp|P12830|CADH1_HUMAN	P12830	CADH1_HUMAN	Cadherin-1	Homo sapiens		23.26523014274484	23.422921714492208	23.087088504585964	23.85550117569173	24.082082092415433	23.530833443847953	23.3129883730678	23.56749300903868	23.690028579173852	23.122609614894714	23.61615060165808	22.29673797463199	23.75189703054547	NA	23.53197032044838	23.260761572620115	23.241656884946337
P12931	4	SRC	0.9997	sp|P12931|SRC_HUMAN	P12931	SRC_HUMAN	Proto-oncogene tyrosine-protein kinase Src	Homo sapiens		21.813023569225397	22.425619353430164	20.391820185301736	20.96023091420164	18.976445069492062	20.26964065080059	21.269758640554787	21.239573341898897	21.504446201452474	20.893308603364638	19.84952255644997	23.002650672159145	NA	22.635844036687143	NA	20.909644238597355	21.185630123403772
P12955	5	PEPD	0.9996	sp|P12955|PEPD_HUMAN	P12955	PEPD_HUMAN	Xaa-Pro dipeptidase	Homo sapiens		24.63603327215011	24.485303776501222	24.63410873232652	24.478719148183686	24.981902611014682	25.23929794892774	25.146350531382076	24.574624616126165	24.734222904936505	24.741605719272837	24.721652831644374	24.491248119415296	25.206752032467726	NA	NA	24.613584980012437	24.783759860081652
P13224	3	GP1BB	0.9593	sp|P13224|GP1BB_HUMAN	P13224	GP1BB_HUMAN	Platelet glycoprotein Ib beta chain	Homo sapiens		23.867172540640503	24.265432910766016	21.94377163125319	23.7967151025433	21.732342265353036	21.443306904649923	24.466940049120463	23.089050913059864	22.44049989323395	23.332586555021543	21.985576843639137	25.660128884589316	22.18534124232797	NA	NA	24.098755236205733	23.82544575112429
P13473	2	LAMP2	0.9861	sp|P13473|LAMP2_HUMAN	P13473	LAMP2_HUMAN	Lysosome-associated membrane glycoprotein 2	Homo sapiens		20.817747276348197	20.972132433621052	21.16647434680177	20.20886178459594	21.265841246266742	21.904517821605737	20.881669251440528	21.215168738227295	20.845593182949926	20.94362713424567	20.20347181602918	21.03432286399482	20.83571109953291	NA	NA	20.084240635046985	20.575513917257197
P13489	4	RNH1	0.9988	sp|P13489|RINI_HUMAN	P13489	RINI_HUMAN	Ribonuclease inhibitor	Homo sapiens		22.78170879861171	23.341026483800896	23.32500119487492	22.65752296170593	22.58064414623975	22.277082624797288	23.04781591236445	22.798675851704743	23.114504372764667	21.611720009242408	22.421041083368614	23.196944047080496	22.83289962151425	NA	NA	22.415757875186415	22.64562375125881
P13497	1	BMP1	0.9647	sp|P13497|BMP1_HUMAN	P13497	BMP1_HUMAN	Bone morphogenetic protein 1	Homo sapiens		15.971546360485645	16.1540977802887	15.464205931188632	15.878581211691433	14.995317685245041	16.746752016469177	16.05765277572507	15.587107680129302	16.159828570670836	16.615728917777155	16.78482873459906	16.18903582455727	16.522528197732406	NA	NA	15.491103231742146	15.866884757273336
P13501	2	CCL5	0.9855	sp|P13501|CCL5_HUMAN	P13501	CCL5_HUMAN	C-C motif chemokine 5	Homo sapiens		22.6276925668534	23.373457000091495	20.985929016216872	21.988041470956272	20.028025909068397	20.31407772261356	22.595549916078923	21.504239786212946	20.649374156266244	22.23408516147418	NA	24.880580702440707	20.208404056297397	21.581820600124633	NA	22.710339713250754	22.750771680270933
P13591	4	NCAM1	1.0	sp|P13591|NCAM1_HUMAN	P13591	NCAM1_HUMAN	Neural cell adhesion molecule 1	Homo sapiens		23.390934262786395	23.17309181168665	24.21444910242591	23.09127305972728	23.91480699326496	23.94079991310054	23.374553632350036	23.66340632331478	23.5226432116137	23.390290645664198	23.6185497229709	22.998815804176687	24.066513294076863	NA	NA	23.402815334287425	23.359036360375775
P13645	25	KRT10	1.0	sp|P13645|K1C10_HUMAN	P13645	K1C10_HUMAN	Keratin, type I cytoskeletal 10	Homo sapiens		30.29360948548342	30.044726315647353	29.96174548287045	30.78449330523899	30.735647070576622	30.37197242445745	29.51264996475216	30.629189292692892	29.74249160824576	29.104934300143672	31.167237979706705	29.94429495951621	31.11899944587891	NA	30.79807620993517	30.420006986971767	30.385098636536462
P13647	20	KRT5	1.0	sp|P13647|K2C5_HUMAN	P13647	K2C5_HUMAN	Keratin, type II cytoskeletal 5	Homo sapiens		27.51451682161369	27.290495100774486	27.241051720749592	28.036206666197582	28.329105336119483	27.39007433134099	26.62346944183799	28.28972901808408	27.128771606647344	26.949482994071502	27.908507880794062	27.42920955909326	28.37525023178992	NA	NA	27.443751655775873	27.373728780966264
P13667	2	PDIA4	0.9951	sp|P13667|PDIA4_HUMAN	P13667	PDIA4_HUMAN	Protein disulfide-isomerase A4	Homo sapiens		18.665620210325965	18.496811245956383	18.0452719007544	19.14452729455696	NA	NA	17.995449254126495	18.258918737379343	NA	18.800583040916553	NA	18.812419621643457	18.380012604321156	NA	NA	18.400906096380155	NA
P13671	12	C6	1.0	sp|P13671|CO6_HUMAN	P13671	CO6_HUMAN	Complement component C6	Homo sapiens		28.196855913646562	28.357953429472744	28.807016145142534	28.353978371008505	28.475401869753682	28.59860893903255	28.077044824172443	28.15306099734236	28.584585895853536	28.483215257241277	28.470533020047643	28.02810214625591	28.153071664538643	NA	NA	28.34707243071181	28.291700925982262
P13716	4	ALAD	1.0	sp|P13716|HEM2_HUMAN	P13716	HEM2_HUMAN	Delta-aminolevulinic acid dehydratase	Homo sapiens		22.45403568173436	23.053981680990102	22.54923746718387	22.286835509060076	21.57697467125546	20.882719451088693	22.361418350716022	22.152089240896995	22.036505809484577	22.500302680259153	22.50272922360764	23.307852340928193	22.48268986276931	NA	NA	22.11929136494769	22.29647803318956
P13727	2	PRG2	0.9961	sp|P13727|PRG2_HUMAN	P13727	PRG2_HUMAN	Bone marrow proteoglycan	Homo sapiens		22.066619981610284	21.37132263955428	22.515651272909462	22.474705129690022	22.685227364281584	22.88363464832625	21.884518587039853	21.755850467996023	23.20413868155969	21.58502636896923	22.139746208783663	21.67888184021275	22.50385452529527	NA	NA	22.217979949478973	22.068614096352487
P13796	13	LCP1	1.0	sp|P13796|PLSL_HUMAN	P13796	PLSL_HUMAN	Plastin-2	Homo sapiens		24.97666544098859	24.858228999902586	25.64813066918346	24.950149441733267	25.211131414183036	25.374857799670117	24.862190168963267	24.6720019829594	26.330489452505	25.056545555513598	25.332976334428807	24.35026365575374	25.296065900698945	27.07686995029725	NA	24.947169769783454	24.926278601839968
P13798	1	APEH	0.9975	sp|P13798|ACPH_HUMAN	P13798	ACPH_HUMAN	Acylamino-acid-releasing enzyme	Homo sapiens		18.94736310141999	19.60417466987389	19.437867472310884	18.892777356302084	18.23238470168255	NA	18.372381583183454	19.20282895801456	18.257142690179503	17.88210693749246	19.197697663539312	19.424101302798235	19.11794483402879	NA	NA	18.688329860390745	NA
P14151	2	SELL	0.9999	sp|P14151|LYAM1_HUMAN	P14151	LYAM1_HUMAN	L-selectin	Homo sapiens		18.68388985423657	17.737108675519405	19.64361658779998	18.95382345188831	18.72241877018504	19.758435531147434	18.645470270432654	18.586348331057568	19.48833723313643	18.656631950914413	18.94555786164965	18.06847112947147	18.921784423472317	NA	NA	18.409060517110795	18.629502219592656
P14174	1	MIF	0.978	sp|P14174|MIF_HUMAN	P14174	MIF_HUMAN	Macrophage migration inhibitory factor	Homo sapiens		19.898393086471927	20.360187270438143	20.530647409939288	19.519896964083216	NA	NA	19.461063943804174	19.434423861144147	19.73688845995028	19.04085869841895	NA	20.433936842734386	19.11200900329639	NA	NA	NA	NA
P14209	1	CD99	0.9957	sp|P14209|CD99_HUMAN	P14209	CD99_HUMAN	CD99 antigen	Homo sapiens		19.853736726065883	19.223538349283935	19.557326829086723	18.688133951711865	20.569696912322858	20.16634982650423	20.17800820392065	20.213046622806875	20.35612699057407	20.37196505586372	19.652696523838987	20.82929288932103	19.95002288269651	NA	NA	19.956813964928646	19.164012070550452
P14314	5	PRKCSH	1.0	sp|P14314|GLU2B_HUMAN	P14314	GLU2B_HUMAN	Glucosidase 2 subunit beta	Homo sapiens		22.139493718415043	22.65663216570937	22.21206307601698	22.19499350450959	21.56805535451148	21.849381033918622	22.14259846631331	22.14390279782079	21.541248359578223	21.964302059023268	21.59924729848846	23.241484430726118	22.21650306479269	NA	NA	22.30450455415239	22.022833750907743
P14384	1	CPM	1.0	sp|P14384|CBPM_HUMAN	P14384	CBPM_HUMAN	Carboxypeptidase M	Homo sapiens		19.833093585880892	20.103296211382965	19.220593934018858	20.09741357171702	19.521194488959043	19.992303631010284	19.660966953651943	20.277838039978146	20.10547817889157	20.245040751227346	19.901608776934943	18.728946075161158	20.915542568975074	NA	NA	19.944423757323918	19.492184016842298
P14543	4	NID1	0.997	sp|P14543|NID1_HUMAN	P14543	NID1_HUMAN	Nidogen-1	Homo sapiens		22.231511323878042	22.58185755684162	22.106687608517746	22.635814772322927	22.374277239626565	21.859056375242925	21.946511672889425	22.15390547573557	21.730923459157143	22.552249682682408	22.1409386108495	22.71695761946609	22.476827023262892	NA	NA	22.390271068723912	22.163039040358733
P14618	8	PKM	0.9999	sp|P14618|KPYM_HUMAN	P14618	KPYM_HUMAN	Pyruvate kinase PKM	Homo sapiens		24.98127599415808	25.913993734524524	24.404684047567113	25.16949335431573	23.04572950032522	23.75068331187524	25.07221325443043	25.246643155547996	24.691200715094936	24.480207576795213	23.543977179770373	26.223751536313227	23.35652901930467	24.81825981156934	NA	25.043625106022215	24.99926607530189
P14625	8	HSP90B1	0.9996	sp|P14625|ENPL_HUMAN	P14625	ENPL_HUMAN	Endoplasmin	Homo sapiens		22.281443180487763	22.6143734714158	22.49232553363845	22.317525727304254	21.794742820341394	21.945575160111453	22.444331893596324	22.151214195519028	21.61314405383934	21.682252264978942	21.5007894242961	23.37376676293992	21.81517028174719	20.761189469767928	21.81034875508805	22.445152440211654	22.133131304773688
P14770	2	GP9	0.9872	sp|P14770|GPIX_HUMAN	P14770	GPIX_HUMAN	Platelet glycoprotein IX	Homo sapiens		22.44665784195394	23.0752376533524	20.147072214789485	22.741757355454162	19.21930091955862	20.24438371682594	23.166032307554932	22.026172013814875	20.310912510461545	22.369758982356565	20.81607691355131	24.569301258939483	18.574556781149706	21.81236675726305	21.730923681525667	22.797127656037887	22.921336902005542
P14780	3	MMP9	0.9943	sp|P14780|MMP9_HUMAN	P14780	MMP9_HUMAN	Matrix metalloproteinase-9	Homo sapiens		20.875667606636803	20.656040082169714	21.815182478219505	20.93170944536268	21.36850006616744	20.605094130705027	20.956969610741083	20.396501398938504	21.353748610551612	20.734136830315773	21.288741663306443	NA	20.071774012255837	NA	NA	20.826289573893185	NA
P14923	10	JUP	1.0	sp|P14923|PLAK_HUMAN	P14923	PLAK_HUMAN	Junction plakoglobin	Homo sapiens		22.5025670844404	22.110591618423438	22.27135117084164	23.00106137941247	23.385372097946885	22.402348814222023	21.651692292880867	23.200819353252808	21.8826063497857	22.216255074229885	22.25431822010512	22.760034982047916	23.317048252845137	NA	22.810214147284935	22.147768638497855	22.32612565397178
P15144	13	ANPEP	0.9999	sp|P15144|AMPN_HUMAN	P15144	AMPN_HUMAN	Aminopeptidase N	Homo sapiens		23.112655781846293	22.865209787664075	23.18836919097009	22.927086569476483	23.397247328771307	23.62209569485325	23.027393480729366	23.332589830099657	23.66992117998667	23.510777200162835	23.220525105092406	22.664056914112955	24.004876943682795	NA	NA	23.1326762707879	23.108118315069284
P15151	1	PVR	0.9994	sp|P15151|PVR_HUMAN	P15151	PVR_HUMAN	Poliovirus receptor	Homo sapiens		22.327216373681594	22.327440923921127	22.7348918164139	22.687362781639198	21.995111701301948	22.99660820553643	21.88956301545153	22.62956846853307	22.96415396792583	23.03927734959303	22.738488489719153	21.939897094669835	22.97879986567435	21.943375054544358	NA	22.587259958760157	22.538552913442267
P15169	10	CPN1	0.9999	sp|P15169|CBPN_HUMAN	P15169	CBPN_HUMAN	Carboxypeptidase N catalytic chain	Homo sapiens		26.254245839812672	26.066468705584608	26.93069327821872	26.63401772612496	26.245916883504595	26.87415834809143	25.832384903857427	25.985335746108234	26.562464345869564	26.734874253852933	26.618692108770077	25.915243065807903	26.61835797168163	NA	NA	26.38313626261039	26.27658775681501
P15814	6	IGLL1	0.9981	sp|P15814|IGLL1_HUMAN	P15814	IGLL1_HUMAN	Immunoglobulin lambda-like polypeptide 1	Homo sapiens		25.19691110246813	24.70989008783508	24.64404742186716	25.793618365194646	25.27031252456168	24.76619048085944	25.02162602472219	25.483234693524356	24.95385467032769	24.877174565732542	25.265275055896772	23.852158961050687	24.483398446566454	NA	NA	24.983899132650777	24.82444401717796
P15907	1	ST6GAL1	0.9996	sp|P15907|SIAT1_HUMAN	P15907	SIAT1_HUMAN	Beta-galactoside alpha-2,6-sialyltransferase 1	Homo sapiens		20.0592026036468	20.482735500483685	20.04117902256471	20.16788678773279	20.494258712827904	20.24236297212961	20.056430126463493	19.85253363142175	20.437348902108777	20.147870643433507	19.723572676681787	20.57166307923144	20.150958554457166	NA	NA	19.99773405747931	19.84692187478511
P15924	15	DSP	1.0	sp|P15924|DESP_HUMAN	P15924	DESP_HUMAN	Desmoplakin	Homo sapiens		22.989999858547783	22.649354880419363	22.656404449804565	23.683001056893	24.04934246567648	22.701889890321272	22.135985509800186	23.952474797629353	22.549246906361628	22.385871045136497	22.274214852578023	23.133827505844653	23.81822692632149	23.89829756930884	22.886099476654362	23.052995700381807	23.127771974796843
P16070	3	CD44	0.9999	sp|P16070|CD44_HUMAN	P16070	CD44_HUMAN	CD44 antigen	Homo sapiens		23.815388583078274	23.506522801355626	24.53145075197409	23.815388583078274	23.735760541586412	24.495689984726326	23.95880067213903	24.117571931955244	23.93430559453247	23.906048967171785	23.785676210688845	23.469445431043706	24.236414566220585	NA	24.73223038353621	23.82230104359972	24.035217366753987
P16109	1	SELP	0.9891	sp|P16109|LYAM3_HUMAN	P16109	LYAM3_HUMAN	P-selectin	Homo sapiens		22.29754525083265	22.77849670944477	NA	22.14498414478233	NA	NA	22.34325149658537	21.230469978859244	21.366424937082996	21.454898480978994	NA	23.707555386528494	21.210511690605582	NA	NA	21.96875047545525	21.609629362547462
P16157	5	ANK1	0.9989	sp|P16157|ANK1_HUMAN	P16157	ANK1_HUMAN	Ankyrin-1	Homo sapiens		20.6825526359457	21.407095812344014	19.85188415734339	21.112587265428104	20.267482890360668	20.080272220178628	20.56713205338408	20.494734127459918	20.45560955197814	20.445660470543064	20.849137130533144	20.239728401713574	20.492190150453556	NA	19.999035174066094	20.44359710506775	20.759074290064298
P16233	1	PNLIP	0.9946	sp|P16233|LIPP_HUMAN	P16233	LIPP_HUMAN	Pancreatic triacylglycerol lipase	Homo sapiens		19.96717565924393	NA	NA	NA	NA	19.983115864045644	NA	NA	NA	NA	NA	NA	20.44454123669639	NA	NA	NA	NA
P16284	4	PECAM1	0.9947	sp|P16284|PECA1_HUMAN	P16284	PECA1_HUMAN	Platelet endothelial cell adhesion molecule	Homo sapiens		22.54330879912366	22.832881859632792	21.73985167302187	22.307003480165108	21.5931110411682	21.47157285545305	23.229346983217347	22.391691314619692	21.80831991213515	22.49875431398465	21.62939354460387	24.13613610129355	21.705473736675643	22.779895937450654	22.65725839356411	22.63659812497493	22.82560048842055
P16671	1	CD36	1.0	sp|P16671|CD36_HUMAN	P16671	CD36_HUMAN	Platelet glycoprotein 4	Homo sapiens		21.788215698808653	22.39657391051561	20.20175772542405	22.128351808566972	18.865179446389018	19.504325779512996	22.51366602005583	21.691937239702437	20.038793548289313	21.399106594914453	19.867237724241225	23.77224405505297	NA	22.311575513206506	NA	21.89337650944404	22.08961303951577
P16930	3	FAH	0.9997	sp|P16930|FAAA_HUMAN	P16930	FAAA_HUMAN	Fumarylacetoacetase	Homo sapiens		23.120027045034476	22.733594875792722	22.95089169477803	22.5685245422486	22.372640751333464	22.286466904735427	21.368731438615576	23.073978128994728	22.064993879522074	23.425393331310033	23.405222479453403	22.97406671532883	24.0502956842111	NA	NA	22.91409712366269	22.518096796357764
P17174	1	GOT1	0.9729	sp|P17174|AATC_HUMAN	P17174	AATC_HUMAN	Aspartate aminotransferase, cytoplasmic	Homo sapiens		19.89904167267681	19.79939107055999	NA	20.02610635020712	NA	20.297899011862864	19.709523265731956	18.588659972505642	20.434419478658935	19.72465229593209	20.253764571762193	19.65910506731866	20.698457936092932	NA	NA	20.494347964558997	20.013388053812122
P17858	3	PFKL	1.0	sp|P17858|PFKAL_HUMAN	P17858	PFKAL_HUMAN	ATP-dependent 6-phosphofructokinase, liver type	Homo sapiens		21.745060554036545	22.27187034818696	21.077288346771038	22.07105439278739	20.812932137169586	21.00726499950999	21.832281632938017	22.015118115121414	21.148757501576327	21.57556369348502	21.38870199875777	22.487167693450246	22.813943753588948	NA	21.47666729717481	21.722118244419057	21.438087888600183
P17931	2	LGALS3	0.9924	sp|P17931|LEG3_HUMAN	P17931	LEG3_HUMAN	Galectin-3	Homo sapiens		20.195499846540066	20.263907111945315	20.587781266598387	20.6298825295955	20.70873883603839	20.569610929425625	20.099322081399688	20.388588811483796	20.916660872070064	20.02031231179069	20.41169401944009	20.07160037740658	20.005124973030913	NA	NA	19.935001573972066	19.85182894383416
P17936	11	IGFBP3	1.0	sp|P17936|IBP3_HUMAN	P17936	IBP3_HUMAN	Insulin-like growth factor-binding protein 3	Homo sapiens		26.34675783986661	26.076917807372237	27.218034898794564	25.994960699751616	26.91587889097642	26.67477385695539	26.3733053014107	26.537401218767123	26.790617580600895	27.023900433120673	26.954635140437098	25.76840259324838	26.04587439718378	26.35202711147875	NA	26.23232816109696	26.254415943011306
P17987	2	TCP1	0.9941	sp|P17987|TCPA_HUMAN	P17987	TCPA_HUMAN	T-complex protein 1 subunit alpha	Homo sapiens		21.178637369473087	21.335061457108853	20.45341014549252	21.034726666594093	20.365779261580283	20.697340092187595	21.376642192407488	20.398286267607553	20.902036398834227	20.432160121267323	20.44171890933848	22.668872201966842	20.42005702469766	NA	NA	21.267615272733597	20.923496638135738
P18085	1	ARF4	0.9899	sp|P18085|ARF4_HUMAN	P18085	ARF4_HUMAN	ADP-ribosylation factor 4	Homo sapiens		19.782706061571623	21.159603288561343	19.68900118798816	19.539149172017687	17.934704368555614	18.290552824606067	19.656178231037917	20.000401061844972	19.15346782470841	19.445564908253562	18.13472514419264	21.353466479710466	17.997290548236382	19.39641433894681	NA	19.532402261482932	19.825424848378447
P18206	27	VCL	1.0	sp|P18206|VINC_HUMAN	P18206	VINC_HUMAN	Vinculin	Homo sapiens		26.253294835650554	27.37184078904508	25.442316412378	26.09797554780787	24.102540625728395	24.55993983104521	26.43630902275444	26.159643905366533	24.87409349060499	25.670003936454556	24.486690008673705	27.936654061648657	24.034365610661567	26.25159404738338	24.434726031558913	26.189058480853134	26.203932419469034
P18428	4	LBP	0.9998	sp|P18428|LBP_HUMAN	P18428	LBP_HUMAN	Lipopolysaccharide-binding protein	Homo sapiens		22.192830417950084	22.150848166130203	23.527541688609986	21.628898752093686	22.912098598449685	21.434305093249115	22.343382504375963	22.353959471107146	22.808431407948177	22.512620011890746	22.38659130322643	21.687637321490154	21.971389932939196	NA	NA	22.216314209806534	22.198138599331198
P18669	4	PGAM1	1.0	sp|P18669|PGAM1_HUMAN	P18669	PGAM1_HUMAN	Phosphoglycerate mutase 1	Homo sapiens		21.716038164072415	22.290656943400833	22.465138739991055	21.286567618095066	21.616622463679544	21.097220848011013	21.337036876861514	21.539487032299718	22.732625048793672	21.59648722755906	20.783877137777843	22.560895737323307	21.781874034871038	20.17087021192909	NA	21.840046629348727	21.615856768656972
P19021	4	PAM	0.999	sp|P19021|AMD_HUMAN	P19021	AMD_HUMAN	Peptidyl-glycine alpha-amidating monooxygenase	Homo sapiens		21.236540982819744	21.00291217811294	21.577516832730424	21.365900430392895	21.050596482449972	21.8908724951767	21.307858541194488	21.40301904059701	21.77719195271109	21.58906697243214	21.42694089744508	20.471526057755252	21.905687074260822	NA	NA	21.15314405090176	21.299755367446267
P19022	2	CDH2	1.0	sp|P19022|CADH2_HUMAN	P19022	CADH2_HUMAN	Cadherin-2	Homo sapiens		20.50594061275138	20.05385288266131	20.319082647879295	20.52586662539586	20.74346875955977	20.765442215265825	20.357651963988573	21.06853920293161	19.946814190596672	20.53712246791536	20.751954933966825	20.44875947943512	21.340400583746987	NA	NA	20.83102771221634	20.559178830856307
P19320	5	VCAM1	1.0	sp|P19320|VCAM1_HUMAN	P19320	VCAM1_HUMAN	Vascular cell adhesion protein 1	Homo sapiens		24.038905142427133	23.300199376066846	24.88148658179583	24.04983396521298	24.29028045996634	25.263819879148524	24.207735869909662	23.94539274661341	24.01893401098817	23.00896486836167	24.031421843852602	23.32924149194448	25.03142747891446	NA	NA	24.152714288463343	24.079477470584443
P19367	2	HK1	0.9994	sp|P19367|HXK1_HUMAN	P19367	HXK1_HUMAN	Hexokinase-1	Homo sapiens		21.291619806552674	21.869941987135313	20.498660589763706	21.069386074948024	19.88774725491026	19.621785629993802	21.674133107090466	20.691339047804124	19.97237720922305	20.154986309209285	19.230757206479346	23.195273752198165	19.15040801273193	19.30866190225428	20.151794740094534	21.278784026411255	21.128662581707776
P19652	18	ORM2	1.0	sp|P19652|A1AG2_HUMAN	P19652	A1AG2_HUMAN	Alpha-1-acid glycoprotein 2	Homo sapiens		29.691252983927697	29.079969509602446	30.779336802763	29.89949350752856	29.81278134652747	30.2868065714867	29.799251709460396	29.86684022758522	29.675872008897585	30.662812954927492	30.08064147009373	29.113089880966992	29.493911209013014	29.393129031846538	29.405709833322906	29.650430387215426	29.67939187972849
P19823	35	ITIH2	1.0	sp|P19823|ITIH2_HUMAN	P19823	ITIH2_HUMAN	Inter-alpha-trypsin inhibitor heavy chain H2	Homo sapiens		30.286293743315053	30.28701256729759	30.811541264405527	30.31898828158049	30.460128473251597	30.641229075843217	30.533702793804963	30.030671290097548	30.663535311213852	30.63017156257541	30.591721603478504	30.184278694632827	30.663585353392936	30.218050800894815	30.51116301193827	30.31265885051159	30.27693818728394
P19827	26	ITIH1	1.0	sp|P19827|ITIH1_HUMAN	P19827	ITIH1_HUMAN	Inter-alpha-trypsin inhibitor heavy chain H1	Homo sapiens		30.73121623087529	30.606178683206238	31.27557096917545	30.73593304815676	30.92770327823281	30.849119149335685	31.062133155192353	30.51578081982199	31.26830891045477	31.12975188113584	31.033705831263653	30.792102476628624	30.860943461760147	30.49540154346256	30.65660263214429	30.79362973287002	30.758198862000402
P19971	2	TYMP	0.9989	sp|P19971|TYPH_HUMAN	P19971	TYPH_HUMAN	Thymidine phosphorylase	Homo sapiens		20.107243787512513	20.649040974449683	19.555253628192748	19.700352573870084	19.314235975602763	19.247232814780332	19.63714986999287	20.005706656641582	19.74863794114887	19.570199819764017	19.389184679393935	21.384816400888955	19.421567386809237	NA	NA	19.52657315054333	20.257895100790286
P20073	3	ANXA7	0.9994	sp|P20073|ANXA7_HUMAN	P20073	ANXA7_HUMAN	Annexin A7	Homo sapiens		22.980092585083536	22.279353221197812	NA	NA	NA	NA	22.195155459281022	NA	22.209778231801707	NA	NA	23.098567007123997	NA	NA	NA	22.398345968370048	NA
P20340	1	RAB6A	0.9919	sp|P20340|RAB6A_HUMAN	P20340	RAB6A_HUMAN	Ras-related protein Rab-6A	Homo sapiens	sp|Q9NRW1|RAB6B_HUMAN	20.821462259590696	21.61487595896902	19.52830757519949	20.768195468058188	19.039885085852596	18.83314172669043	21.442805158042024	20.518535516544183	19.06163844731803	20.782218484486133	18.20078134454667	22.760592651199726	18.723400003944462	NA	NA	20.995306459379062	20.8567672369619
P20742	14	PZP	1.0	sp|P20742|PZP_HUMAN	P20742	PZP_HUMAN	Pregnancy zone protein	Homo sapiens		26.15963908480863	24.598270522583782	27.061435620694727	27.46725393738608	28.208352889223974	27.28835896008615	24.339511281814286	24.306004335142458	24.390546037473374	26.66856604191649	25.121816001201417	26.494976470924996	25.29878709206021	25.93861766126108	24.677045733077286	26.174726829485806	26.02609831557384
P20851	6	C4BPB	1.0	sp|P20851|C4BPB_HUMAN	P20851	C4BPB_HUMAN	C4b-binding protein beta chain	Homo sapiens		27.24405118747861	27.21060875983048	27.602275825940115	27.6409800836745	27.198904803591766	27.789499213304456	27.318525814426692	27.497494526870657	27.35676873554643	27.746948229230416	27.151924184143613	26.92423671815552	27.418591054802306	27.09716610982914	NA	27.145866237576026	27.289376096392235
P20933	1	AGA	0.9734	sp|P20933|ASPG_HUMAN	P20933	ASPG_HUMAN	N(4)-(beta-N-acetylglucosaminyl)-L-asparaginase	Homo sapiens		20.6039764533677	20.374625318960852	20.576695250997552	20.703775912942106	19.287943184117953	20.702393349223723	20.725820659967187	20.728922030670656	21.38214235617464	20.428555030380764	21.262753021051925	19.99143000690552	21.9822576193972	NA	NA	20.495647207593272	20.162117130477835
P21291	2	CSRP1	0.9999	sp|P21291|CSRP1_HUMAN	P21291	CSRP1_HUMAN	Cysteine and glycine-rich protein 1	Homo sapiens		22.508241274527826	23.623802997498995	21.938473489808423	22.345240200160873	20.324581018600217	21.227226224861454	22.82675210758494	22.76247102634604	21.49607022772873	22.407258118485082	20.939970871966697	24.05702390852957	20.259695586287776	NA	22.160102599080375	22.62169600102972	22.519994937866848
P21333	40	FLNA	1.0	sp|P21333|FLNA_HUMAN	P21333	FLNA_HUMAN	Filamin-A	Homo sapiens		26.253472650302278	26.55754335455402	24.786397914041647	26.283452876274286	23.29227489934567	24.258555485395892	26.65194917824254	25.62646822989588	24.43469457608498	25.98082018187023	24.292812042848897	28.137369154473134	23.73476487077896	26.61556629675582	24.70384952153937	26.369849712737704	26.375703966604828
P21399	2	ACO1	0.9818	sp|P21399|ACOHC_HUMAN	P21399	ACOHC_HUMAN	Cytoplasmic aconitate hydratase	Homo sapiens		19.981247054385467	20.429125007425476	19.179837122886223	19.602050314573653	18.971445338723605	19.33225760232165	19.101068384326165	20.532027878689654	19.045270423953852	19.533128810775274	19.225028463044378	20.489757979837933	21.224740465726985	NA	19.76174312744116	20.087286495078043	19.820548293235436
P22061	2	PCMT1	0.976	sp|P22061|PIMT_HUMAN	P22061	PIMT_HUMAN	Protein-L-isoaspartate(D-aspartate) O-methyltransferase	Homo sapiens		19.72496133329069	19.654217446077492	19.67326170740759	19.45664398969516	18.77619818828392	17.52687910509608	19.526113867071036	19.990011277996928	20.08738435625314	19.67611749566375	18.71562484096932	20.866194975989043	19.18084517150795	NA	NA	20.237383125128837	19.449162249684573
P22105	11	TNXB	0.9999	sp|P22105|TENX_HUMAN	P22105	TENX_HUMAN	Tenascin-X	Homo sapiens		23.408882000029617	23.122411366010823	23.319924673304623	23.155913649481253	23.782781475475726	23.5082223648563	23.707596193419953	23.812301075714448	23.856481112791595	23.626052952815037	23.680076734712372	23.407634858016426	23.547241848166053	NA	22.55917951066179	23.396439476746366	23.570544748285105
P22314	3	UBA1	0.992	sp|P22314|UBA1_HUMAN	P22314	UBA1_HUMAN	Ubiquitin-like modifier-activating enzyme 1	Homo sapiens		21.037987237762326	21.0251938197635	20.742761119555553	20.82578374893474	19.63843480318943	19.75933561388716	20.53797450072227	20.710497509205933	21.022360894666416	20.454362156641903	20.33981546956448	21.36291033180746	20.33004104585879	20.427705843684166	21.384966961760767	21.29513918689735	21.435141970068788
P22352	5	GPX3	1.0	sp|P22352|GPX3_HUMAN	P22352	GPX3_HUMAN	Glutathione peroxidase 3	Homo sapiens		26.49863250807845	26.599472116260227	26.901518930523736	26.497698213391704	26.47840173317402	27.166265344680905	27.048560298648525	26.389826310423384	26.467293386484368	26.493822760799326	26.912060181640946	25.48683292303214	27.07611522179792	NA	26.093629383348702	26.409501291492397	26.39934319896762
P22392	2	NME2	0.996	sp|P22392|NDKB_HUMAN	P22392	NDKB_HUMAN	Nucleoside diphosphate kinase B	Homo sapiens		21.120577375101476	22.132202381079047	20.805796759430322	20.89709241118442	19.990052834317673	19.938851916610638	21.20072461223269	21.204609206386817	20.42167279025054	20.6523216956818	19.490886282706956	22.33914971070397	19.922724730638482	NA	NA	20.961509276271084	21.42383671113684
P22692	1	IGFBP4	0.9905	sp|P22692|IBP4_HUMAN	P22692	IBP4_HUMAN	Insulin-like growth factor-binding protein 4	Homo sapiens		18.78725386799908	18.450771701316256	19.54860216814077	18.386701929089075	19.106710040286224	18.265800044222786	18.01379883624366	19.53270807111306	19.413520086787933	20.467686931860467	18.39206431000334	17.945434342780203	18.979881658211777	NA	NA	18.571400643740084	18.523289935866014
P22735	1	TGM1	0.9997	sp|P22735|TGM1_HUMAN	P22735	TGM1_HUMAN	Protein-glutamine gamma-glutamyltransferase K	Homo sapiens		19.349568844612282	19.769613033390595	19.010901298998753	19.711561714727203	19.417311300534667	19.188406197296207	18.062736778614077	18.762364891133146	NA	NA	18.810029827946842	19.75589793282075	20.73740344364813	NA	NA	18.621646706992756	19.270847196372188
P22792	15	CPN2	1.0	sp|P22792|CPN2_HUMAN	P22792	CPN2_HUMAN	Carboxypeptidase N subunit 2	Homo sapiens		27.90400413832376	27.589289673987654	28.44858903648557	28.301175850807645	28.19642662636911	28.157985999672796	28.073247288792455	28.069266247424576	28.113217378359437	28.204864100358996	28.35195083009111	27.886896881859602	28.259213516244632	NA	27.980510152615373	28.03998836689348	27.874156032343556
P22891	9	PROZ	1.0	sp|P22891|PROZ_HUMAN	P22891	PROZ_HUMAN	Vitamin K-dependent protein Z	Homo sapiens		26.18712724650241	26.623342826549376	25.878575923265263	26.663711967717717	26.17069554518156	26.80079415657371	26.811336450222882	26.240315941557572	25.98251952006065	26.20464968949514	26.513685634248038	25.600674816918968	25.768307606424898	25.95361326958065	26.243550741426777	26.357512919293164	26.288431482738126
P22897	7	MRC1	1.0	sp|P22897|MRC1_HUMAN	P22897	MRC1_HUMAN	Macrophage mannose receptor 1	Homo sapiens		20.42680478838585	20.418123797872234	21.061897965497124	20.585186141676207	20.341790240558165	21.04916412116014	20.691644058190324	20.770991483367915	20.727582344758513	20.29278803039106	20.41767554883693	19.743289126028117	20.896771018089137	NA	20.96795350964837	20.293184519410673	20.24367934548152
P23083	6	IGHV1-2	1.0	sp|P23083|HV102_HUMAN	P23083	HV102_HUMAN	Immunoglobulin heavy variable 1-2	Homo sapiens		26.656616300765716	25.197572142683264	25.26735970053657	26.908465906896684	26.992687720552727	26.041353160312486	27.53922450837294	25.364732871205597	27.653554655990096	25.795065366160696	28.07294858897883	26.892414660176396	27.12456888898843	NA	NA	26.93106610054837	26.768837421776933
P23141	2	CES1	0.9997	sp|P23141|EST1_HUMAN	P23141	EST1_HUMAN	Liver carboxylesterase 1	Homo sapiens		21.542556189143525	20.620961336391005	21.23329940617652	20.205497472956342	20.956185040914846	NA	20.597651823192063	22.76002501009371	21.016873474498187	20.111777237578046	21.45679363335102	NA	22.345846105396827	NA	NA	22.351354081835257	21.678771382793972
P23142	17	FBLN1	1.0	sp|P23142|FBLN1_HUMAN	P23142	FBLN1_HUMAN	Fibulin-1	Homo sapiens		28.404805040633924	28.261248778562827	28.460456676445993	28.435285663228722	28.513968391477068	28.88335402680822	28.52178878114476	28.953668282046937	28.255150312081188	28.19188548936157	28.566844133105604	27.653061897045106	29.455216306672288	NA	NA	28.336676809603457	28.401305357782356
P23219	1	PTGS1	0.9884	sp|P23219|PGH1_HUMAN	P23219	PGH1_HUMAN	Prostaglandin G/H synthase 1	Homo sapiens		20.51044946997678	20.723663051226193	18.80912190922026	21.06043860422721	18.793091874485675	18.888975804030427	21.169200832754637	20.481411182947358	19.417541821099906	20.4831686128865	19.473490616107423	22.486118197941973	NA	21.000297600393406	NA	20.817896014598357	20.504551762196204
P23284	2	PPIB	0.9947	sp|P23284|PPIB_HUMAN	P23284	PPIB_HUMAN	Peptidyl-prolyl cis-trans isomerase B	Homo sapiens		22.315867797872308	23.34142901185567	21.516781884663637	21.889232003388184	20.8520793863567	20.879891355888102	22.048799139702982	22.06713904382393	21.387559903545988	21.4040832794159	20.845503787304377	23.798826393278855	20.44612181723077	NA	NA	21.911239081271113	21.837906571043852
P23381	1	WARS1	0.9663	sp|P23381|SYWC_HUMAN	P23381	SYWC_HUMAN	Tryptophan--tRNA ligase, cytoplasmic	Homo sapiens		16.484212776669036	16.610918840069324	NA	16.399370005886592	17.135552068300832	16.086264062633926	16.162533037184282	16.64879980401864	16.804988238111612	16.664871014482717	15.633417576883518	16.86404726589549	17.137311644058112	NA	NA	16.138122098672525	16.697429822826734
P23467	1	PTPRB	1.0	sp|P23467|PTPRB_HUMAN	P23467	PTPRB_HUMAN	Receptor-type tyrosine-protein phosphatase beta	Homo sapiens		17.750974761519032	18.053245622638027	NA	17.99672549619663	18.05534260116638	18.80224916520498	17.8016900053241	17.19085441400889	17.70143826711321	18.420076302067773	17.793466568778086	16.575508339972206	17.484726082871465	NA	NA	18.387838834336183	17.063700190366546
P23526	1	AHCY	0.9991	sp|P23526|SAHH_HUMAN	P23526	SAHH_HUMAN	Adenosylhomocysteinase	Homo sapiens		20.671183835083898	20.928757201264744	NA	20.485174730490904	21.11303166446296	NA	20.73539342879325	20.160642847640485	20.479612512228254	NA	20.864194138365384	20.400842882487698	20.69473095384617	NA	NA	20.63162657770274	NA
P23528	5	CFL1	0.9977	sp|P23528|COF1_HUMAN	P23528	COF1_HUMAN	Cofilin-1	Homo sapiens		26.16302157169469	27.099372603653276	25.930218490004037	26.420277059881887	24.518071633399327	24.596540247125926	26.09256469461023	26.000314694785644	26.21597967487157	25.803830441182523	24.143347986086525	27.646230559922763	23.87577224137138	27.07938550474004	NA	25.817737397158123	26.106748025098096
P23588	1	EIF4B	0.9964	sp|P23588|IF4B_HUMAN	P23588	IF4B_HUMAN	Eukaryotic translation initiation factor 4B	Homo sapiens		18.302683097079836	18.274911680988833	NA	NA	NA	NA	17.115677945239174	16.85859996751247	NA	NA	NA	18.752152755226888	NA	NA	NA	18.52247646894439	NA
P24043	3	LAMA2	1.0	sp|P24043|LAMA2_HUMAN	P24043	LAMA2_HUMAN	Laminin subunit alpha-2	Homo sapiens		21.358276450702423	20.759290859501135	22.09640296803376	20.999894016003505	21.43069044924336	21.840701478552795	21.380612695753072	21.79771116161983	21.697553849874083	21.44867105000779	21.49644791327515	20.724266770920917	22.195187317245264	NA	NA	20.792637859523605	21.026357133399564
P24298	1	GPT	1.0	sp|P24298|ALAT1_HUMAN	P24298	ALAT1_HUMAN	Alanine aminotransferase 1	Homo sapiens		19.70927448834795	18.61173076118004	19.17116653359674	19.235102627233605	18.976662035640643	19.283601314879498	19.455737717250216	20.63665352859441	18.50743869639905	20.54236591285222	19.936584891275846	17.804257574096475	21.681484872336775	NA	NA	19.96222080231487	20.013574010945504
P24539	1	ATP5PB	0.9976	sp|P24539|AT5F1_HUMAN	P24539	AT5F1_HUMAN	ATP synthase peripheral stalk subunit b, mitochondrial	Homo sapiens		18.749028611251212	18.813311082757348	16.59069148028192	18.537493590189754	17.347286584033363	17.397103493227352	19.579032837421224	18.291259254638806	16.45628369974287	18.757495957805205	NA	20.758542999382108	16.234970150621187	NA	NA	19.206269145577718	18.875630403322127
P24557	2	TBXAS1	0.9919	sp|P24557|THAS_HUMAN	P24557	THAS_HUMAN	Thromboxane-A synthase	Homo sapiens		19.54069572548293	19.034045096230454	18.03971519795671	19.438988074432157	18.437843567236534	18.37168373759991	20.10881295757491	19.452905285775543	17.7719265488469	19.454696617459483	19.09419249186691	21.13310627585764	17.996064660337037	NA	NA	19.667021038217523	19.41721949996119
P24592	3	IGFBP6	1.0	sp|P24592|IBP6_HUMAN	P24592	IBP6_HUMAN	Insulin-like growth factor-binding protein 6	Homo sapiens		22.915572509610435	22.28335960939364	23.30860533736663	23.619840600697515	23.355461730188754	22.967572235495147	22.776639393475595	22.914969303813255	23.208381454851597	23.09835228558208	23.512121968189795	22.221047984268505	22.850945371110214	NA	NA	23.357840721675544	23.178037765365346
P24593	2	IGFBP5	0.9998	sp|P24593|IBP5_HUMAN	P24593	IBP5_HUMAN	Insulin-like growth factor-binding protein 5	Homo sapiens		22.065789602197242	21.37687157106342	22.433077776695573	21.069830101028725	23.0466905704345	21.993012217100905	22.57412816371278	22.886946213287	22.206996814168427	23.00513350438719	22.60349921965677	21.212571539370032	22.6157613768038	23.690263571054018	NA	21.620665111994683	21.907818632491864
P24666	1	ACP1	0.9967	sp|P24666|PPAC_HUMAN	P24666	PPAC_HUMAN	Low molecular weight phosphotyrosine protein phosphatase	Homo sapiens		18.672903407796277	19.51020403273247	18.35704327290852	18.638560503177093	18.36785131300552	17.09800864327707	18.87440017453497	18.93769009510587	18.476563901286962	18.501062647669904	18.85376537790112	19.866523750488454	18.045266544581903	19.127645665960586	NA	18.742095019203447	18.995082554798252
P24821	10	TNC	1.0	sp|P24821|TENA_HUMAN	P24821	TENA_HUMAN	Tenascin	Homo sapiens		23.2641659169955	22.683885833458884	23.911004844329643	22.77362088469177	24.11140355559696	23.78801146986784	23.89230143768278	23.564208860100788	23.557210669332246	22.799888298731243	23.06959746263453	22.297219380761927	23.685531645472974	NA	NA	23.22214767292131	23.18399748987916
P24844	1	MYL9	1.0	sp|P24844|MYL9_HUMAN	P24844	MYL9_HUMAN	Myosin regulatory light polypeptide 9	Homo sapiens		22.107397325849025	21.862686266188756	NA	21.541702238063884	NA	NA	22.058939649669064	21.01076909921265	NA	20.47947903646376	NA	23.62305109306028	NA	NA	NA	21.482368788710502	22.112501542768452
P25311	16	AZGP1	1.0	sp|P25311|ZA2G_HUMAN	P25311	ZA2G_HUMAN	Zinc-alpha-2-glycoprotein	Homo sapiens		30.96766429387149	30.874517823400453	31.515358247844077	31.040827487996847	31.3186959012869	31.506278585307992	31.164261972982345	30.863596064233075	31.42500195163971	31.271946524827396	31.487919160785058	30.661929632659056	31.106876909149012	NA	31.785821691989096	30.97126730585478	31.026187216578656
P25705	2	ATP5F1A	0.9879	sp|P25705|ATPA_HUMAN	P25705	ATPA_HUMAN	ATP synthase F(1) complex subunit alpha, mitochondrial	Homo sapiens		21.5070385034154	21.299079419047327	NA	21.487951589281497	19.958488913573287	NA	21.36282343115092	20.250546166503717	NA	21.001244960296287	NA	22.87848687036098	NA	22.938770649626868	NA	21.296306378388405	20.578263907387477
P25774	1	CTSS	0.9571	sp|P25774|CATS_HUMAN	P25774	CATS_HUMAN	Cathepsin S	Homo sapiens		21.14581933848619	21.229224231474802	21.788026231587722	21.226421143101387	21.689131938382303	21.669973433270556	21.565300634251585	21.333240847879047	20.893789440496455	20.73814979499241	20.853737958293003	20.79402828128675	21.707657931107633	NA	NA	21.181930265849815	20.94725481856059
P25786	3	PSMA1	0.9912	sp|P25786|PSA1_HUMAN	P25786	PSA1_HUMAN	Proteasome subunit alpha type-1	Homo sapiens		21.622267701169314	21.7793984625542	21.36993253941879	21.5230658096236	21.162821683529206	20.682176970290683	21.783845209349128	21.542049849177808	20.43549830530606	21.41138924796578	21.50584345066349	22.32726403564299	22.978009754127665	NA	NA	21.74022160261819	21.603263020239254
P26038	13	MSN	1.0	sp|P26038|MOES_HUMAN	P26038	MOES_HUMAN	Moesin	Homo sapiens		24.4815148990797	25.35633705300603	24.530478117500067	24.23235995617122	23.533067850607008	23.50750412530061	24.4453727629434	24.412211917462535	24.649265832533036	24.002890111166398	23.363192869300597	25.66964636411597	23.442508404166233	24.01730348534211	22.480803159735295	24.591794065823223	24.337148278865737
P26447	1	S100A4	0.9301	sp|P26447|S10A4_HUMAN	P26447	S10A4_HUMAN	Protein S100-A4	Homo sapiens		19.57557100633851	20.601430714509654	20.05337015381871	18.678377929119332	18.710556873949145	19.232279851523188	19.531759497174015	19.368115217329724	19.869386533755378	19.476842638479702	19.10768063192596	20.84867267061176	19.334342413015168	NA	20.41495886034602	19.642331272322217	19.066037299000232
P26572	1	MGAT1	0.9966	sp|P26572|MGAT1_HUMAN	P26572	MGAT1_HUMAN	Alpha-1,3-mannosyl-glycoprotein 2-beta-N-acetylglucosaminyltransferase	Homo sapiens		19.925137691100957	NA	NA	20.563797432176944	NA	19.923770028367496	NA	NA	NA	NA	NA	NA	19.757819117198895	NA	NA	20.810515139330548	NA
P26640	1	VARS1	0.9969	sp|P26640|SYVC_HUMAN	P26640	SYVC_HUMAN	Valine--tRNA ligase	Homo sapiens		16.424122811749942	16.400780995023947	17.034506676846323	NA	NA	16.13644553590064	16.02422965394493	NA	NA	NA	NA	16.581537606222646	15.737322930485547	NA	NA	NA	NA
P26641	1	EEF1G	0.9928	sp|P26641|EF1G_HUMAN	P26641	EF1G_HUMAN	Elongation factor 1-gamma	Homo sapiens		19.209885960773686	18.635645813610484	NA	19.584113654529258	NA	NA	17.817909187368457	NA	NA	NA	NA	19.537093455476608	NA	NA	NA	NA	NA
P26927	14	MST1	1.0	sp|P26927|HGFL_HUMAN	P26927	HGFL_HUMAN	Hepatocyte growth factor-like protein	Homo sapiens		25.244004103113873	25.274069937273566	25.44242479315131	25.358387847400184	25.582696010579376	25.684774373935667	25.53827515005818	25.167842701938305	25.867037088579906	25.997050348445214	25.526136771313517	24.885675415847146	24.93057628641186	25.407271336122335	NA	25.282626122180325	25.16821547256988
P27105	5	STOM	1.0	sp|P27105|STOM_HUMAN	P27105	STOM_HUMAN	Stomatin	Homo sapiens		23.584006202554335	24.464585644667814	22.185506334778907	23.603062890405024	21.66345467273462	21.829824658374655	24.05806428944407	22.986823562158857	22.598676684263225	22.790864432451052	22.16226593616498	25.385551345410565	21.740050681932033	22.581178477471017	NA	23.588579132611873	23.683136918660416
P27169	22	PON1	1.0	sp|P27169|PON1_HUMAN	P27169	PON1_HUMAN	Serum paraoxonase/arylesterase 1	Homo sapiens		28.82457939764653	28.727836433451	28.86257296527641	28.740603147155042	29.073556211208867	28.96643501256438	28.74906443483171	28.81456855021271	29.266194504489153	29.27676729131716	28.954077593595972	29.280380865071052	29.40761934553821	30.48614773299614	29.123637435489556	28.905193101986693	28.98095152345879
P27487	2	DPP4	0.993	sp|P27487|DPP4_HUMAN	P27487	DPP4_HUMAN	Dipeptidyl peptidase 4	Homo sapiens		21.518306199603884	21.222830065902745	21.376569060749617	21.35739599340166	21.769411999397732	21.646236167365572	21.31756994303036	22.42320710443141	21.6742586297735	22.040421785640227	21.229016439868147	20.543929275812236	22.537058391303262	NA	NA	21.620987726502083	21.48682866757588
P27797	7	CALR	1.0	sp|P27797|CALR_HUMAN	P27797	CALR_HUMAN	Calreticulin	Homo sapiens		25.622665956708058	26.35119927519207	25.244219681753247	25.37128069214646	24.373147382602973	25.059090238014516	25.414091966728407	25.36872525912136	24.97691213823648	24.996283171403462	24.36527704497642	27.211172930330758	24.144456525327065	NA	NA	25.43682294760805	25.278392133928186
P27824	5	CANX	0.9995	sp|P27824|CALX_HUMAN	P27824	CALX_HUMAN	Calnexin	Homo sapiens		21.15318705783253	20.91375959418448	20.46927780656572	21.16133056447415	NA	20.917277611206018	21.209440731584746	20.65600554969098	19.997960364847778	20.551986087103483	19.763014236115577	22.820517146025	19.996255569159857	22.70095005481089	NA	21.30546248220472	20.64988629054198
P27918	11	CFP	0.9995	sp|P27918|PROP_HUMAN	P27918	PROP_HUMAN	Properdin	Homo sapiens		26.764146725172775	26.87085673393622	27.363401081453055	26.752514241658368	26.844680611535335	27.414875443888498	26.705755825415483	26.771320874474007	27.212393793090513	27.363717588058993	26.93221929914806	25.810868500195024	27.02541678611474	25.173392863402547	NA	26.885205931038765	26.80904180968702
P28066	1	PSMA5	0.9825	sp|P28066|PSA5_HUMAN	P28066	PSA5_HUMAN	Proteasome subunit alpha type-5	Homo sapiens		19.598542768338607	19.913780919460937	19.498557087526383	19.714945038215575	18.849189977274488	18.926296021472506	19.935607172089934	19.778651265480196	18.88389146071151	19.433873628604832	19.5830087402165	20.257261930406937	21.038160092003846	NA	19.6236083885752	19.563537300190536	19.974906172661758
P28070	1	PSMB4	0.9965	sp|P28070|PSB4_HUMAN	P28070	PSB4_HUMAN	Proteasome subunit beta type-4	Homo sapiens		21.29686459548465	20.30750925726743	NA	NA	NA	NA	20.62977464232858	NA	NA	NA	NA	NA	21.789108110920186	NA	NA	NA	NA
P28072	1	PSMB6	0.9244	sp|P28072|PSB6_HUMAN	P28072	PSB6_HUMAN	Proteasome subunit beta type-6	Homo sapiens		19.544343284581604	18.11834087841896	NA	NA	NA	NA	NA	NA	20.1042662672808	NA	NA	NA	19.798084614226042	NA	NA	NA	NA
P28482	1	MAPK1	0.9802	sp|P28482|MK01_HUMAN	P28482	MK01_HUMAN	Mitogen-activated protein kinase 1	Homo sapiens		18.657342751186942	19.6236990655321	17.569841773880025	17.88828686643022	17.599040961179863	NA	18.970973101149607	18.287143686740936	18.423860568333215	18.32627029836518	17.65902648857705	20.307653840101374	17.209921515335534	20.09333568843115	NA	18.761917594860808	18.657730589076277
P28799	1	GRN	0.9626	sp|P28799|GRN_HUMAN	P28799	GRN_HUMAN	Progranulin	Homo sapiens		19.91936726641906	19.8537350852124	20.790348647932582	NA	20.49661752336823	NA	19.92376510120814	19.111928039339475	19.813997321247072	20.441724956209786	19.52283899821223	18.940046700108585	20.75653090441527	NA	NA	19.74078777992808	NA
P29144	1	TPP2	0.9958	sp|P29144|TPP2_HUMAN	P29144	TPP2_HUMAN	Tripeptidyl-peptidase 2	Homo sapiens		18.10005708574823	17.84425642357612	NA	NA	NA	17.169671806048353	17.287601905931517	17.602105385343688	NA	17.47708412296537	17.201059777911155	19.64090029722229	17.794483440240814	NA	NA	NA	NA
P29279	3	CCN2	0.9917	sp|P29279|CCN2_HUMAN	P29279	CCN2_HUMAN	CCN family member 2	Homo sapiens		20.226326833711287	20.540057347187947	19.318881548253437	19.429645529931403	19.71009718049609	19.86928503020057	19.74016621353578	20.460958642949933	19.46205902700607	20.92542433630699	20.02756481196862	21.398068672466003	19.45217758808524	NA	NA	20.252493765529316	19.927809453003327
P29350	1	PTPN6	0.9855	sp|P29350|PTN6_HUMAN	P29350	PTN6_HUMAN	Tyrosine-protein phosphatase non-receptor type 6	Homo sapiens		18.784230425632284	19.025395793773548	18.48201983489939	NA	NA	NA	18.480810309521644	18.373068907281507	18.080938383392773	18.161020823568716	NA	19.326700022142205	NA	NA	NA	NA	NA
P29401	5	TKT	1.0	sp|P29401|TKT_HUMAN	P29401	TKT_HUMAN	Transketolase	Homo sapiens		22.985738468737125	23.34287047265101	23.30929195751462	22.499600857304088	22.930416571850245	22.674004605172673	22.686438626035205	23.203913459315718	23.975892338604048	22.553002468284497	22.85235285625757	23.040196703141046	23.32057408785293	NA	22.612792791869563	23.10084241130014	23.19541639953142
P29622	11	SERPINA4	1.0	sp|P29622|KAIN_HUMAN	P29622	KAIN_HUMAN	Kallistatin	Homo sapiens		28.16482923259824	27.960854929689123	28.192892262514857	28.360412674342033	28.360616923337734	28.6924989288101	28.38542521799939	28.35701333224987	28.719967373918468	28.506594319063183	28.51935106241176	28.056040041816853	28.424260065355174	28.52568751371422	29.629503712600883	28.268419053214412	28.00338736974962
P30041	4	PRDX6	0.9997	sp|P30041|PRDX6_HUMAN	P30041	PRDX6_HUMAN	Peroxiredoxin-6	Homo sapiens		24.60609985594251	25.709808425755885	24.510469236121416	24.330962148633976	23.829971979256097	23.21862055660053	24.65885467663202	24.503654109734235	24.156365252581626	24.410571534182136	23.853129425396485	25.771814061552877	23.892480289767924	NA	23.768552841399185	24.580039628539204	24.78028331989625
P30043	2	BLVRB	0.9988	sp|P30043|BLVRB_HUMAN	P30043	BLVRB_HUMAN	Flavin reductase (NADPH)	Homo sapiens		23.24848488817021	23.29713921279755	23.747767112044023	23.25365201030321	23.37509362600014	22.54050472947267	22.68102805687521	23.632280430389706	23.600702732164674	23.177106932918782	23.893392163538454	23.778304382760187	23.482456570111797	NA	NA	23.282129853434085	23.35514734511904
P30044	1	PRDX5	0.9995	sp|P30044|PRDX5_HUMAN	P30044	PRDX5_HUMAN	Peroxiredoxin-5, mitochondrial	Homo sapiens		19.224378797445763	19.895019887960604	19.255045359679407	18.483981206508897	17.997217947769336	NA	19.018198989251427	17.72430115914676	20.204776856590083	17.80961617168142	NA	20.00208697609611	NA	NA	NA	19.41625759100565	19.455978149464052
P30086	2	PEBP1	1.0	sp|P30086|PEBP1_HUMAN	P30086	PEBP1_HUMAN	Phosphatidylethanolamine-binding protein 1	Homo sapiens		21.961290217375687	22.693563794466787	22.174162849621954	22.001972920934318	21.3923542780055	20.51460304424149	21.778948269062223	22.23484131311193	22.071112150694447	21.995979089818075	21.62488828528163	22.68575939888732	21.766358375765268	NA	NA	21.84610439905092	22.218584187388192
P30101	7	PDIA3	0.9999	sp|P30101|PDIA3_HUMAN	P30101	PDIA3_HUMAN	Protein disulfide-isomerase A3	Homo sapiens		23.818882886660496	24.666005338964	23.606342633860947	23.845136357636445	22.004615212716793	22.900677603839902	24.033965909920575	23.747125249744887	22.6990478220117	23.47276126145361	22.29026537850081	25.53271523075727	22.159319850115487	23.867929147207825	22.11057010041166	23.98519262655084	23.865030124858055
P30273	1	FCER1G	0.9988	sp|P30273|FCERG_HUMAN	P30273	FCERG_HUMAN	High affinity immunoglobulin epsilon receptor subunit gamma	Homo sapiens		21.2435698997689	21.57547016463664	19.833341344910096	20.74843289253345	NA	20.03799939461082	21.441094488771274	20.880239893896935	NA	20.566087786146124	19.68952962867877	22.905080360505547	NA	NA	NA	21.512217522841322	21.030740970959414
P30740	6	SERPINB1	0.999	sp|P30740|ILEU_HUMAN	P30740	ILEU_HUMAN	Leukocyte elastase inhibitor	Homo sapiens		23.217758461649144	23.607023510010116	23.779810566968546	22.5416116849865	23.155789100753758	22.409051340515425	23.165859734408933	23.123717514094945	24.58791760715234	22.55846348183676	21.981521440273685	24.17126607815398	21.916157310977304	20.215406062670112	22.171526297174392	22.92232737633313	23.168812592282674
P31040	1	SDHA	0.9999	sp|P31040|SDHA_HUMAN	P31040	SDHA_HUMAN	Succinate dehydrogenase [ubiquinone] flavoprotein subunit, mitochondrial	Homo sapiens		19.201239832500427	18.535073751486618	NA	NA	NA	NA	18.898537255605458	NA	NA	NA	NA	19.40356500427305	NA	NA	NA	19.201352124502304	NA
P31146	4	CORO1A	1.0	sp|P31146|COR1A_HUMAN	P31146	COR1A_HUMAN	Coronin-1A	Homo sapiens		21.50578895137184	22.309791077954333	21.110066939813237	21.316870049971882	20.455085043770172	19.687168964531082	21.42889787073263	20.67471289764496	22.084660230477247	21.246084358592007	19.825756446771102	23.010031075871936	20.049068036782725	NA	19.886529507097713	21.611857625409492	21.527355612531778
P31150	3	GDI1	0.9982	sp|P31150|GDIA_HUMAN	P31150	GDIA_HUMAN	Rab GDP dissociation inhibitor alpha	Homo sapiens		21.063333304467456	21.971910945095242	20.605801622326315	21.015373468030102	18.697057542513555	19.649129599245402	21.335772049008806	20.720166609560803	20.635665837482147	20.676136765062004	19.762005411722335	22.30081126491228	19.665528058316536	NA	NA	20.863015828919444	21.09565241583646
P31151	2	S100A7	0.9865	sp|P31151|S10A7_HUMAN	P31151	S10A7_HUMAN	Protein S100-A7	Homo sapiens		20.75641944158592	20.635017073099725	19.468179703221754	19.182806708324268	20.21147901496435	20.252304685145873	18.73235303719818	20.518729651698	18.823404659248215	19.346574013191713	20.259389406474046	18.83653423514209	23.66892770622566	21.995006511440145	NA	20.463035148340108	20.67874628486312
P31939	1	ATIC	0.9999	sp|P31939|PUR9_HUMAN	P31939	PUR9_HUMAN	Bifunctional purine biosynthesis protein ATIC	Homo sapiens		21.508030845646935	20.382809483761207	NA	NA	NA	NA	NA	NA	NA	NA	NA	21.65178743707303	NA	NA	NA	NA	NA
P31944	3	CASP14	0.9971	sp|P31944|CASPE_HUMAN	P31944	CASPE_HUMAN	Caspase-14	Homo sapiens		20.40142991515897	19.323291677246925	19.889957081075604	19.898054879721865	19.608447532838984	20.12298351409943	19.16932018662845	20.383535170030413	20.186193324702742	19.559936855936176	20.577539801933774	20.328496306124638	21.644231016090746	NA	23.575928508610893	20.227335941315655	20.6573065522864
P31946	2	YWHAB	1.0	sp|P31946|1433B_HUMAN	P31946	1433B_HUMAN	14-3-3 protein beta/alpha	Homo sapiens		20.044084328573987	20.61479483280285	20.143077710379007	19.832402131463112	18.66317123873683	17.592911156387835	20.010113908931608	19.85434377036053	20.312546711282796	19.087185658424016	18.522302451009207	21.53475642986643	18.887306807502053	NA	NA	20.085248273286396	19.779654763610164
P32119	7	PRDX2	0.9991	sp|P32119|PRDX2_HUMAN	P32119	PRDX2_HUMAN	Peroxiredoxin-2	Homo sapiens		25.07024247297238	25.45681619322763	25.18009806005339	24.984434183173654	24.935116710968657	24.403682125469096	24.972773537299993	25.418462699527833	25.275315242776195	24.933029496574253	25.429146362830167	25.316192040390177	25.516059465293733	NA	NA	24.962117061066323	25.348656808066142
P33151	8	CDH5	1.0	sp|P33151|CADH5_HUMAN	P33151	CADH5_HUMAN	Cadherin-5	Homo sapiens		26.008667657865388	25.566238245987908	26.672598361653005	25.564573488235556	26.493085220342763	26.589041117601074	25.84826185774917	26.47221771636001	26.45106172001917	26.72740684193556	26.349515716337283	25.13915015504669	26.52398448017655	26.557448523189226	NA	25.943077638916893	25.89453269117126
P33908	6	MAN1A1	1.0	sp|P33908|MA1A1_HUMAN	P33908	MA1A1_HUMAN	Mannosyl-oligosaccharide 1,2-alpha-mannosidase IA	Homo sapiens		24.377281927985955	24.465261927012342	24.9039753099891	24.373573650092748	24.580305350277172	24.532175679535914	24.495450107715346	24.497809655290418	24.740176403210405	24.488035413976384	24.57690725407408	23.89248102557037	24.689111291980073	NA	NA	24.32777308668679	24.289551347801904
P34096	3	RNASE4	0.9993	sp|P34096|RNAS4_HUMAN	P34096	RNAS4_HUMAN	Ribonuclease 4	Homo sapiens		21.8618444071753	21.67992006800597	21.964738824668558	22.538723868599156	22.228747999107117	21.53692511967981	21.950337355923992	21.78248879421868	22.57997848769894	22.05059674558725	22.338318424283962	21.176448450966127	21.658022965318786	NA	NA	22.111854495145327	21.983066386503808
P34913	1	EPHX2	0.9989	sp|P34913|HYES_HUMAN	P34913	HYES_HUMAN	Bifunctional epoxide hydrolase 2	Homo sapiens		17.7194102130587	17.75616764407068	17.278253630321775	17.36481163762544	NA	NA	16.750340675716416	17.572512254550595	NA	NA	NA	18.51324139236499	18.556438402156	NA	NA	17.199397360495375	17.236370378798895
P34932	1	HSPA4	0.9986	sp|P34932|HSP74_HUMAN	P34932	HSP74_HUMAN	Heat shock 70 kDa protein 4	Homo sapiens		17.894241072034152	17.160720810371842	NA	16.93530986119911	NA	NA	17.04255675417695	18.438635884300098	17.645707189665835	17.520393131356332	NA	18.998489451211068	17.59959545962028	NA	NA	NA	NA
P35443	11	THBS4	1.0	sp|P35443|TSP4_HUMAN	P35443	TSP4_HUMAN	Thrombospondin-4	Homo sapiens		24.254025181159204	23.405775224484145	23.45429180557797	23.687167805437785	23.602943766071515	23.89289811274478	23.69640577565721	26.220885814968288	24.00097412320183	24.554517806960444	24.469501688499527	23.01355172604748	24.870969445995478	NA	24.87999364623036	24.096792649267048	24.147261188289896
P35527	29	KRT9	1.0	sp|P35527|K1C9_HUMAN	P35527	K1C9_HUMAN	Keratin, type I cytoskeletal 9	Homo sapiens		29.167301566993853	28.457345700610215	29.143907914438195	30.096816640671495	29.967221386668722	29.08875066651135	28.48956694138082	29.962618837775143	28.862250666620085	28.39339068047	28.146303674679174	29.740448977705903	29.019532359437957	29.396115615493315	28.130736257864417	29.172865979205977	29.300268395112603
P35542	7	SAA4	1.0	sp|P35542|SAA4_HUMAN	P35542	SAA4_HUMAN	Serum amyloid A-4 protein	Homo sapiens		25.081939239540574	24.812570551046882	25.73928668959433	24.677217744515076	25.492385874523055	25.165917960542785	25.19977394192447	25.26911163338098	25.131304448906764	25.62664298170643	25.119487032897116	25.558195144752492	24.90627876018976	25.93673427626488	NA	25.08385959544589	25.411029083440063
P35555	11	FBN1	1.0	sp|P35555|FBN1_HUMAN	P35555	FBN1_HUMAN	Fibrillin-1	Homo sapiens		22.492247126049378	22.067139046823836	23.057600686268483	22.89135870034839	23.090687956869655	22.789326867045887	22.570331389809837	22.41810026547808	22.652579748963507	22.737855908153726	22.612180135906993	21.95424833843585	23.10909664366353	NA	22.396879696171577	22.398254560699765	22.624737104952423
P35579	31	MYH9	1.0	sp|P35579|MYH9_HUMAN	P35579	MYH9_HUMAN	Myosin-9	Homo sapiens		26.06849241996112	26.28102392575186	24.219689343567836	26.165079236948174	23.22266672505284	23.968523051013726	26.616274261228806	25.50576085393137	23.94269783644278	25.530266216422255	24.048133713537066	28.132108124887786	23.709387287093826	26.34035683520735	24.961552009394442	26.39640997200707	26.387787578940078
P35590	2	TIE1	0.9981	sp|P35590|TIE1_HUMAN	P35590	TIE1_HUMAN	Tyrosine-protein kinase receptor Tie-1	Homo sapiens		19.347224533675462	19.20342200391134	18.993096689924023	19.175326534664507	19.60099025849931	19.5329858951096	18.827434350897885	19.499874469899513	18.942757238321015	19.841537021131963	19.38873450621441	19.25961981140871	19.973146250539372	NA	NA	19.59896164233815	20.104213293333945
P35858	14	IGFALS	1.0	sp|P35858|ALS_HUMAN	P35858	ALS_HUMAN	Insulin-like growth factor-binding protein complex acid labile subunit	Homo sapiens		26.62194937951054	26.297555110540564	27.427091807926896	25.83598998758883	27.089880905194082	26.767507750889344	27.32515617962192	26.646983364100343	27.152217659229887	27.358540310579496	27.245022830231832	25.864213435056158	26.023958729155027	NA	NA	26.4796169291549	26.22656873809537
P35908	27	KRT2	1.0	sp|P35908|K22E_HUMAN	P35908	K22E_HUMAN	Keratin, type II cytoskeletal 2 epidermal	Homo sapiens		28.963010612426242	29.03471573059422	28.285206869628514	29.48830741872759	29.06253694082513	28.93132185385735	28.10198427997181	29.03851804146487	28.469080286692197	27.67505841770655	30.604786650283504	28.9348046178863	29.616356525167564	NA	NA	28.92476662831655	29.011394596993554
P35916	1	FLT4	0.9938	sp|P35916|VGFR3_HUMAN	P35916	VGFR3_HUMAN	Vascular endothelial growth factor receptor 3	Homo sapiens		17.810343676409815	18.11513031965103	18.082375348039786	18.34582892795701	18.23038938471191	18.199561393550887	18.09871854928271	16.841548569847888	17.620010425849483	18.591941880749367	16.663876148242846	16.40645163694881	18.460504271623734	NA	NA	18.57021291111369	17.674584355670557
P36222	1	CHI3L1	0.9792	sp|P36222|CH3L1_HUMAN	P36222	CH3L1_HUMAN	Chitinase-3-like protein 1	Homo sapiens		19.790048710276047	NA	NA	NA	20.281339626115315	NA	NA	19.888954229783344	NA	NA	NA	NA	19.4850490821914	NA	NA	NA	NA
P36871	3	PGM1	0.9776	sp|P36871|PGM1_HUMAN	P36871	PGM1_HUMAN	Phosphoglucomutase-1	Homo sapiens		21.68325633632575	22.268852955949637	21.843955659280407	21.76247805072002	20.57320171602235	20.979920544336768	21.604850832078807	22.192711758562446	21.832185596965957	21.229549685435508	20.96926621235394	22.51950343951316	21.280361597120827	NA	NA	21.427343049514402	22.09018633515792
P36955	13	SERPINF1	0.9999	sp|P36955|PEDF_HUMAN	P36955	PEDF_HUMAN	Pigment epithelium-derived factor	Homo sapiens		28.064031969937755	28.24242171716746	28.050704471942446	28.505101951982333	27.78641151094537	28.147172765205536	27.978337810292032	28.689173424904123	28.00421710722769	28.37674281715725	28.64893669261115	27.454701831346195	28.65249618100037	NA	31.073451061983906	27.966913544760843	27.828095446405907
P36959	1	GMPR	0.9989	sp|P36959|GMPR1_HUMAN	P36959	GMPR1_HUMAN	GMP reductase 1	Homo sapiens		19.658289800276485	20.369776720379146	18.584436109577286	19.528084921182295	18.177135246494377	18.57790122124387	19.768152937880593	19.405643363692967	18.594326036090408	18.857798737886444	NA	21.266266974028046	NA	NA	NA	18.70650417337073	20.01375875710984
P36980	9	CFHR2	1.0	sp|P36980|FHR2_HUMAN	P36980	FHR2_HUMAN	Complement factor H-related protein 2	Homo sapiens		26.531471516586638	26.408785002609733	27.40160566517513	27.234619988356656	26.76795628561269	27.377768282340245	26.848968251619453	26.553275132867107	25.723913700772847	27.089482751413772	26.346644160405752	26.39967619400758	26.272969657216137	28.248016394507577	26.763205647975138	26.61645130333118	26.667093267215282
P37802	7	TAGLN2	0.9997	sp|P37802|TAGL2_HUMAN	P37802	TAGL2_HUMAN	Transgelin-2	Homo sapiens		26.523304526090364	27.768803110827147	25.909140784407068	26.34976359107672	24.708211942908154	24.549696508137917	26.63007059721402	26.75386376968114	25.229556799580735	26.111556840099073	24.649020975168174	27.819660972147116	24.335271572776055	26.450986957922915	23.32310994088951	26.502541012875625	26.489010329119566
P37837	1	TALDO1	0.9989	sp|P37837|TALDO_HUMAN	P37837	TALDO_HUMAN	Transaldolase	Homo sapiens		20.37664141752307	21.278678112875355	20.491564806801872	19.898067171996487	19.35763103959581	19.68996142940828	20.01785042736296	20.3841151435547	21.10413661383591	19.743310637422535	19.706369468434854	21.204413678091964	20.32986949161619	NA	NA	20.565757981780713	20.254167888538603
P39060	3	COL18A1	0.9993	sp|P39060|COIA1_HUMAN	P39060	COIA1_HUMAN	Collagen alpha-1(XVIII) chain	Homo sapiens		22.874626450517887	22.768738206464057	23.137239834206103	23.63669569478854	23.391611378916373	23.167757015417465	22.799129443471596	23.01238941144069	23.11292067664182	22.906431650822487	23.040388770915424	22.612975329081827	23.28126304847871	NA	NA	22.94341817223561	23.087214289219915
P40189	1	IL6ST	0.9961	sp|P40189|IL6RB_HUMAN	P40189	IL6RB_HUMAN	Interleukin-6 receptor subunit beta	Homo sapiens		19.222735952631275	18.270312853145924	NA	NA	NA	NA	NA	NA	NA	NA	NA	NA	NA	NA	NA	NA	NA
P40197	4	GP5	1.0	sp|P40197|GPV_HUMAN	P40197	GPV_HUMAN	Platelet glycoprotein V	Homo sapiens		23.677007583407832	24.093275627686047	23.08179002040395	23.37687931326557	22.860027571685844	22.304944727339976	23.713309375278037	23.248994704971487	23.01476517847289	23.603073359608533	22.8291926729044	25.195021153250295	21.913008404936484	NA	NA	23.192683251848855	23.532890447446963
P40227	2	CCT6A	0.986	sp|P40227|TCPZ_HUMAN	P40227	TCPZ_HUMAN	T-complex protein 1 subunit zeta	Homo sapiens		20.26400347279291	20.8224265173703	19.17916397954253	20.337199493856165	18.671134472303336	19.02074642185936	20.316759047326784	19.50289854350713	18.86566296883597	19.54864701752202	19.056762444841482	22.01219336843528	18.60309991882137	NA	NA	20.048625024272994	20.390862910398575
P40925	1	MDH1	0.985	sp|P40925|MDHC_HUMAN	P40925	MDHC_HUMAN	Malate dehydrogenase, cytoplasmic	Homo sapiens		20.773225577219048	21.612050932523086	20.54588241022278	20.581199500333888	19.745736406438034	18.717560830808647	20.708214296690514	20.55508270350044	21.182090830580183	20.34862702692975	20.71684952492845	21.926069137721008	20.320811394724537	NA	NA	20.661557631944046	21.182377245005476
P40926	1	MDH2	0.9884	sp|P40926|MDHM_HUMAN	P40926	MDHM_HUMAN	Malate dehydrogenase, mitochondrial	Homo sapiens		18.554384999047294	16.88915245334382	NA	18.080273546302752	NA	NA	NA	NA	NA	NA	NA	19.419887933265365	NA	NA	NA	NA	NA
P41222	1	PTGDS	0.9839	sp|P41222|PTGDS_HUMAN	P41222	PTGDS_HUMAN	Prostaglandin-H2 D-isomerase	Homo sapiens		19.363711286958715	19.270740367715465	19.38911987409246	19.225810214816047	19.27036113444671	19.682697034125297	19.485304371274186	19.968898325062057	19.5655509669753	19.13226236367815	19.785570584782157	18.767244041595784	19.897646733017215	NA	NA	19.2962992442689	20.139815512223326
P42574	2	CASP3	0.9908	sp|P42574|CASP3_HUMAN	P42574	CASP3_HUMAN	Caspase-3	Homo sapiens		18.81525514076985	18.38116886012267	NA	19.167366476522687	NA	NA	18.241496289910355	17.7052808048666	NA	17.626328333692797	NA	19.332724776099376	NA	NA	20.724029160158985	NA	NA
P43121	5	MCAM	0.9994	sp|P43121|MUC18_HUMAN	P43121	MUC18_HUMAN	Cell surface glycoprotein MUC18	Homo sapiens		23.36355883818573	22.639391039682458	23.8368628989758	23.327004544004176	23.662652787363907	24.44728903810219	23.213804315963447	23.691539665361336	23.58439940292911	23.289240105153848	23.565066601016607	22.386595144682165	24.173334928939095	NA	NA	23.412177998162573	23.45464010111218
P43251	11	BTD	0.9999	sp|P43251|BTD_HUMAN	P43251	BTD_HUMAN	Biotinidase	Homo sapiens		25.23701319120501	25.015848734604766	25.3648850903857	25.189595872433095	25.213682568644415	25.529258616542595	25.20302216675112	25.600437964161554	25.8284099059913	25.712985702060458	25.704963264622556	25.153643255487825	25.816670551717895	NA	25.151235746422692	25.228767357345088	25.024116415993824
P43405	2	SYK	1.0	sp|P43405|KSYK_HUMAN	P43405	KSYK_HUMAN	Tyrosine-protein kinase SYK	Homo sapiens		20.02370278811328	19.545619161334976	19.55691508927855	NA	NA	NA	19.17412121212383	19.713500950653902	19.924902443642846	19.427834770614798	NA	20.51681004046444	NA	NA	NA	NA	20.391356389225788
P43487	1	RANBP1	0.9867	sp|P43487|RANG_HUMAN	P43487	RANG_HUMAN	Ran-specific GTPase-activating protein	Homo sapiens		17.52998436424382	18.270704233080018	17.687710494619807	16.421873342184305	NA	NA	16.462958635461092	17.591777978855767	17.683644332587974	17.01682869204055	16.079057554900512	18.48640852262114	NA	NA	NA	17.36575349991217	17.741774228468838
P43652	17	AFM	1.0	sp|P43652|AFAM_HUMAN	P43652	AFAM_HUMAN	Afamin	Homo sapiens		29.865737783104876	30.002159643780324	29.659437418220946	29.91477447056194	29.675244970999955	29.970170663937463	29.911213701266053	29.909224099829512	29.890765865678475	30.183732797363454	30.489140674714662	29.412921859154046	30.73242146732552	NA	NA	29.919235406559537	29.79489475296867
P45974	1	USP5	0.9976	sp|P45974|UBP5_HUMAN	P45974	UBP5_HUMAN	Ubiquitin carboxyl-terminal hydrolase 5	Homo sapiens		20.188355703399605	19.091607743059896	NA	NA	NA	NA	NA	NA	NA	NA	NA	20.30900550098353	NA	NA	NA	NA	NA
P46109	2	CRKL	0.9977	sp|P46109|CRKL_HUMAN	P46109	CRKL_HUMAN	Crk-like protein	Homo sapiens		20.16652229360513	20.290924127723983	19.239043549236193	19.054704003999923	NA	NA	19.587274270096984	18.530586147557823	NA	NA	18.843625509674364	21.236361942422555	18.73722967672052	NA	NA	19.091580756569563	20.308115370940346
P46531	2	NOTCH1	0.9958	sp|P46531|NOTC1_HUMAN	P46531	NOTC1_HUMAN	Neurogenic locus notch homolog protein 1	Homo sapiens		20.701142606924627	20.322300608553046	21.350011586832103	20.166883930348018	20.834428287990626	20.84045909345489	20.535660637594905	21.057073305515534	21.13204091985736	21.073920276368487	20.972353683388754	20.48068530791964	21.44010069145089	NA	NA	20.91826951596602	20.39207091181407
P47756	1	CAPZB	0.9945	sp|P47756|CAPZB_HUMAN	P47756	CAPZB_HUMAN	F-actin-capping protein subunit beta	Homo sapiens		19.788738182000696	20.443943883360962	18.70916124460096	19.77081358369429	NA	NA	20.028721921548264	19.349264578556063	18.59369681128473	19.870931584343317	18.345789229466643	21.561659169479153	18.457627545379097	NA	21.26755201715214	20.017990685499107	19.38244734881095
P48059	2	LIMS1	0.981	sp|P48059|LIMS1_HUMAN	P48059	LIMS1_HUMAN	LIM and senescent cell antigen-like-containing domain protein 1	Homo sapiens		23.85834626194868	24.770967410827186	22.95520899419562	23.89676585386207	21.9351689799506	22.024978875895865	24.319945814173686	23.585875554637784	22.730269144488993	23.53271054821261	22.67629468173686	25.755423444876893	21.110655904710256	NA	22.80175835136102	23.95046290495533	23.75433459317914
P48509	1	CD151	0.9887	sp|P48509|CD151_HUMAN	P48509	CD151_HUMAN	CD151 antigen	Homo sapiens		16.806780971574653	17.44988369379148	NA	16.364302527797758	NA	NA	15.657002600426114	14.815817615814908	NA	15.545684793149295	NA	18.06427054309404	NA	NA	NA	16.14705798574902	16.339348541430947
P48594	1	SERPINB4	0.9969	sp|P48594|SPB4_HUMAN	P48594	SPB4_HUMAN	Serpin B4	Homo sapiens		19.19006027230483	19.892238336549006	17.909638929159218	18.663789978945154	18.143385074956413	17.2609011627093	16.53528687468252	18.833316054445017	18.25130365869589	18.371527711032396	18.698209118669805	17.420265885800273	21.777422471565142	NA	NA	19.218809470765763	18.917138585992713
P48637	2	GSS	0.9652	sp|P48637|GSHB_HUMAN	P48637	GSHB_HUMAN	Glutathione synthetase	Homo sapiens		21.09838485712325	21.32070350598258	21.312163812605583	19.94094690666814	20.964518813341908	21.099929869961912	20.93459534125375	21.364305228285364	21.473969637730026	20.95940150884819	20.905734552193334	21.29989194796718	22.209360418148975	NA	NA	21.253634933495047	20.792074701107033
P48668	16	KRT6C	1.0	sp|P48668|K2C6C_HUMAN	P48668	K2C6C_HUMAN	Keratin, type II cytoskeletal 6C	Homo sapiens		27.33042899850599	27.199394838141266	27.23423424255306	26.945790406544347	28.591650231469607	26.084130966968182	26.005807978607766	28.90673660475968	27.463685383885977	27.611683627728866	26.60534011407458	26.763035421529352	27.59723994799987	27.92426023065037	NA	27.239822339109256	27.089687120978915
P48735	2	IDH2	0.9962	sp|P48735|IDHP_HUMAN	P48735	IDHP_HUMAN	Isocitrate dehydrogenase [NADP], mitochondrial	Homo sapiens		21.48701568857828	21.179959069722667	19.175611930999523	20.929944873391914	NA	NA	21.86833068409792	20.67841112882767	20.401710898032192	19.69270589845679	NA	22.332442751056476	NA	NA	NA	21.442637076258976	21.42239038528611
P48740	14	MASP1	1.0	sp|P48740|MASP1_HUMAN	P48740	MASP1_HUMAN	Mannan-binding lectin serine protease 1	Homo sapiens		26.042476574679885	25.99566002065481	26.116429250634745	26.273801257854775	26.111989808187698	26.522625888500237	26.171176468683523	26.319392464245368	26.199314718085034	26.441151051044848	26.516339852214994	25.76738024060633	26.436286503353855	26.079825327457474	25.94116987796369	26.095928429712927	26.13760722132326
P48960	1	ADGRE5	0.9814	sp|P48960|AGRE5_HUMAN	P48960	AGRE5_HUMAN	Adhesion G protein-coupled receptor E5	Homo sapiens	sp|Q9UHX3|AGRE2_HUMAN	22.0299364136445	NA	NA	NA	NA	NA	NA	NA	NA	NA	NA	NA	22.142371798544875	NA	NA	NA	NA
P49407	2	ARRB1	1.0	sp|P49407|ARRB1_HUMAN	P49407	ARRB1_HUMAN	Beta-arrestin-1	Homo sapiens		21.693067941062733	22.057164556724217	21.093203386224705	21.561355429029167	18.04311293506101	20.27696514661588	21.300876010992038	21.40467967684397	20.68587160967663	21.502535526081406	19.159371312353937	22.465575898041063	19.688285939043766	NA	NA	21.761350691762665	21.878207407870015
P49588	1	AARS1	0.9927	sp|P49588|SYAC_HUMAN	P49588	SYAC_HUMAN	Alanine--tRNA ligase, cytoplasmic	Homo sapiens		18.05634559059308	19.20521343171303	17.12811871983619	18.350080566861298	16.73552857743092	16.100502908819053	18.403473094015897	18.361408020142665	16.944577902523495	17.5861072158519	16.35646917959207	19.73647906237442	16.163638448041603	17.909951218452033	NA	18.14712063340307	18.104681408244776
P49593	1	PPM1F	0.9837	sp|P49593|PPM1F_HUMAN	P49593	PPM1F_HUMAN	Protein phosphatase 1F	Homo sapiens		17.531638191434734	18.53705405767803	16.681325620468574	17.529176698108795	16.24297157619782	16.520719565990948	16.32402547063075	17.834195459922853	17.171264571446823	16.99287872267975	16.315738414646408	19.17791042233683	15.64295154213069	NA	NA	17.665117156488904	17.938745971918237
P49720	1	PSMB3	0.9909	sp|P49720|PSB3_HUMAN	P49720	PSB3_HUMAN	Proteasome subunit beta type-3	Homo sapiens		19.303548373701716	19.544932811594162	19.586122348419654	19.10378258511656	NA	17.68931683681589	19.30571633991942	19.23728716109651	18.399945470620445	18.144536974778838	19.80824575051084	20.11907196662966	20.455977606412436	NA	NA	18.977182058303836	19.24565224933388
P49721	1	PSMB2	0.9775	sp|P49721|PSB2_HUMAN	P49721	PSB2_HUMAN	Proteasome subunit beta type-2	Homo sapiens		19.78294474946409	20.10459723033288	19.771433419839926	19.70100816805297	19.48115087270164	19.33851750631064	19.95135683568109	19.812228652956833	18.94105459253566	19.440803187475897	19.734280898727476	20.171500473165494	21.147797637456478	NA	NA	19.823094238884735	19.477648668201777
P49747	8	COMP	1.0	sp|P49747|COMP_HUMAN	P49747	COMP_HUMAN	Cartilage oligomeric matrix protein	Homo sapiens		24.962649606432024	24.808451652442827	24.749424232230833	24.68891648586799	25.321167082206195	24.967456255493573	24.843950253062413	25.922250729978963	24.780023981293716	25.39969974691049	25.430790372209554	23.892103500069386	25.858189984111853	NA	25.514140789450117	24.886348731350747	24.95610897326206
P49755	1	TMED10	0.9946	sp|P49755|TMEDA_HUMAN	P49755	TMEDA_HUMAN	Transmembrane emp24 domain-containing protein 10	Homo sapiens		16.440648189357894	16.62430197538504	NA	16.554117250497573	NA	15.07265278223354	17.06026156866135	15.912097563970082	14.9930419816419	15.939752173801235	13.930097426233255	18.35971168333056	14.152163628314339	NA	NA	16.202690876015943	16.40690346816476
P49908	7	SELENOP	1.0	sp|P49908|SEPP1_HUMAN	P49908	SEPP1_HUMAN	Selenoprotein P	Homo sapiens		28.053241539211403	28.30743194964191	28.105789101035523	28.33969774896316	28.57440828452426	28.494871930272392	28.234872186569945	28.136594770899077	28.2525651437108	28.10159670830289	28.610591412515436	27.687230293860427	27.87453819964668	NA	29.251553039840534	28.0996109090767	28.10430447753069
P49913	3	CAMP	0.9954	sp|P49913|CAMP_HUMAN	P49913	CAMP_HUMAN	Cathelicidin antimicrobial peptide	Homo sapiens		24.486380333051763	24.469147316154263	24.881706660284483	24.381903094534408	23.946325216976128	25.076535774778613	24.198941988073415	24.5549716274607	25.488510031815633	25.426291694462293	25.011293501697892	24.45895252369102	22.930162463639654	NA	NA	24.57009604436701	24.348167090835034
P50148	3	GNAQ	0.974	sp|P50148|GNAQ_HUMAN	P50148	GNAQ_HUMAN	Guanine nucleotide-binding protein G(q) subunit alpha	Homo sapiens		25.113145898135638	25.865851880862284	23.645688120307547	24.846179215942886	24.09124716632318	23.382718619067592	25.480573417558404	24.62248174507723	24.08657561927301	24.598875362233922	23.7176105514342	26.843635982279196	24.370458332037646	NA	25.371601811740806	25.47715487148933	25.00288302898447
P50552	5	VASP	1.0	sp|P50552|VASP_HUMAN	P50552	VASP_HUMAN	Vasodilator-stimulated phosphoprotein	Homo sapiens		23.42194550953437	23.48698686344592	22.299375549719652	23.18246165386821	21.50665707574194	21.415919902989398	23.779733166051614	23.228103250491397	22.047001965919307	23.10754339760497	20.95738786390078	25.136504578855003	21.280480727520043	NA	NA	23.032491792744718	23.41583793090834
P50990	2	CCT8	0.9997	sp|P50990|TCPQ_HUMAN	P50990	TCPQ_HUMAN	T-complex protein 1 subunit theta	Homo sapiens		21.36601201935059	21.461162575872237	NA	20.502581820715818	NA	20.662293833751995	20.807201266550017	20.69479419065975	20.89190120039706	NA	20.887627291562712	22.399829163335685	20.151442803794136	NA	NA	20.841172651802545	20.84476905883496
P50991	1	CCT4	0.9979	sp|P50991|TCPD_HUMAN	P50991	TCPD_HUMAN	T-complex protein 1 subunit delta	Homo sapiens		18.676112466609066	19.455134587244313	16.75213871309134	18.248360701544282	NA	NA	18.974527212940593	18.041560193088813	17.605354064978016	17.350083697843026	17.390044068548164	20.371436948195807	16.425062402124848	NA	NA	18.774658647261923	18.639257221899705
P51149	1	RAB7A	0.9964	sp|P51149|RAB7A_HUMAN	P51149	RAB7A_HUMAN	Ras-related protein Rab-7a	Homo sapiens		17.912098868101197	18.465201447378963	17.108060777122354	17.998382569005845	15.355476923859818	16.1115844490536	18.486836286843108	17.515769557408156	16.44899951643679	17.851453776683865	15.025428775915557	19.969085798288557	15.704144578055029	NA	NA	17.90677010124677	18.443461165066015
P51397	1	DAP	0.986	sp|P51397|DAP1_HUMAN	P51397	DAP1_HUMAN	Death-associated protein 1	Homo sapiens		17.771251734680718	19.24266577039787	17.657658908697314	17.80566449224359	15.714783186585226	15.627864159029965	17.361034875043305	17.771854940477898	17.161964801108216	17.978392228460272	16.109847419198953	19.37339886720477	14.331090743450462	17.26882020664582	NA	17.586419501422686	17.454383449964226
P51572	4	BCAP31	0.9921	sp|P51572|BAP31_HUMAN	P51572	BAP31_HUMAN	B-cell receptor-associated protein 31	Homo sapiens		22.52857574365004	22.48415703036206	20.742718794355817	22.58948281702872	20.79530121744787	20.776800282873968	22.556228593697515	21.782144769907923	21.58960381052458	21.91538870056231	21.437545426643347	24.31501936009906	22.098199695450653	22.798821570267627	22.270980368500076	22.247574430947463	22.495250874226198
P51606	1	RENBP	0.9991	sp|P51606|RENBP_HUMAN	P51606	RENBP_HUMAN	N-acylglucosamine 2-epimerase	Homo sapiens		18.96346402017926	18.011040920693905	NA	NA	NA	NA	NA	NA	NA	NA	NA	NA	NA	NA	NA	NA	NA
P51884	11	LUM	1.0	sp|P51884|LUM_HUMAN	P51884	LUM_HUMAN	Lumican	Homo sapiens		29.06233117594118	28.772149112638193	28.848485142859992	28.961838024801022	29.301617425890377	29.597250883072984	28.930220072427012	29.95067897014216	29.356208801598058	29.3087050589412	29.39806388203659	28.562002178424198	29.5662558169491	NA	NA	29.067519009607004	29.04604102561231
P52209	5	PGD	1.0	sp|P52209|6PGD_HUMAN	P52209	6PGD_HUMAN	6-phosphogluconate dehydrogenase, decarboxylating	Homo sapiens		22.14162516357035	22.418071529721903	22.614756606242658	21.757355291502673	22.214799423275455	20.921938918268964	21.722040901701632	21.935552999210127	23.501879631419236	21.594212209157078	21.97965889315972	22.969396860301607	21.311384027963975	NA	NA	22.302578193861656	22.01675848403078
P52566	5	ARHGDIB	0.9992	sp|P52566|GDIR2_HUMAN	P52566	GDIR2_HUMAN	Rho GDP-dissociation inhibitor 2	Homo sapiens		24.007649388336166	24.646403000903884	24.696211159680423	23.631874305342624	22.87622275280137	23.20844777068513	23.497583718512725	23.72634440906084	25.066580715454602	23.20681183871492	22.801555696387844	25.06882448991518	22.237967918175954	25.394083275791004	NA	24.0759133792265	23.959410340584906
P52848	1	NDST1	0.9866	sp|P52848|NDST1_HUMAN	P52848	NDST1_HUMAN	Bifunctional heparan sulfate N-deacetylase/N-sulfotransferase 1	Homo sapiens		24.62542882291055	23.95105528856665	24.613761976685364	24.457672775792812	24.780511098266068	24.780258986824236	24.813132549908943	24.413477766281098	25.640117511574726	25.130516638478127	25.455187167857748	24.62611702532868	25.02069040746391	NA	NA	24.712664423251027	24.671206615568
P52888	1	THOP1	0.9987	sp|P52888|THOP1_HUMAN	P52888	THOP1_HUMAN	Thimet oligopeptidase	Homo sapiens		17.96583613058352	17.148865304847934	NA	18.136980284317097	NA	NA	NA	NA	NA	NA	NA	17.697294231404822	18.338920529764305	NA	NA	NA	NA
P53004	1	BLVRA	0.9961	sp|P53004|BIEA_HUMAN	P53004	BIEA_HUMAN	Biliverdin reductase A	Homo sapiens		19.27596067027493	18.228697643772122	NA	NA	NA	NA	18.873473094868526	NA	NA	NA	NA	20.03609873925988	18.352400956719936	NA	NA	NA	NA
P53634	2	CTSC	1.0	sp|P53634|CATC_HUMAN	P53634	CATC_HUMAN	Dipeptidyl peptidase 1	Homo sapiens		21.097953597914902	20.79991109277447	20.35030443651896	20.932749828044347	21.09109780689232	21.414733435814618	21.105075515180463	21.25289279963458	20.70956233998544	21.374226353200587	21.559371190922977	21.72866203203778	21.808927862038736	NA	NA	20.88579027540206	21.621689344415294
P54108	7	CRISP3	1.0	sp|P54108|CRIS3_HUMAN	P54108	CRIS3_HUMAN	Cysteine-rich secretory protein 3	Homo sapiens		25.877063576949386	25.31000378497349	26.599614471801846	25.691668713720304	26.065250778919758	26.778548698538504	25.78712251165164	24.992404528379012	27.352274705156916	25.759371998408845	26.499110160149407	25.925736193673156	25.49498754551478	25.64216983025669	25.963012270201713	26.11766809611869	25.833102823341083
P54725	2	RAD23A	1.0	sp|P54725|RD23A_HUMAN	P54725	RD23A_HUMAN	Lysine-specific demethylase RAD23A	Homo sapiens		20.278869048130222	19.864366543350062	20.69054123201423	NA	NA	20.32948549338295	20.05673879943014	20.285977893829823	NA	20.254464642058032	NA	19.855113125334405	NA	NA	NA	NA	20.458306398258394
P54802	2	NAGLU	0.9998	sp|P54802|ANAG_HUMAN	P54802	ANAG_HUMAN	Alpha-N-acetylglucosaminidase	Homo sapiens		19.32194883661032	18.96827312606396	18.737770379753446	19.664154451128805	19.085014006798595	19.49009116401489	19.41833642190918	19.764323696594	19.63697587518975	19.5695121701879	19.703770936723473	19.248336568382804	19.697911201996945	NA	19.96627328701253	19.459036099917803	19.04839359247074
P55056	5	APOC4	1.0	sp|P55056|APOC4_HUMAN	P55056	APOC4_HUMAN	Apolipoprotein C-IV	Homo sapiens		27.500465322737227	27.948054632263663	27.328651101841523	27.702690340265914	27.192432496246266	27.893372159701837	28.52262342588967	27.69069252898024	27.24291055730898	28.159628788264847	27.001847852843934	26.57044982303045	26.111095571723634	NA	NA	27.372685827524833	27.415431861309838
P55058	5	PLTP	0.9997	sp|P55058|PLTP_HUMAN	P55058	PLTP_HUMAN	Phospholipid transfer protein	Homo sapiens		26.68434614302566	26.294008237626045	27.015509679378365	26.43292675194033	26.97216579114318	26.81366261358458	27.10583297632969	26.778589792182526	26.662115100574717	26.924044263794666	27.196323153100288	26.33605740928965	27.434374769298213	NA	26.69694130468415	27.02472702847997	26.4703281818667
P55072	3	VCP	0.9992	sp|P55072|TERA_HUMAN	P55072	TERA_HUMAN	Transitional endoplasmic reticulum ATPase	Homo sapiens		22.07770618551521	22.959589353736263	21.024656160152876	22.15406551866596	20.52348576498604	20.284345642942753	22.103430030431387	22.074111221801374	20.60069579537055	21.540585778534503	20.765988165423337	23.837224921878118	20.880906951800046	22.687547961651042	22.718542222677492	22.295018690581987	22.308160276984168
P55083	1	MFAP4	0.9999	sp|P55083|MFAP4_HUMAN	P55083	MFAP4_HUMAN	Microfibril-associated glycoprotein 4	Homo sapiens		18.659808667919066	17.430122248488974	NA	NA	18.20662680814779	19.5506865798409	18.182173246663826	18.861587185137548	NA	NA	18.24795268531404	17.702579318464323	19.848930170954134	NA	NA	NA	NA
P55103	4	INHBC	1.0	sp|P55103|INHBC_HUMAN	P55103	INHBC_HUMAN	Inhibin beta C chain	Homo sapiens		22.921132788058504	23.273680301705337	23.42041983449093	23.27758650014279	22.84254628963964	22.055472416595062	23.173806050641275	23.566647598350777	22.544477866887995	22.918699454164248	23.179922407686128	22.73346430476159	23.25161780874828	22.408404261068082	22.542632738988292	22.935514153211038	23.00554211676847
P55209	1	NAP1L1	1.0	sp|P55209|NP1L1_HUMAN	P55209	NP1L1_HUMAN	Nucleosome assembly protein 1-like 1	Homo sapiens		19.2593618326259	19.503802043205734	NA	18.982725238268007	NA	18.65620971671068	18.667026463058413	18.70807112055795	18.12757215809708	NA	NA	20.378793928754003	NA	NA	NA	18.840304122849744	NA
P55268	2	LAMB2	0.9791	sp|P55268|LAMB2_HUMAN	P55268	LAMB2_HUMAN	Laminin subunit beta-2	Homo sapiens		20.14535260137231	19.870476764094153	20.882986027930677	NA	20.591406052891518	20.47125398030859	NA	NA	NA	NA	NA	NA	19.996177140792433	NA	NA	20.59538142169081	20.28066120134925
P55285	2	CDH6	0.9867	sp|P55285|CADH6_HUMAN	P55285	CADH6_HUMAN	Cadherin-6	Homo sapiens		21.10042262953421	20.32303657057764	21.53498107127982	21.388152179902352	21.408084124657034	22.095682417113	21.117214283245644	21.504364883667062	20.98084508021476	21.099120507192943	21.377233757591465	20.300892960310648	21.67962611925433	NA	21.03238641900328	21.20467089684419	20.924121824970122
P55290	4	CDH13	0.9965	sp|P55290|CAD13_HUMAN	P55290	CAD13_HUMAN	Cadherin-13	Homo sapiens		23.619671651083497	22.766071301127614	24.004693175119407	23.302005492163648	24.26888340672402	24.043670083331868	23.753070939625093	24.10084297560011	24.309413433555132	24.24142151294049	23.49086847139746	22.694695006112394	23.547096240378405	NA	NA	23.758496723694716	23.990355447053023
P55957	1	BID	0.995	sp|P55957|BID_HUMAN	P55957	BID_HUMAN	BH3-interacting domain death agonist	Homo sapiens		20.361113836389414	21.44302861387371	19.8225479757838	19.501181257009886	18.35367409039444	17.866533728820844	20.04809457975857	20.333512822791516	20.234793045674355	19.924865975577035	NA	21.577054964439135	NA	NA	NA	19.939280692570705	20.23455850535164
P58166	4	INHBE	0.9999	sp|P58166|INHBE_HUMAN	P58166	INHBE_HUMAN	Inhibin beta E chain	Homo sapiens		20.750689201332506	21.080224284239552	20.077236138839638	20.828773813935438	20.29652821385005	19.906193014015727	20.38985242245264	21.57396489341141	19.580070269716256	21.103947310718382	21.259462778785323	19.903253823890715	21.76693401536419	NA	NA	20.32569234462013	20.142437519586924
P58335	2	ANTXR2	0.9998	sp|P58335|ANTR2_HUMAN	P58335	ANTR2_HUMAN	Anthrax toxin receptor 2	Homo sapiens		22.133159036979524	21.90559890200409	22.048934863186073	22.473294549408617	22.745238980745054	22.660734734355756	22.198451775553302	21.9414757750774	22.32253581576907	22.3494799710582	22.492606807056475	22.064103585083817	22.7205088631733	NA	NA	22.139479428457356	22.13943182244228
P58546	3	MTPN	0.9914	sp|P58546|MTPN_HUMAN	P58546	MTPN_HUMAN	Myotrophin	Homo sapiens		22.351574539120385	23.413236590697885	21.765785011906246	22.061584653170613	20.78007329590565	21.086766397204723	21.855127385613223	22.644370920652054	21.535250370364743	21.260346340704338	21.275511747921755	23.812240331335143	20.747969349305148	NA	NA	22.02754236606186	22.41889796145828
P59998	1	ARPC4	0.9897	sp|P59998|ARPC4_HUMAN	P59998	ARPC4_HUMAN	Actin-related protein 2/3 complex subunit 4	Homo sapiens		22.69228250319194	22.084288281127975	NA	21.53256662485572	NA	NA	21.580905911166425	NA	NA	NA	NA	23.57191056711067	NA	NA	NA	NA	NA
P60174	7	TPI1	0.9996	sp|P60174|TPIS_HUMAN	P60174	TPIS_HUMAN	Triosephosphate isomerase	Homo sapiens		24.18276058978835	25.04862899019688	24.513505194950987	24.14893555187275	23.3242772140259	22.69641200915735	24.003446439981328	24.289968806317383	24.427433962216057	23.56572842350891	23.331047142844472	25.513121629485333	23.311179163627994	22.683916013839877	NA	24.09412892295965	24.08075723672611
P60660	2	MYL6	1.0	sp|P60660|MYL6_HUMAN	P60660	MYL6_HUMAN	Myosin light polypeptide 6	Homo sapiens		23.390017741060714	23.78929909610695	21.851427060735304	23.692588814884996	20.656570571720767	21.030450568966938	24.224953829388326	23.02120968748234	21.92558232201985	23.4385544665164	21.642129742074868	25.774278784480604	20.937399321445696	23.495886932320857	22.976898441608487	23.73011979903046	23.803778923411713
P60709	28	ACTB	1.0	sp|P60709|ACTB_HUMAN	P60709	ACTB_HUMAN	Actin, cytoplasmic 1	Homo sapiens		28.980618848066822	29.63683239213389	27.899690324560037	29.014892865201382	26.81207680148152	27.441562322811695	29.462477049364566	28.592193023074	27.768600487987886	28.734001125010494	27.17342743294888	30.95655962317218	26.52008832021702	29.469876525819735	28.888923192082725	29.12609191672852	29.20926074754843
P60842	2	EIF4A1	0.9999	sp|P60842|IF4A1_HUMAN	P60842	IF4A1_HUMAN	Eukaryotic initiation factor 4A-I	Homo sapiens		21.569491088250196	21.584358138254178	NA	NA	NA	NA	NA	NA	NA	20.734560328601034	NA	21.667455055254674	20.631026799027374	NA	NA	NA	NA
P60900	1	PSMA6	0.9996	sp|P60900|PSA6_HUMAN	P60900	PSA6_HUMAN	Proteasome subunit alpha type-6	Homo sapiens		18.660741211432146	18.69717462908391	18.639975486080054	18.160925110700937	NA	18.264624603530045	18.286539233236674	18.238855951987272	17.716456489562695	19.10463366430754	18.932178119931915	18.639455718697103	20.186276629371527	NA	NA	18.53194741266642	NA
P61006	3	RAB8A	0.9997	sp|P61006|RAB8A_HUMAN	P61006	RAB8A_HUMAN	Ras-related protein Rab-8A	Homo sapiens		19.944377760826224	20.894152529125392	18.90371948229685	19.80642173452297	18.012596890706554	18.682287936906153	20.263550569055354	19.615410193445207	18.45837316743895	19.495639959090116	18.390262953587158	21.45716687374709	18.20269387894327	NA	NA	19.838680767757733	20.185435824623298
P61026	3	RAB10	1.0	sp|P61026|RAB10_HUMAN	P61026	RAB10_HUMAN	Ras-related protein Rab-10	Homo sapiens		23.165476139278805	23.848740333138377	21.86087418099296	23.384908908265484	21.238220292591112	21.64456533930946	23.4212788446177	22.375219979131746	22.002467078241146	22.274177484169854	21.485541252045	24.89351604339709	21.687761213735918	NA	NA	23.231382243435235	22.91297471312953
P61081	1	UBE2M	0.9983	sp|P61081|UBC12_HUMAN	P61081	UBC12_HUMAN	NEDD8-conjugating enzyme Ubc12	Homo sapiens		16.532593960073818	17.06404448667031	16.346423301879337	15.54396808683333	NA	NA	16.18495734923868	15.492596245893445	NA	16.40607913693955	15.752763867701095	17.771394681747935	16.0201940097995	NA	NA	NA	16.638142107868543
P61086	1	UBE2K	0.998	sp|P61086|UBE2K_HUMAN	P61086	UBE2K_HUMAN	Ubiquitin-conjugating enzyme E2 K	Homo sapiens		20.465053177629542	NA	NA	NA	NA	20.97067816730162	NA	NA	NA	NA	NA	NA	NA	NA	NA	NA	NA
P61106	2	RAB14	0.9494	sp|P61106|RAB14_HUMAN	P61106	RAB14_HUMAN	Ras-related protein Rab-14	Homo sapiens		21.674445074996903	22.166635167763232	19.750126558370653	21.178498941321905	19.720484225808125	NA	21.646768740564305	21.020677256610078	21.069740359331913	20.954216143606114	19.424884124233966	23.49440076663856	20.263528666324465	NA	NA	21.08208240407722	21.270478098487704
P61158	5	ACTR3	0.9999	sp|P61158|ARP3_HUMAN	P61158	ARP3_HUMAN	Actin-related protein 3	Homo sapiens		22.67430384040351	23.48682250725537	21.646836628170746	22.66213814609111	20.999289011535776	21.201617081444095	22.998230574720377	22.22948023392485	21.69810964661513	22.378117269482114	20.597487077315225	24.267193779704417	20.72943661955205	22.74530066464072	NA	22.71221280471266	22.691223907268537
P61160	2	ACTR2	0.9997	sp|P61160|ARP2_HUMAN	P61160	ARP2_HUMAN	Actin-related protein 2	Homo sapiens		23.431438844389678	24.46153745045373	22.457664363911103	23.64015124671996	20.779142818622674	22.036319862843346	23.91556962312884	23.480278403862993	22.37117056710543	23.2265865150697	21.0834641923689	25.483451646560784	21.161390973757587	23.9855233388906	22.45417701840429	23.490981230637665	23.60095807088293
P61163	1	ACTR1A	0.9842	sp|P61163|ACTZ_HUMAN	P61163	ACTZ_HUMAN	Alpha-centractin	Homo sapiens		18.79518673760754	19.153391547208766	NA	18.0253921047854	17.508240546933937	NA	18.844090437139744	18.444436288390996	18.438539857045704	18.91148191794592	18.355186284644585	20.539382647292907	16.903046599391015	NA	NA	18.882427537406674	18.014115201162923
P61204	1	ARF3	0.9961	sp|P61204|ARF3_HUMAN	P61204	ARF3_HUMAN	ADP-ribosylation factor 3	Homo sapiens	sp|P84077|ARF1_HUMAN	20.535770138528243	21.76153170812539	20.353283996969346	19.570269062474818	18.905222949541812	18.20415826868407	20.64880055375082	20.209849231481503	19.381263944962644	19.58087195615049	NA	22.07627704555493	18.483337970654073	NA	NA	20.351652092912342	20.22160926555679
P61224	5	RAP1B	0.9987	sp|P61224|RAP1B_HUMAN	P61224	RAP1B_HUMAN	Ras-related protein Rap-1b	Homo sapiens		26.192803863831	27.30629404007888	25.550832023311088	26.099668862647636	22.68017699462586	24.0794916177923	26.37371264715692	26.069187569230074	24.83717802201927	25.857871314014556	23.827971113269683	27.88367181934517	21.67818267613491	25.474580083103966	24.62371064408597	26.205001200462352	26.153832601133107
P61225	1	RAP2B	0.9945	sp|P61225|RAP2B_HUMAN	P61225	RAP2B_HUMAN	Ras-related protein Rap-2b	Homo sapiens		19.898329031989803	20.68966584531524	18.23150040204326	19.75838400878803	NA	NA	19.617269525308128	19.20577363218539	17.709991418700863	19.003556821587186	NA	21.31941359732857	NA	NA	NA	19.46265040889601	18.978697179635382
P61604	1	HSPE1	0.9955	sp|P61604|CH10_HUMAN	P61604	CH10_HUMAN	10 kDa heat shock protein, mitochondrial	Homo sapiens		19.77390044612327	19.824249537334374	NA	19.461825768505413	NA	NA	20.240540787770023	19.12757664199856	18.382624537120073	18.576983095030112	NA	21.205694027779696	18.696446461362093	NA	NA	20.07145740994743	19.231552487042332
P61626	4	LYZ	0.9949	sp|P61626|LYSC_HUMAN	P61626	LYSC_HUMAN	Lysozyme C	Homo sapiens		26.422875000514665	26.27432926742808	27.299768310371263	27.181904245908434	26.439072347138328	26.61335190687567	26.458294288155972	26.310469377340947	27.331084592043336	26.391520088687912	26.705298363130204	25.819677653398493	26.122969967554326	NA	NA	26.4737070964416	26.605373394376528
P61769	1	B2M	0.9967	sp|P61769|B2MG_HUMAN	P61769	B2MG_HUMAN	Beta-2-microglobulin	Homo sapiens		22.55602699272468	22.840452303342047	22.856160027429418	22.83382568208209	22.394382067418615	22.61090745184477	22.63654469530784	22.99578391392781	22.378729487870775	22.624580392624846	22.537942336083606	21.76448234124319	23.12403747688353	NA	NA	22.798232920344017	22.91813061769735
P61981	2	YWHAG	0.997	sp|P61981|1433G_HUMAN	P61981	1433G_HUMAN	14-3-3 protein gamma	Homo sapiens		22.700999297008508	22.13331573055204	21.938211548740025	22.3448470259499	NA	21.598575777251067	22.621137128731625	22.440913419631315	NA	NA	NA	23.537892744420997	NA	NA	NA	21.79699008600342	22.222702285495426
P62136	5	PPP1CA	0.9997	sp|P62136|PP1A_HUMAN	P62136	PP1A_HUMAN	Serine/threonine-protein phosphatase PP1-alpha catalytic subunit	Homo sapiens		21.631928191886477	22.206854615177935	20.513424142986963	21.209064025616552	19.54422020625335	20.201139956587944	21.9219341577405	21.008544706098167	20.723195070910407	21.190481833418225	20.295203810353662	23.277700793006705	19.737650765225084	NA	NA	21.480747440466967	21.797405765812034
P62191	1	PSMC1	0.9976	sp|P62191|PRS4_HUMAN	P62191	PRS4_HUMAN	26S proteasome regulatory subunit 4	Homo sapiens		18.759077986814248	17.04507407291647	NA	NA	NA	NA	NA	NA	NA	NA	NA	19.24438597325849	NA	NA	NA	NA	NA
P62258	4	YWHAE	0.9995	sp|P62258|1433E_HUMAN	P62258	1433E_HUMAN	14-3-3 protein epsilon	Homo sapiens		25.151672719329582	25.63862369566658	24.185386246139938	25.073804897578405	23.289752801636418	23.23026313281108	24.610584008683617	24.72422352983449	24.39916199867596	24.29595934787435	24.598292169230632	26.241166416247903	24.111108747767652	25.661614325309536	NA	25.41923681924036	25.001608140173722
P62491	3	RAB11A	0.9994	sp|P62491|RB11A_HUMAN	P62491	RB11A_HUMAN	Ras-related protein Rab-11A	Homo sapiens	sp|Q15907|RB11B_HUMAN	22.11361237844284	22.68020288840249	21.293273088251375	22.166675140035498	20.960156553664515	20.857475173681213	22.059336146959243	21.815641973501926	21.448620109211813	21.93475131971991	21.19862722726765	23.648505348981665	20.96313817634198	22.9834313237241	NA	22.28342396257918	22.508796668875807
P62826	1	RAN	0.977	sp|P62826|RAN_HUMAN	P62826	RAN_HUMAN	GTP-binding nuclear protein Ran	Homo sapiens		19.196445242067966	19.9421703945216	19.44877730399782	18.747639668454728	19.313469279372633	18.23673307963067	19.1831989788764	19.29801974568496	19.577753657315146	19.0476255370108	19.061497996621483	20.226362613398138	19.062457386926436	18.583760189884465	NA	19.56411423526327	19.312397383703047
P62873	4	GNB1	0.9885	sp|P62873|GBB1_HUMAN	P62873	GBB1_HUMAN	Guanine nucleotide-binding protein G(I)/G(S)/G(T) subunit beta-1	Homo sapiens		22.080651466612885	22.770934263530325	21.437077050421	22.164193871267194	20.275184277583612	21.038277173595286	22.403889831133586	21.7201208399303	21.59076366457885	21.67115009227136	21.079891765933358	23.718693330771142	20.71290531805289	22.350260335057705	NA	22.22386691872457	22.221578650511265
P62937	4	PPIA	0.9999	sp|P62937|PPIA_HUMAN	P62937	PPIA_HUMAN	Peptidyl-prolyl cis-trans isomerase A	Homo sapiens		23.430998545025197	23.875166485481444	23.547368614030336	23.30713250203319	22.43181532164487	22.386739881433	23.082490295965368	23.274572740492893	23.546339745183197	23.098423324804024	21.85724454167197	24.875807284510707	22.523235073015247	NA	NA	23.528814823833606	23.495441442750064
P62942	1	FKBP1A	0.9999	sp|P62942|FKB1A_HUMAN	P62942	FKB1A_HUMAN	Peptidyl-prolyl cis-trans isomerase FKBP1A	Homo sapiens		21.262118774528858	22.45402601106256	21.683664825856585	20.967456976453494	20.03528124549003	19.49076443750677	20.915645558375136	21.34577530310129	21.755536413507215	20.650421552789112	19.773043788636635	22.3759528867292	19.47305814062549	NA	NA	21.1202964449256	21.050785294941264
P62993	2	GRB2	0.9997	sp|P62993|GRB2_HUMAN	P62993	GRB2_HUMAN	Growth factor receptor-bound protein 2	Homo sapiens		20.486791083041403	21.302744097724883	19.710977882409377	20.675188456271794	19.379265132791588	19.4348589548394	20.54221742565623	20.204772823082262	20.105175215806558	19.892651357474932	20.05079095105112	21.901912068335157	19.81397687868578	NA	NA	20.298041225250426	20.115001461892493
P63104	5	YWHAZ	0.9999	sp|P63104|1433Z_HUMAN	P63104	1433Z_HUMAN	14-3-3 protein zeta/delta	Homo sapiens		24.17061208929498	24.954574298031698	23.37900057221482	24.246802536538976	22.347768012219955	22.4517939566264	24.197617714673356	23.856940398596695	23.19984614991318	23.850507840947824	22.445260187077963	25.86181902027624	21.551913526300428	24.14656870691816	22.367257157301022	23.87073372045455	24.35801057849311
P67936	6	TPM4	1.0	sp|P67936|TPM4_HUMAN	P67936	TPM4_HUMAN	Tropomyosin alpha-4 chain	Homo sapiens		25.840059316409047	25.977021953956406	24.571294874551015	25.803669927014177	22.853155535187977	23.783951536859682	25.14605869962953	25.196218744431377	24.253834879717854	25.19048380557347	24.95861391443557	26.808203384712783	NA	26.9422294675648	23.600671934626888	26.200676685630395	25.532619972580196
P68032	1	ACTC1	0.9987	sp|P68032|ACTC_HUMAN	P68032	ACTC_HUMAN	Actin, alpha cardiac muscle 1	Homo sapiens	sp|P68133|ACTS_HUMAN	20.97671246207744	NA	NA	20.654621324118178	NA	NA	NA	21.379520538416372	NA	NA	21.19065976611295	NA	NA	NA	NA	NA	NA
P68104	3	EEF1A1	0.9999	sp|P68104|EF1A1_HUMAN	P68104	EF1A1_HUMAN	Elongation factor 1-alpha 1	Homo sapiens	sp|Q5VTE0|EF1A3_HUMAN	21.022519550948143	21.365996396473207	20.730037357721546	20.678905384078753	21.136001939256822	19.79859025436593	21.124563593548068	20.766050266108095	21.14371558348466	20.211944360371692	20.300070588502603	22.159257563758803	22.04502025913668	NA	NA	20.92460591157238	20.83954293565386
P68366	13	TUBA4A	1.0	sp|P68366|TBA4A_HUMAN	P68366	TBA4A_HUMAN	Tubulin alpha-4A chain	Homo sapiens		25.24857816528945	25.940725655102256	23.884274562101588	25.445656544947468	21.87090128005401	22.918140276764134	25.877559882806054	24.84131230680364	23.347940522983954	24.857515691875363	23.088448491036736	27.200093685227184	22.888120201722646	25.57711145097807	23.801238480814867	25.320074302088056	25.46144975918811
P68371	1	TUBB4B	0.9903	sp|P68371|TBB4B_HUMAN	P68371	TBB4B_HUMAN	Tubulin beta-4B chain	Homo sapiens		20.17868074724324	20.769891944461698	17.70951295440811	20.438674538778017	18.582313159995817	18.392577829947978	20.621594672358473	20.09554431369793	18.561083253212114	19.089335617546727	18.557679749255097	21.92846393761058	NA	NA	NA	20.33273585749114	20.772688524884757
P68871	38	HBB	1.0	sp|P68871|HBB_HUMAN	P68871	HBB_HUMAN	Hemoglobin subunit beta	Homo sapiens		30.960080664623167	31.09146951471578	31.282054467500487	30.624055906783006	31.174807548444715	30.290102786692533	30.948191118198526	31.2882853814906	31.18420127278384	31.128169170878817	31.463848726969157	31.12047501006852	31.451182314309836	31.339030524505098	31.045658636325737	31.189839830171007	31.132325299319
P69891	4	HBG1	0.9999	sp|P69891|HBG1_HUMAN	P69891	HBG1_HUMAN	Hemoglobin subunit gamma-1	Homo sapiens		24.5312234167232	22.941392219483717	22.73511618459315	24.68630780379357	23.589204193878288	25.947868820400746	24.40415112667069	23.70575382121748	23.47447267016251	24.492361856706864	25.661820140807535	25.4575503913043	23.991777408908167	NA	24.17803872985711	25.153186009900658	25.224396504971796
P69905	7	HBA2	1.0	sp|P69905|HBA_HUMAN	P69905	HBA_HUMAN	Hemoglobin subunit alpha	Homo sapiens		29.698002472723108	29.798387502529824	30.009229105160014	29.33744445863886	29.69848938775056	29.138248193179713	29.657270191534597	29.983268227235595	30.19263200226662	29.820660483428945	30.069508245149255	29.799749666766324	30.103211509166464	NA	NA	30.061957960037816	29.91561706190356
P78324	2	SIRPA	0.9998	sp|P78324|SHPS1_HUMAN	P78324	SHPS1_HUMAN	Tyrosine-protein phosphatase non-receptor type substrate 1	Homo sapiens		21.31552718417144	21.049186374419403	21.578437460905928	21.440558170051755	21.21862068470963	21.87132009953135	21.09817680352008	21.7505789590997	22.33636846885353	20.433943680010454	20.93964230554034	21.02918647529628	22.153380658310763	NA	NA	21.476662096581066	21.48696169146341
P78371	1	CCT2	0.9997	sp|P78371|TCPB_HUMAN	P78371	TCPB_HUMAN	T-complex protein 1 subunit beta	Homo sapiens		19.587588920722684	20.225358421711015	18.824396691532584	19.02292084987796	NA	18.192585255745637	19.77541052059362	18.34109819716934	NA	19.287365833279523	18.733011157101007	21.52951170949559	17.509803449873935	NA	NA	18.768849042637484	19.40648878580907
P78417	2	GSTO1	0.9454	sp|P78417|GSTO1_HUMAN	P78417	GSTO1_HUMAN	Glutathione S-transferase omega-1	Homo sapiens		23.105785684299825	23.990200483039988	22.748252478391976	22.932240306664475	22.4108215756399	22.27689778017881	23.017189468860444	23.28648659722884	22.88282167874254	23.131146044795834	22.646601717849595	24.258087154730326	23.048274588549614	NA	22.34972668659396	23.003324970970098	23.18465542929088
P80108	18	GPLD1	1.0	sp|P80108|PHLD_HUMAN	P80108	PHLD_HUMAN	Phosphatidylinositol-glycan-specific phospholipase D	Homo sapiens		26.42523284637674	26.915350463170014	26.664470845583427	26.509240810737502	26.56934440614543	27.085944874906623	26.410912756002016	26.476695577000402	26.529571169496176	26.5893392451021	25.986218532635984	25.698218743965587	27.144791491352457	25.890447071792035	25.68010690126252	26.445070847932506	26.45139434520707
P80188	1	LCN2	1.0	sp|P80188|NGAL_HUMAN	P80188	NGAL_HUMAN	Neutrophil gelatinase-associated lipocalin	Homo sapiens		19.451645068435464	19.298382928921924	20.154986273385113	20.145772973563677	19.56718588786176	19.215204426805105	19.473179413371657	19.00811624009083	20.839523274863385	20.068824134851234	19.718297198769307	18.798700213048956	19.209037227721378	NA	NA	18.88392736665499	19.405416225083993
P80511	1	S100A12	0.9252	sp|P80511|S10AC_HUMAN	P80511	S10AC_HUMAN	Protein S100-A12	Homo sapiens		23.254718974586204	20.380452269686177	25.180264845971177	20.607658850424183	23.555574263506895	21.09416833072272	21.13603266383318	20.025660009135933	26.241139534211108	NA	21.08889279940731	20.586518660544478	NA	NA	NA	22.97554668337148	23.109834968622724
P80723	2	BASP1	0.9994	sp|P80723|BASP1_HUMAN	P80723	BASP1_HUMAN	Brain acid soluble protein 1	Homo sapiens		19.17667748553701	18.839123325450604	19.59498954462885	19.425757391762517	19.755407046508186	19.552820035796135	18.93944861432618	19.2481229802901	19.905294657148996	19.535655209238342	19.49619417763843	18.41132801965701	19.66636728978029	NA	NA	19.142356951713108	19.303569366579378
P98160	19	HSPG2	1.0	sp|P98160|PGBM_HUMAN	P98160	PGBM_HUMAN	Basement membrane-specific heparan sulfate proteoglycan core protein	Homo sapiens		23.400447320917472	23.039873496936064	23.440639804140694	23.73433166369102	23.758731193022587	24.104915708807248	23.618172475364844	23.215712808238816	23.600462452884408	23.207727655833075	23.818187722133132	22.682820878054912	24.247953392408526	NA	23.955234962359153	23.44778589078475	23.367164490248964
P99999	1	CYCS	0.9809	sp|P99999|CYC_HUMAN	P99999	CYC_HUMAN	Cytochrome c	Homo sapiens		16.30436261198654	17.0316301795515	NA	16.11982800226158	16.186541400021543	NA	16.710426677174585	15.561775133502643	15.28712362527275	16.37627115998765	15.762542796807512	17.031588562910713	16.117117412631323	NA	NA	16.285147880513076	15.669771620560445
Q00013	1	MPP1	0.994	sp|Q00013|EM55_HUMAN	Q00013	EM55_HUMAN	55 kDa erythrocyte membrane protein	Homo sapiens		17.575083581014276	17.18946538739608	NA	NA	NA	NA	17.813097956501473	16.62575653431825	17.227560253694055	16.779919941694658	NA	18.18242586443721	NA	NA	NA	NA	NA
Q00610	5	CLTC	0.9999	sp|Q00610|CLH1_HUMAN	Q00610	CLH1_HUMAN	Clathrin heavy chain 1	Homo sapiens		20.813061858598626	20.381773866011674	19.486098356930466	20.10213518737054	20.239152579080038	19.320370529091708	20.79860669133904	20.08604899904983	19.422101363761392	20.21653403659674	19.57883102733915	22.381013210058708	19.85492397668093	NA	NA	20.42768030235522	21.048971182253247
Q01433	2	AMPD2	0.9929	sp|Q01433|AMPD2_HUMAN	Q01433	AMPD2_HUMAN	AMP deaminase 2	Homo sapiens		21.301146823659483	20.105490367549844	NA	20.882744103901317	21.0983446894184	NA	20.775399659050795	21.116655317488533	NA	21.940033762415197	20.5666041522327	22.337819183613888	NA	NA	NA	20.968628708379754	20.985748599036597
Q01459	2	CTBS	0.9999	sp|Q01459|DIAC_HUMAN	Q01459	DIAC_HUMAN	Di-N-acetylchitobiase	Homo sapiens		23.68720211066196	23.992621950571376	23.688569091402115	22.85274627609735	23.743665238528255	24.123383885353974	23.9490715096622	24.151404158684464	23.53705034885418	23.784641660108026	23.86213649732079	23.320294394904884	24.353445221785343	NA	NA	23.81276131281276	23.356407493755864
Q01469	1	FABP5	0.9946	sp|Q01469|FABP5_HUMAN	Q01469	FABP5_HUMAN	Fatty acid-binding protein 5	Homo sapiens		19.21610844500889	NA	NA	NA	18.631896731944288	NA	NA	18.091820065073954	NA	19.20316596215965	NA	NA	21.014732249380273	NA	NA	18.892342364183552	18.891072635922402
Q01518	10	CAP1	1.0	sp|Q01518|CAP1_HUMAN	Q01518	CAP1_HUMAN	Adenylyl cyclase-associated protein 1	Homo sapiens		23.751703980700754	24.36542727308931	22.94949201048704	23.61466691060352	22.178602261719522	21.93600938913963	23.863984415757013	23.25078034125392	22.477199519636528	23.55918464427791	21.354911206583942	25.100258891122497	21.29040088104795	23.542568376067138	22.01663889459101	23.56415225575323	23.62690064758119
Q01813	6	PFKP	0.9999	sp|Q01813|PFKAP_HUMAN	Q01813	PFKAP_HUMAN	ATP-dependent 6-phosphofructokinase, platelet type	Homo sapiens		22.073861137621048	22.653156290832005	20.773779277838493	21.850888339861655	19.572759467216212	20.494339839093115	21.895616139901247	21.831382078158185	20.78062837260348	21.804867184207097	20.401422178460418	23.354570713316892	19.924032563704245	NA	NA	21.735259214306893	21.814743317212084
Q02413	6	DSG1	1.0	sp|Q02413|DSG1_HUMAN	Q02413	DSG1_HUMAN	Desmoglein-1	Homo sapiens		22.05016028620294	21.576906466666248	21.641112258287052	22.40839052448313	22.60892073634652	22.188590591441724	21.18645450133874	22.38239154002814	21.48843084473858	21.605391512680658	22.88218299922094	22.238410979931334	22.860200740325357	NA	21.818274636777183	21.899465342659663	22.07249017002514
Q02818	1	NUCB1	0.9999	sp|Q02818|NUCB1_HUMAN	Q02818	NUCB1_HUMAN	Nucleobindin-1	Homo sapiens		18.082010151742484	18.309620008797356	17.408755468397256	18.641806725172607	18.43920030024581	17.592204310486537	18.417291373934916	18.7147845239645	17.27998221098887	19.015617074787666	16.969339610152304	17.138284536210033	19.057969022970763	NA	NA	17.648032798031462	17.797502402999474
Q02952	2	AKAP12	1.0	sp|Q02952|AKA12_HUMAN	Q02952	AKA12_HUMAN	A-kinase anchor protein 12	Homo sapiens		20.21537083125615	19.336396754173876	20.791220095043986	21.17165252437045	20.178410222265022	20.60895057654776	20.11509933411513	20.77279762642807	21.104178628008217	20.832000319248642	20.413067934976343	19.62788006667902	19.328089768492486	NA	NA	20.28229388507842	20.732080469502446
Q02985	2	CFHR3	1.0	sp|Q02985|FHR3_HUMAN	Q02985	FHR3_HUMAN	Complement factor H-related protein 3	Homo sapiens		23.688678383236372	23.62904888249486	23.180048999751573	NA	NA	24.082821982314677	23.61819392432939	23.015966287946323	22.685058582144062	NA	23.237744413022	NA	22.78281887076442	NA	NA	24.127627285283936	NA
Q03154	1	ACY1	0.9877	sp|Q03154|ACY1_HUMAN	Q03154	ACY1_HUMAN	Aminoacylase-1	Homo sapiens		20.23329526981068	19.84661329769941	17.03337170728968	18.90459070989659	18.97757872402064	19.913096600573287	18.99645507027192	21.259924165369206	18.2676607992864	20.51892583155986	20.24496246287457	18.874964545373434	22.839674644434	NA	21.793599143968454	20.186609718528775	20.374847414609103
Q03591	1	CFHR1	0.9999	sp|Q03591|FHR1_HUMAN	Q03591	FHR1_HUMAN	Complement factor H-related protein 1	Homo sapiens		26.266121803218454	26.722645640455937	25.5451869318083	26.173829809486836	25.89783919742234	27.07185446465983	26.67575662866148	26.71124658845879	26.589440113111323	26.05466432218028	25.132347319660035	26.336970648836285	25.23373551720867	NA	NA	26.64875869358762	26.903359030235848
Q04695	5	KRT17	0.9985	sp|Q04695|K1C17_HUMAN	Q04695	K1C17_HUMAN	Keratin, type I cytoskeletal 17	Homo sapiens		24.546514743701728	24.400624113746318	23.89628746802173	24.06417088785426	26.022195395971202	23.09361666608431	22.953778402865428	26.133603292888274	24.594153634384103	24.653989977080577	24.07776049276746	23.891926679013768	24.609837238897665	NA	24.927598947735206	24.559463324902577	24.357413076760995
Q04721	3	NOTCH2	1.0	sp|Q04721|NOTC2_HUMAN	Q04721	NOTC2_HUMAN	Neurogenic locus notch homolog protein 2	Homo sapiens		20.52603385023459	19.790788432192404	21.129592495286335	20.814753942186584	20.692642253020804	21.041168510599846	20.401680335039014	20.5456677538741	20.50366408945067	20.716067295107138	20.500546942194557	20.010766110495766	21.36703958645035	NA	NA	21.314103587052863	20.556484947107617
Q04756	10	HGFAC	1.0	sp|Q04756|HGFA_HUMAN	Q04756	HGFA_HUMAN	Hepatocyte growth factor activator serine protease	Homo sapiens		25.232393294842836	25.196057774017852	25.587744626006714	25.132455857312234	25.198180972961946	25.539904421679648	25.38783664284936	25.40022665378805	25.57281567883038	25.72668893950512	25.74290062555045	25.231591439049012	25.555269406398857	NA	25.052460903256538	25.168464868669037	25.270999696368655
Q04917	4	YWHAH	1.0	sp|Q04917|1433F_HUMAN	Q04917	1433F_HUMAN	14-3-3 protein eta	Homo sapiens		22.314524313788137	23.148733537011722	21.509253420791172	22.343315263783833	20.438057997230036	20.69223454300276	22.898574573002698	22.114909843742772	21.604418373239813	21.816467780894527	20.850964029266212	24.165327356843864	19.5686936657691	21.774249509881813	21.859244300576503	22.502054676287063	22.324967566301993
Q05682	6	CALD1	1.0	sp|Q05682|CALD1_HUMAN	Q05682	CALD1_HUMAN	Caldesmon	Homo sapiens		22.849928230075463	22.840962367388517	21.621952556292133	22.893096827590348	21.23231015673516	21.344450401287933	23.1417367029368	21.88792480892935	21.54026272293162	21.638419257968184	20.87821549045745	24.26477273177298	21.035592435215587	23.35643206277405	22.718912298447453	22.80162806083164	22.957766102921276
Q06033	12	ITIH3	1.0	sp|Q06033|ITIH3_HUMAN	Q06033	ITIH3_HUMAN	Inter-alpha-trypsin inhibitor heavy chain H3	Homo sapiens		29.090332117451258	29.02494145365185	29.952213828070484	29.410407575857846	29.267711900141762	29.34883140387228	29.04620854231845	28.799497214780065	29.778322507667404	28.666001795938925	29.247367801402717	28.941866075981682	29.26394328419145	NA	28.59561190259031	29.27842252145845	29.280017944115713
Q06828	1	FMOD	0.9957	sp|Q06828|FMOD_HUMAN	Q06828	FMOD_HUMAN	Fibromodulin	Homo sapiens		15.087149387489397	NA	NA	NA	NA	NA	NA	15.115758210716953	15.158108174732144	NA	NA	NA	NA	NA	NA	NA	NA
Q06830	1	PRDX1	0.9974	sp|Q06830|PRDX1_HUMAN	Q06830	PRDX1_HUMAN	Peroxiredoxin-1	Homo sapiens		19.547846859442796	19.780380575665568	NA	19.450154207699455	NA	19.052614461671816	19.542383356773918	19.100009492799888	NA	NA	19.883880206309964	19.54556967433621	NA	NA	NA	NA	19.36337144042596
Q07954	3	LRP1	0.9928	sp|Q07954|LRP1_HUMAN	Q07954	LRP1_HUMAN	Prolow-density lipoprotein receptor-related protein 1	Homo sapiens		22.166521901762682	22.109864254494614	22.264011362286762	22.1163037534228	22.30446363209522	22.610731515071908	22.327848319373928	22.745126898766653	22.612946656008	22.624324216361213	22.24868635574453	21.709322462663287	22.36387105731196	NA	NA	22.052999605823196	22.210220361174148
Q07960	1	ARHGAP1	0.9917	sp|Q07960|RHG01_HUMAN	Q07960	RHG01_HUMAN	Rho GTPase-activating protein 1	Homo sapiens		17.729427790721743	18.86135284924125	17.300241999230607	17.910116340219222	16.51299457730771	16.358821306455038	17.586216506284114	17.496156826879666	17.80227597559379	17.62900082752261	15.518335694220026	19.377250969449342	16.820269638090103	18.183384264485124	NA	17.73819351722884	17.773830833251647
Q08188	2	TGM3	0.9944	sp|Q08188|TGM3_HUMAN	Q08188	TGM3_HUMAN	Protein-glutamine gamma-glutamyltransferase E	Homo sapiens		20.155083835499877	19.20797186239319	20.105342814189726	20.269569289132065	21.056557528992336	20.004470439417805	19.31462203712977	20.720073279391883	18.89190973774997	19.853056813935353	20.645318506302118	20.23579097493319	21.591145730598026	NA	NA	19.86702204845942	20.180486677388494
Q08257	1	CRYZ	0.9996	sp|Q08257|QOR_HUMAN	Q08257	QOR_HUMAN	Zeta-crystallin	Homo sapiens		17.911141790863347	17.626816850767998	16.595848013530475	17.81313353240414	16.944648254557507	17.615247891115054	17.392766279345416	18.467523793243714	17.008051044530387	18.457239530290977	17.362477339858508	17.734815155994735	19.962433472949698	NA	NA	17.893085092783554	17.867062529790807
Q08380	14	LGALS3BP	1.0	sp|Q08380|LG3BP_HUMAN	Q08380	LG3BP_HUMAN	Galectin-3-binding protein	Homo sapiens		26.428259393270363	26.160225889256367	26.658820008516955	27.903766884936875	25.608869510268658	26.397764170793604	26.00991769544352	26.99407943822141	25.334426815289227	26.562835316111055	25.876419841040132	25.257150602345273	27.627120984095075	27.899024003246556	27.655176314227965	26.516322368806357	26.389962148283363
Q08495	3	DMTN	0.9993	sp|Q08495|DEMA_HUMAN	Q08495	DEMA_HUMAN	Dematin	Homo sapiens		21.085078377382725	21.700063086084814	19.896020623932145	21.125013130013073	19.39517489909282	19.909108035423717	21.20727969512135	20.99059799345728	19.760417359869418	20.96540271510597	20.001806537687873	22.693984314670843	19.857808939516318	NA	NA	21.393268128336363	21.148123939598502
Q08554	4	DSC1	1.0	sp|Q08554|DSC1_HUMAN	Q08554	DSC1_HUMAN	Desmocollin-1	Homo sapiens		21.42331786115628	21.206117882287455	20.66055962412923	22.338401440263265	22.09664671651684	21.202675139682274	20.7645921344689	21.767820899256073	20.797756824812605	19.85150133699263	22.148939393219795	21.62468899540718	22.066579715973546	NA	NA	21.527817508329097	21.3046190768543
Q08830	1	FGL1	0.9994	sp|Q08830|FGL1_HUMAN	Q08830	FGL1_HUMAN	Fibrinogen-like protein 1	Homo sapiens		17.731750960326263	17.780578661803233	17.990186745683122	17.740805596581023	18.429571581366403	17.57149462177529	17.838579327591194	17.380468778455516	19.120361655114017	17.217802375754566	17.77800930443331	17.62159930712899	17.84349549057301	NA	NA	17.097628899301917	18.01064809108857
Q10588	2	BST1	0.9998	sp|Q10588|BST1_HUMAN	Q10588	BST1_HUMAN	ADP-ribosyl cyclase/cyclic ADP-ribose hydrolase 2	Homo sapiens		21.978007409435275	21.839094977782146	22.531550727957388	22.28187129580786	21.142254151773262	22.7359665803764	21.409014106360534	22.369747569073084	21.857926379480794	22.318984735534872	22.08906962590448	20.858071881613682	22.74573379986912	NA	23.21999524685848	22.687203218396395	22.558063333168093
Q12794	2	HYAL1	1.0	sp|Q12794|HYAL1_HUMAN	Q12794	HYAL1_HUMAN	Hyaluronidase-1	Homo sapiens		20.339296376304198	20.411026227507808	19.368025219841595	20.743220976475204	20.246730815599754	20.897171022226022	20.370195060645703	20.57053145235111	20.324207600413235	20.67281592472946	20.460727426821208	19.912718884728505	20.02852942549813	NA	NA	20.142593162393318	20.38684140141383
Q12805	12	EFEMP1	1.0	sp|Q12805|FBLN3_HUMAN	Q12805	FBLN3_HUMAN	EGF-containing fibulin-like extracellular matrix protein 1	Homo sapiens		25.705568359550856	25.49668179758265	25.745169404385077	26.067797315531653	26.017223180677558	26.29709893807038	25.491501259193303	25.79725141126921	25.96342891131608	25.740843464291704	26.16224314951052	25.368604817445693	26.330621896594348	NA	NA	25.444543813912432	25.828068695548485
Q12841	1	FSTL1	0.904	sp|Q12841|FSTL1_HUMAN	Q12841	FSTL1_HUMAN	Follistatin-related protein 1	Homo sapiens		18.789664634336024	19.36610471142616	18.731158436241405	19.16972789642341	18.212172017643056	19.12965535428096	18.163719530442535	19.275537294394653	18.7144137374018	19.07884916067829	18.72067312435156	18.361253075063356	19.199244526113525	NA	NA	18.89776487071129	18.955808165412606
Q12860	6	CNTN1	0.9999	sp|Q12860|CNTN1_HUMAN	Q12860	CNTN1_HUMAN	Contactin-1	Homo sapiens		24.94768407294279	24.885909376394824	25.213348729299046	24.9488077462984	25.29977298368505	25.563894363055322	24.139272562153025	24.72442356203468	24.86399449316129	24.99239942429598	25.298792410827293	23.985039201042415	25.378007825027115	NA	NA	24.993898030476558	25.291247550331352
Q12866	1	MERTK	0.9924	sp|Q12866|MERTK_HUMAN	Q12866	MERTK_HUMAN	Tyrosine-protein kinase Mer	Homo sapiens		20.065773640760515	19.652923927199655	20.279819722011922	19.523111937078763	20.526072569218666	20.424187509283534	20.2503570747708	19.40022896385486	20.865821332843808	20.23982157373324	20.100953325573368	18.154258408437972	21.56395422405207	NA	NA	19.92901132781424	20.5212841165999
Q12884	2	FAP	0.9919	sp|Q12884|SEPR_HUMAN	Q12884	SEPR_HUMAN	Prolyl endopeptidase FAP	Homo sapiens		21.822466580816265	21.338596668126932	21.517307954241893	21.40681869781991	21.94218474997608	21.959544554593155	21.64437981562821	22.829359845771506	21.461410048795983	21.73619670419344	22.261032523307797	21.36958630847766	22.490129079134793	NA	NA	21.52976884274209	22.06972833816239
Q12907	2	LMAN2	1.0	sp|Q12907|LMAN2_HUMAN	Q12907	LMAN2_HUMAN	Vesicular integral-membrane protein VIP36	Homo sapiens		21.653731416426872	21.96757280538935	21.79756383785774	22.050541010900467	21.867134055854972	21.949306856369596	21.723547140867097	21.796214441630664	21.823125777367167	21.879686850276343	21.787976714734658	21.862926861076225	22.160968981431957	21.360893067883026	21.868660805439582	22.02337216561422	21.33268198078836
Q12913	7	PTPRJ	1.0	sp|Q12913|PTPRJ_HUMAN	Q12913	PTPRJ_HUMAN	Receptor-type tyrosine-protein phosphatase eta	Homo sapiens		24.016812804571874	24.26540977879243	23.765379373900632	23.902843643850048	23.779640117206096	24.357766598011636	24.084637868214614	24.343435546729385	24.206997817083543	24.38046081731014	23.926141116146216	24.238844475231986	24.41060267817626	NA	NA	24.009476851746694	24.057047463322306
Q13045	2	FLII	0.9992	sp|Q13045|FLII_HUMAN	Q13045	FLII_HUMAN	Protein flightless-1 homolog	Homo sapiens		18.723667831890197	19.079388298588178	17.86898692459121	18.70157535742381	16.787511640300956	16.662284787459075	19.453806747234136	18.331893836147277	17.98968101695825	18.227175363088364	17.41911789116856	20.609176316296303	17.107731273353256	19.05544410205244	NA	18.799938818044065	18.642953727256323
Q13093	3	PLA2G7	0.9996	sp|Q13093|PAFA_HUMAN	Q13093	PAFA_HUMAN	Platelet-activating factor acetylhydrolase	Homo sapiens		22.233660900899157	22.161993026252603	22.520361197475683	21.80109184296414	22.5566842349663	22.6015824828946	21.670829054500462	22.464568539251548	22.64094338738785	22.95730148629786	22.896720504690393	22.229264510879958	22.86599645974302	NA	22.26170522435599	22.26170393857706	21.76408195938777
Q13103	4	SPP2	0.9982	sp|Q13103|SPP24_HUMAN	Q13103	SPP24_HUMAN	Secreted phosphoprotein 24	Homo sapiens		23.897201381192197	24.27307169906187	24.395888335976124	24.31223243706702	23.823474006225084	24.52413177524451	23.90494186874908	23.83348879487666	23.513757672218794	23.50925846287353	24.351908174209317	23.829678774965842	24.390100534387617	NA	NA	23.66001293413386	23.846253578418796
Q13162	1	PRDX4	0.9995	sp|Q13162|PRDX4_HUMAN	Q13162	PRDX4_HUMAN	Peroxiredoxin-4	Homo sapiens		18.567053551902397	17.587619663086453	NA	NA	NA	NA	NA	NA	NA	NA	NA	18.583026915350285	NA	NA	NA	NA	NA
Q13200	1	PSMD2	0.9837	sp|Q13200|PSMD2_HUMAN	Q13200	PSMD2_HUMAN	26S proteasome non-ATPase regulatory subunit 2	Homo sapiens		18.735212452706573	19.376477270860565	18.444110415525262	19.019490523420178	17.381573021841923	17.72993432423054	19.112272630773877	18.752242060648147	18.007047354168307	18.55495990161212	18.320402531339273	20.291183537915835	18.586799796053647	18.826775247299903	NA	18.99682406757598	19.107022232837174
Q13201	7	MMRN1	1.0	sp|Q13201|MMRN1_HUMAN	Q13201	MMRN1_HUMAN	Multimerin-1	Homo sapiens		23.37453181363829	23.8670209844379	22.316997634270137	23.267152684448227	22.955631851902123	21.791707553222494	23.366917318963207	22.65596355580962	22.258167433216887	23.39805651452052	22.16537700926036	24.937022375180742	21.44774670098249	23.264975128449343	23.304289038251394	23.46288162538368	23.208586316783077
Q13228	3	SELENBP1	0.9997	sp|Q13228|SBP1_HUMAN	Q13228	SBP1_HUMAN	Methanethiol oxidase	Homo sapiens		21.50742692521211	21.550837265314346	21.829949801676708	21.33999668312891	21.67636304488203	21.17506144470225	21.444182013706005	21.986858261980913	21.653834831334073	21.672923276738686	21.826174771348168	21.201743717959328	22.183376000363765	NA	NA	21.639788842871354	21.441366789115893
Q13231	1	CHIT1	0.9999	sp|Q13231|CHIT1_HUMAN	Q13231	CHIT1_HUMAN	Chitotriosidase-1	Homo sapiens		19.114374498432777	18.117017080340062	NA	19.346182464045814	NA	NA	NA	NA	19.594884001473414	NA	NA	19.121373125159597	NA	NA	NA	NA	NA
Q13319	1	CDK5R2	0.9852	sp|Q13319|CD5R2_HUMAN	Q13319	CD5R2_HUMAN	Cyclin-dependent kinase 5 activator 2	Homo sapiens		20.40698044338784	20.362114495741608	20.287820454262434	21.1833684241235	20.640947076216978	21.105859168567285	20.10200692722126	20.205647523330473	20.789758070943808	20.465709413311732	21.08937137559136	20.049340199096893	NA	NA	NA	19.997786125903914	NA
Q13418	9	ILK	0.9999	sp|Q13418|ILK_HUMAN	Q13418	ILK_HUMAN	Scaffold protein ILK	Homo sapiens		23.584179542479973	23.97089338820965	22.057601309620477	23.17093353631471	20.65387353468001	21.4359433134311	23.761989509121214	23.001844454837755	22.033747258351053	23.04311296462992	21.933223076563607	25.295609431453606	19.579770989370342	23.562601522595	NA	23.509399294581076	23.225226703670582
Q13423	1	NNT	0.9833	sp|Q13423|NNTM_HUMAN	Q13423	NNTM_HUMAN	NAD(P) transhydrogenase, mitochondrial	Homo sapiens		20.101644030669867	NA	NA	20.017668174086396	NA	NA	NA	NA	NA	20.067481978463547	NA	20.748039670857803	NA	NA	NA	NA	NA
Q13449	2	LSAMP	0.9911	sp|Q13449|LSAMP_HUMAN	Q13449	LSAMP_HUMAN	Limbic system-associated membrane protein	Homo sapiens		20.73563789649308	20.693626942626473	20.72954801512421	20.87285150372873	21.014737187693804	21.818550208939218	20.83759181962265	20.53459020096962	19.918999364745673	20.772704459188823	21.366050861595888	20.209313331208246	21.50314258549881	NA	NA	20.649881268835443	20.987214593725966
Q13561	1	DCTN2	0.9903	sp|Q13561|DCTN2_HUMAN	Q13561	DCTN2_HUMAN	Dynactin subunit 2	Homo sapiens		18.870307399831663	18.23089104944775	NA	NA	NA	NA	18.636346014828774	17.485899851885105	NA	NA	NA	19.751627858979102	NA	NA	NA	NA	18.47589198718421
Q13576	4	IQGAP2	0.9999	sp|Q13576|IQGA2_HUMAN	Q13576	IQGA2_HUMAN	Ras GTPase-activating-like protein IQGAP2	Homo sapiens		20.10692976962696	20.129190400772142	19.1706286156009	19.805037946141137	17.643715874910505	17.972898072917275	19.59029138326485	19.079261766866484	18.69659487952591	19.94074897768114	19.102429785885796	21.311786029372403	17.491500118416724	20.319308038152574	NA	20.480091472321455	19.66855818469534
Q13616	1	CUL1	0.9905	sp|Q13616|CUL1_HUMAN	Q13616	CUL1_HUMAN	Cullin-1	Homo sapiens		17.366909555720945	17.44985469837329	16.917092330966188	16.957592301669994	17.531830594197995	NA	16.92250837555267	17.22401805645656	NA	17.76011260856687	NA	18.122375557906437	17.627287579018194	NA	NA	NA	16.91940541213992
Q13642	5	FHL1	0.9998	sp|Q13642|FHL1_HUMAN	Q13642	FHL1_HUMAN	Four and a half LIM domains protein 1	Homo sapiens		23.52797371293695	24.463294725823	22.914691847447884	23.49574721367456	21.34537870717029	22.380647010448943	23.737273559056074	23.520595379698015	22.520270049592447	23.314210727702296	22.257760801044604	25.180430670131475	20.532586309943753	24.37349210310472	21.399030019651168	23.603652679370985	23.705901553194522
Q13740	1	ALCAM	0.9994	sp|Q13740|CD166_HUMAN	Q13740	CD166_HUMAN	CD166 antigen	Homo sapiens		19.87742763609752	18.97851721939974	NA	NA	NA	NA	19.894849784688297	19.531565732642132	19.323296231603607	NA	NA	NA	20.432235754434313	NA	NA	NA	NA
Q13790	9	APOF	1.0	sp|Q13790|APOF_HUMAN	Q13790	APOF_HUMAN	Apolipoprotein F	Homo sapiens		24.925362238612625	24.590687179168295	25.81049405952821	24.712389024139224	25.326765816666484	25.688950214743485	25.456507503889753	24.693059313491947	25.5866555184352	24.95999417991904	25.09672685325347	24.598042028286294	24.571070878136034	25.24986483911602	NA	24.805741711716557	24.803449239074506
Q13822	5	ENPP2	1.0	sp|Q13822|ENPP2_HUMAN	Q13822	ENPP2_HUMAN	Autotaxin	Homo sapiens		22.354666591202783	22.159966290754905	22.650086459764765	22.747262188453032	22.75323973935467	22.83076095202187	22.36006917099705	22.494531109270692	22.371509427429128	22.658910166217858	22.48221669329077	21.7811088531854	23.18798063591182	NA	NA	22.43657442102626	21.999586607412397
Q13835	1	PKP1	0.9805	sp|Q13835|PKP1_HUMAN	Q13835	PKP1_HUMAN	Plakophilin-1	Homo sapiens		20.74270564512214	NA	NA	NA	NA	NA	20.5413432957506	NA	NA	NA	NA	NA	NA	NA	NA	NA	NA
Q13867	2	BLMH	0.998	sp|Q13867|BLMH_HUMAN	Q13867	BLMH_HUMAN	Bleomycin hydrolase	Homo sapiens		20.828896898410044	20.450573203365657	20.27637112291715	20.600722411603073	20.745539529473874	20.62183728531276	20.272994402862317	21.258267541911813	20.727204615903066	20.639447733029577	21.218299677646428	20.877470682512705	22.486653504691148	NA	NA	20.661355572858756	20.889709925126773
Q14019	2	COTL1	0.9844	sp|Q14019|COTL1_HUMAN	Q14019	COTL1_HUMAN	Coactosin-like protein	Homo sapiens		22.78013921949323	23.926462833014813	22.91284917822117	22.535090499561267	21.53973661002956	21.260094330831386	22.66086695967121	23.0221281560395	23.06368294262835	21.930716318290603	20.577834043591036	24.08856415316704	20.193647020925464	NA	NA	22.77915268528768	22.444764482497582
Q14118	2	DAG1	0.9999	sp|Q14118|DAG1_HUMAN	Q14118	DAG1_HUMAN	Dystroglycan 1	Homo sapiens		20.867565422349045	20.722250211877913	21.207838654432347	21.28179197872366	21.208203932702936	21.148775575774565	20.837387025185084	21.050448908016385	21.02824863680858	20.825616691692765	21.195766971342685	20.248683392436124	21.660723469434295	NA	NA	20.838012363961234	21.063181802071547
Q14126	1	DSG2	0.9999	sp|Q14126|DSG2_HUMAN	Q14126	DSG2_HUMAN	Desmoglein-2	Homo sapiens		19.90882472905292	20.184604086936375	19.7952385339277	19.888738254617813	20.605456384853976	20.712453691975764	20.076272111332596	20.125226863887963	20.04879878260868	19.27267714868301	20.366532389341685	18.93324894428926	20.325605299506787	NA	NA	20.261547576350363	18.729169497385957
Q14141	2	SEPTIN6	0.9952	sp|Q14141|SEPT6_HUMAN	Q14141	SEPT6_HUMAN	Septin-6	Homo sapiens		20.39756376422162	21.313401885601976	19.159890434051825	20.6157072186441	17.603776905529138	18.50097380108782	20.868710084783725	20.189937501681577	19.161085388508333	20.364782949703326	18.506936633895073	22.362327042312565	16.9988274590061	NA	20.070827372474564	20.544263627973276	20.54934315284475
Q14162	1	SCARF1	0.9889	sp|Q14162|SREC_HUMAN	Q14162	SREC_HUMAN	Scavenger receptor class F member 1	Homo sapiens		15.087149387489397	13.850940208102227	NA	NA	NA	NA	NA	NA	NA	NA	NA	15.313642787588103	NA	NA	NA	NA	NA
Q14165	3	MLEC	1.0	sp|Q14165|MLEC_HUMAN	Q14165	MLEC_HUMAN	Malectin	Homo sapiens		20.93502504892317	20.498654031881365	18.970058320263202	21.21018628608139	19.626170268566568	19.638717259281062	20.543979575725498	20.67285501566218	19.47302693664745	20.88628572738754	19.039776447589205	21.573138464346965	20.647350678026083	NA	NA	21.128800646580057	21.173425093984353
Q14247	4	CTTN	0.9999	sp|Q14247|SRC8_HUMAN	Q14247	SRC8_HUMAN	Src substrate cortactin	Homo sapiens		21.54033300554318	22.373351377077213	20.18640042319354	21.7277210151441	19.134998507585642	19.516456756395563	21.841353012820054	21.36156993859362	19.82587055423055	20.896614033592623	19.687858200079468	23.530566235791564	19.089148239032873	21.291995345952838	22.23976049822884	21.808017089089557	21.810027598232196
Q14254	1	FLOT2	0.9907	sp|Q14254|FLOT2_HUMAN	Q14254	FLOT2_HUMAN	Flotillin-2	Homo sapiens		19.746627486489785	19.433707827633437	NA	NA	NA	NA	19.71888222094044	18.794063877270837	NA	19.352021776928293	NA	20.53365049594892	19.16816640867283	NA	NA	20.00726282051516	NA
Q14315	1	FLNC	0.992	sp|Q14315|FLNC_HUMAN	Q14315	FLNC_HUMAN	Filamin-C	Homo sapiens		16.519651301312287	15.782815654922834	16.99502659259318	16.64610788173574	16.58998962972003	16.943145953883086	15.768968607498206	16.599749170875867	NA	NA	17.333906161418135	16.419567878840503	NA	NA	NA	NA	17.491999723322397
Q14515	8	SPARCL1	1.0	sp|Q14515|SPRL1_HUMAN	Q14515	SPRL1_HUMAN	SPARC-like protein 1	Homo sapiens		22.908405867595445	22.76317162306228	23.449814716131556	22.842921996446975	23.33133325514357	23.359053616581498	23.046071961866133	23.13537708319674	22.933896543314248	22.90820608505271	23.22399914645621	22.47163991897849	23.610620591224645	NA	NA	23.044370021110943	22.90945378912182
Q14520	9	HABP2	0.9998	sp|Q14520|HABP2_HUMAN	Q14520	HABP2_HUMAN	Factor VII-activating protease	Homo sapiens		27.84726981759311	28.03680156877399	28.27199455453143	27.08643408517951	28.388236624656578	28.378019332048353	28.244198410364245	27.946999969481848	28.229370128374246	28.090386482950557	27.763329520906176	27.467436093278742	27.996261655769104	NA	27.207366748360425	27.717266907567247	27.830732946271002
Q14623	1	IHH	0.9999	sp|Q14623|IHH_HUMAN	Q14623	IHH_HUMAN	Indian hedgehog protein	Homo sapiens		18.687715200737735	18.843310118881746	18.551253655909427	18.41315356194811	19.265572035908708	18.350739174870995	19.291179679685865	18.733160182291254	19.476464482220024	18.966059316808803	18.789772332398954	18.09649446636012	18.883277387301792	NA	NA	18.65771412810949	18.60574646879939
Q14624	27	ITIH4	1.0	sp|Q14624|ITIH4_HUMAN	Q14624	ITIH4_HUMAN	Inter-alpha-trypsin inhibitor heavy chain H4	Homo sapiens		27.751122696730135	27.645574226127522	28.35277884655183	27.960731702979693	27.87300473224611	28.08430076318031	27.905663181990647	27.346092058464933	28.303240893019073	28.488134928007064	28.335576976945198	27.607982700239745	27.75261395159633	26.97534869382422	27.745590748964975	27.783685168458135	27.69610459779667
Q14696	2	MESD	0.9899	sp|Q14696|MESD_HUMAN	Q14696	MESD_HUMAN	LRP chaperone MESD	Homo sapiens		20.32272434151378	20.772110202506557	19.23465139666897	20.4443178075621	18.959411576045436	18.102240149930314	19.9892061340568	19.63672767097437	19.902646416022222	19.932202185628224	19.408971488236716	21.398768940253483	19.397813912491447	NA	NA	20.325800854847135	20.45165747734354
Q14697	7	GANAB	0.9998	sp|Q14697|GANAB_HUMAN	Q14697	GANAB_HUMAN	Neutral alpha-glucosidase AB	Homo sapiens		23.142837496058654	23.556743885969187	22.799773521838123	23.362887800384883	22.529891042418324	23.03755677497965	22.990711257461783	23.217306087164026	22.591670429890005	22.952208205019947	22.224942078245245	24.31659914864488	23.16971522949255	NA	NA	23.302883266810316	23.307687324409653
Q14766	14	LTBP1	1.0	sp|Q14766|LTBP1_HUMAN	Q14766	LTBP1_HUMAN	Latent-transforming growth factor beta-binding protein 1	Homo sapiens		24.193849313125682	25.145859246093064	23.008645810519955	24.073714932608702	23.833948612126846	22.6283752112779	24.456396981375324	23.34750644767991	23.627112516345775	24.558683755298137	22.94441186921489	25.741343843393235	22.478716456501665	24.39668248039023	23.129957164488715	24.367714789607067	24.328363301464123
Q14767	1	LTBP2	0.9811	sp|Q14767|LTBP2_HUMAN	Q14767	LTBP2_HUMAN	Latent-transforming growth factor beta-binding protein 2	Homo sapiens		17.50492270730904	16.791129035232164	NA	NA	NA	NA	17.22085727114929	17.62739700637	17.967412101318423	NA	NA	NA	17.61023123868741	NA	NA	17.69468867405322	17.739103608977125
Q14847	2	LASP1	0.9994	sp|Q14847|LASP1_HUMAN	Q14847	LASP1_HUMAN	LIM and SH3 domain protein 1	Homo sapiens		22.32176772935116	23.30993684909624	22.23172524214647	22.92339330369615	20.714094927339655	19.727241612285074	22.11599393086926	22.264440241026904	22.320683843199447	22.31071454756374	20.64892163046668	23.40392842205733	19.846106872317055	21.50517664172263	21.61221809565166	22.507715362227074	22.53805240192249
Q14956	1	GPNMB	0.9995	sp|Q14956|GPNMB_HUMAN	Q14956	GPNMB_HUMAN	Transmembrane glycoprotein NMB	Homo sapiens		20.898237497217924	20.59402900754396	20.63339622387016	21.140636819749542	21.38547114213846	21.080964672904486	21.253686996870304	21.27465426365197	20.512121850499373	20.892186733697923	21.160564142671	20.420515898487437	21.934655199479362	NA	NA	20.948252657548668	20.943967006101733
Q14BN4	2	SLMAP	0.9951	sp|Q14BN4|SLMAP_HUMAN	Q14BN4	SLMAP_HUMAN	Sarcolemmal membrane-associated protein	Homo sapiens		18.67899862256161	17.767027943365363	NA	18.599367077984873	NA	NA	18.581256725405783	NA	17.590533987174254	17.664114680744547	NA	19.46455744651092	NA	NA	NA	18.48006347818602	19.090320583832415
Q15063	1	POSTN	0.998	sp|Q15063|POSTN_HUMAN	Q15063	POSTN_HUMAN	Periostin	Homo sapiens		18.676892396013386	17.688277268541874	NA	19.12131572212849	19.458492516556042	18.491798229664198	18.59146644727032	19.17915007486583	18.435556869883722	NA	NA	NA	18.32220197992121	NA	NA	NA	NA
Q15084	4	PDIA6	0.9999	sp|Q15084|PDIA6_HUMAN	Q15084	PDIA6_HUMAN	Protein disulfide-isomerase A6	Homo sapiens		22.34266499693116	23.0755706318135	21.315313085058442	22.38994735377643	20.67744760308187	20.779230299883526	22.677870358514408	21.621441019250383	20.08795341662072	22.35666366250063	20.59887297585406	24.35275146841032	20.411996912891357	22.676702601761875	21.569751923407182	22.550088652532807	22.475299520342066
Q15113	5	PCOLCE	1.0	sp|Q15113|PCOC1_HUMAN	Q15113	PCOC1_HUMAN	Procollagen C-endopeptidase enhancer 1	Homo sapiens		23.052808245736355	23.22856741023774	22.6496874349571	23.30337629142103	23.121565691218077	23.017342283100433	23.250390970576774	23.297427350904133	23.413134307694378	23.215828997588883	23.702473754260737	22.41516946802615	23.068674488238127	NA	NA	23.12370089339215	22.884148538518822
Q15166	5	PON3	0.9998	sp|Q15166|PON3_HUMAN	Q15166	PON3_HUMAN	Serum paraoxonase/lactonase 3	Homo sapiens		23.812087502264873	23.23627693072578	24.440210858315837	23.579667013749354	24.052329102900867	24.718855991714523	24.444872220250307	23.541214408586058	24.634193494262313	24.152833839272013	23.690852881292955	23.511707990160613	23.99615493633002	NA	23.35936672573796	23.997467419229036	24.016480710869253
Q15181	1	PPA1	0.9978	sp|Q15181|IPYR_HUMAN	Q15181	IPYR_HUMAN	Inorganic pyrophosphatase	Homo sapiens		19.418879356083718	NA	NA	NA	NA	NA	NA	NA	NA	NA	NA	19.408338358303187	NA	NA	NA	NA	NA
Q15223	1	NECTIN1	0.9984	sp|Q15223|NECT1_HUMAN	Q15223	NECT1_HUMAN	Nectin-1	Homo sapiens		19.706001132237972	19.446604188397387	20.481399189169863	19.01820588154681	20.805309345316463	20.100462044323315	19.807490854562936	20.388955089198017	19.92460544049128	19.64136193404914	20.33287021308115	19.106213632863284	19.454188307041672	NA	NA	19.515865607582978	19.207332236560767
Q15363	1	TMED2	0.9546	sp|Q15363|TMED2_HUMAN	Q15363	TMED2_HUMAN	Transmembrane emp24 domain-containing protein 2	Homo sapiens		15.865697029062124	NA	16.737378800948076	NA	NA	16.21866891653311	15.44919872137786	16.100136648041346	NA	NA	16.09142869166263	15.663901462722853	NA	NA	NA	NA	NA
Q15365	3	PCBP1	0.9998	sp|Q15365|PCBP1_HUMAN	Q15365	PCBP1_HUMAN	Poly(rC)-binding protein 1	Homo sapiens		22.75024898750033	23.29829798066002	21.70743629246739	22.234144688309005	NA	NA	21.702153306514838	22.4141224517841	22.089047506982055	21.383966221798335	NA	23.68902363791485	NA	NA	NA	22.007981688779108	22.352799603121312
Q15404	5	RSU1	1.0	sp|Q15404|RSU1_HUMAN	Q15404	RSU1_HUMAN	Ras suppressor protein 1	Homo sapiens		24.11812193668174	24.63276308767523	23.100009963798023	23.801913482251507	22.093271184932238	22.386986827662977	24.536043313610218	23.82362885631032	22.259593616947882	23.738668153830034	22.22311145867176	26.033033331351636	NA	24.211263260818022	NA	24.106914849757686	24.168115910615448
Q15485	8	FCN2	1.0	sp|Q15485|FCN2_HUMAN	Q15485	FCN2_HUMAN	Ficolin-2	Homo sapiens		24.432489008093984	24.241971810685026	24.76706456043757	24.16219132388031	24.409398411658188	24.139372003471493	24.442576610832603	25.462908711784333	24.617767673189466	24.648349858501998	24.920783713257574	24.237371754652365	24.274775759362424	24.199551489701612	NA	24.34411048816574	24.46669095226533
Q15555	3	MAPRE2	0.9995	sp|Q15555|MARE2_HUMAN	Q15555	MARE2_HUMAN	Microtubule-associated protein RP/EB family member 2	Homo sapiens		22.252072305039373	23.340413185529787	21.87399003583024	22.32508947385014	20.332717893088482	20.719400751178128	22.18602781533083	22.339042539635667	21.360878267695664	22.288733148329367	21.017952410663934	24.14667603896516	19.775875525743896	21.544644069462773	NA	22.111448770112368	22.3844280839874
Q15582	9	TGFBI	1.0	sp|Q15582|BGH3_HUMAN	Q15582	BGH3_HUMAN	Transforming growth factor-beta-induced protein ig-h3	Homo sapiens		26.160736902543594	26.05251347393459	26.58188723822776	26.234617188798907	26.515253714302506	26.670908205726693	26.02386304437089	26.21629558422666	26.048073078614244	26.550755356499895	26.9357680566592	25.55232302139383	26.87239294098756	NA	26.470735764103384	26.092211291228352	26.121336378666825
Q15828	1	CST6	1.0	sp|Q15828|CYTM_HUMAN	Q15828	CYTM_HUMAN	Cystatin-M	Homo sapiens		20.590083790049853	19.68573577686154	20.350250910408167	20.87688442395341	21.554989816091936	20.621408054275193	21.36364355431072	21.012569351275392	21.17115175407849	20.305446939728753	20.43992236535271	20.041106377943567	20.905785096799196	NA	NA	21.07754377823613	20.46122091639813
Q15833	2	STXBP2	0.9999	sp|Q15833|STXB2_HUMAN	Q15833	STXB2_HUMAN	Syntaxin-binding protein 2	Homo sapiens		21.12933186312193	21.60349362182474	20.24569395467897	20.694227179613236	18.66680485798677	19.788061469337237	21.41548000131884	20.67765849498266	20.49553700965035	20.214242109640853	19.39510705117483	22.761131242634594	19.453471722253497	21.248222736860917	NA	20.65905827964623	21.24969592570809
Q15848	4	ADIPOQ	1.0	sp|Q15848|ADIPO_HUMAN	Q15848	ADIPO_HUMAN	Adiponectin	Homo sapiens		22.508740040485947	22.53599176636264	23.099442526022642	22.47035128379536	22.762468105583686	23.557069567609126	21.66581249807698	22.261500730793173	24.01227031272355	22.033402450895895	22.948110111055538	22.115450129960614	22.174685468140723	NA	23.46536247043557	22.862126710678385	22.531122140037944
Q15942	5	ZYX	1.0	sp|Q15942|ZYX_HUMAN	Q15942	ZYX_HUMAN	Zyxin	Homo sapiens		23.64888190386308	24.283256755618492	22.38095869564979	23.722415095567243	19.968617328904877	21.348288937583185	24.028564995164245	23.268819772779484	22.06304049638192	23.04674719847538	21.04367992603863	25.24371272547914	21.895807597758164	23.793632845926762	NA	23.7204054782937	23.741355577704915
Q16394	1	EXT1	0.963	sp|Q16394|EXT1_HUMAN	Q16394	EXT1_HUMAN	Exostosin-1	Homo sapiens		19.615943884867416	18.991715739414463	NA	NA	NA	NA	19.157265622117237	19.669147203904217	19.515983417833848	20.12967902249247	NA	19.197291690035414	20.003045632334487	NA	NA	NA	NA
Q16531	1	DDB1	0.9778	sp|Q16531|DDB1_HUMAN	Q16531	DDB1_HUMAN	DNA damage-binding protein 1	Homo sapiens		18.048940845295444	18.70272577420969	17.26953975603705	18.1223341245292	17.535409062179234	17.130180156562332	18.092844156382178	18.147186840264993	17.84260481095967	18.23298207005979	17.37116783994251	19.083218888849007	18.139593110242412	NA	NA	17.97872817891308	18.386956344070573
Q16610	13	ECM1	1.0	sp|Q16610|ECM1_HUMAN	Q16610	ECM1_HUMAN	Extracellular matrix protein 1	Homo sapiens		26.551121177628357	26.444039920573864	26.160029638453477	26.709618618694947	26.654202171553603	27.15205867106216	26.71827017924764	26.69364969457676	27.004049283802015	26.735274999488283	27.101671725060317	25.49673274706509	27.187104490953885	NA	NA	26.622777723047836	26.718110162335048
Q16643	1	DBN1	0.9992	sp|Q16643|DREB_HUMAN	Q16643	DREB_HUMAN	Drebrin	Homo sapiens		19.323949744075183	NA	NA	NA	NA	NA	NA	NA	NA	NA	NA	19.313408746294655	NA	NA	NA	NA	NA
Q16658	1	FSCN1	0.9959	sp|Q16658|FSCN1_HUMAN	Q16658	FSCN1_HUMAN	Fascin	Homo sapiens		17.605765245011256	17.907504220140577	18.514688453050763	17.545106426424056	16.76449629419858	17.237910386433075	17.52125767467457	18.20760574887101	17.556937260711926	17.902861878897834	18.128037942331556	17.715553675009463	17.626615671083606	NA	19.34984470316215	18.10849388030905	18.16219823651531
Q16706	6	MAN2A1	1.0	sp|Q16706|MA2A1_HUMAN	Q16706	MA2A1_HUMAN	Alpha-mannosidase 2	Homo sapiens		21.2485545454691	21.550193139624174	21.279514129933677	21.116597124501435	21.475995286649567	21.20977793971512	21.36508168003058	21.623838078626253	21.23837442316066	21.41011397454563	21.072532165794513	21.139159166278137	21.418773745864097	NA	NA	21.39613339657158	21.333526133257227
Q16775	1	HAGH	0.9995	sp|Q16775|GLO2_HUMAN	Q16775	GLO2_HUMAN	Hydroxyacylglutathione hydrolase, mitochondrial	Homo sapiens		17.82185133966637	18.313921392424568	18.142334691874098	17.972261067167484	17.899476636876056	17.583423035843996	16.859466947437962	18.335049316743305	16.788132266613406	17.68958878590066	17.149832159978722	18.85379691965048	16.834716957485156	NA	NA	18.383714233103547	NA
Q16851	1	UGP2	0.9788	sp|Q16851|UGPA_HUMAN	Q16851	UGPA_HUMAN	UTP--glucose-1-phosphate uridylyltransferase	Homo sapiens		19.474361635014034	19.820378399719278	18.921420391351877	19.218094550695888	17.888623991374764	18.385659528264163	19.20181016982705	19.582684906450773	17.824962785707676	19.797317925355983	19.238734080841894	20.32743168738099	21.092409808934928	NA	NA	19.33326429268781	19.475758313868702
Q16853	1	AOC3	0.9992	sp|Q16853|AOC3_HUMAN	Q16853	AOC3_HUMAN	Amine oxidase [copper-containing] 3	Homo sapiens		20.617557911727353	20.58451308496774	20.58030587710589	20.129205988850117	20.718611498213253	20.923740547375147	20.28819696081412	21.24050324806663	21.311616770288364	20.928069996733722	20.920878927012577	20.10908709826905	21.244655876665455	NA	NA	20.674389684800687	20.6626822770981
Q16881	1	TXNRD1	0.984	sp|Q16881|TRXR1_HUMAN	Q16881	TRXR1_HUMAN	Thioredoxin reductase 1, cytoplasmic	Homo sapiens		20.018975195291354	19.066552095806003	NA	NA	NA	NA	NA	NA	NA	NA	NA	NA	NA	NA	NA	NA	NA
Q27J81	2	INF2	1.0	sp|Q27J81|INF2_HUMAN	Q27J81	INF2_HUMAN	Inverted formin-2	Homo sapiens		20.384147777789522	20.173218176709472	NA	19.361438289966085	NA	19.516556877783213	19.758428997020143	19.382335316860726	NA	19.9082787455446	NA	21.759194583699482	NA	NA	NA	19.49666287407787	NA
Q2TV78	1	MST1L	0.9761	sp|Q2TV78|MST1L_HUMAN	Q2TV78	MST1L_HUMAN	Putative macrophage stimulating 1-like protein	Homo sapiens		23.699396952644857	23.719287270094604	24.03488793527154	23.79861880786699	23.825426294349054	24.072148953491592	24.132933784628516	23.62713774562847	24.196991993202246	24.454883715428718	23.990868292353294	23.240639858215935	23.47295182177289	NA	NA	23.781851769114567	23.522031049238553
Q3ZCW2	4	LGALSL	0.999	sp|Q3ZCW2|LEGL_HUMAN	Q3ZCW2	LEGL_HUMAN	Galectin-related protein	Homo sapiens		22.489395099349778	23.49573143612534	21.30872091853482	22.309840565836563	19.081001060627685	20.478420476012214	21.998977591401292	22.057631275653776	20.810708120695914	21.903816876258556	20.49936053103743	23.852458800672775	20.093930767914763	NA	NA	21.995374154298243	21.770646081072172
Q4G0F5	1	VPS26B	0.9969	sp|Q4G0F5|VP26B_HUMAN	Q4G0F5	VP26B_HUMAN	Vacuolar protein sorting-associated protein 26B	Homo sapiens		19.38676129184782	19.338473916512164	NA	18.934039678951237	NA	NA	17.960620698799893	19.156576972790806	NA	NA	NA	19.8459774543873	NA	NA	NA	NA	19.672239708116468
Q4KMQ2	1	ANO6	0.986	sp|Q4KMQ2|ANO6_HUMAN	Q4KMQ2	ANO6_HUMAN	Anoctamin-6	Homo sapiens		16.391902665494435	16.69625876069757	NA	16.827632386127718	14.927911944120526	14.669335528828832	16.906048897462302	16.00397469497083	14.572209432312853	16.783982196669168	14.799372108547566	18.155849708271088	NA	NA	NA	15.34146875770834	15.743513532795694
Q5D862	5	FLG2	1.0	sp|Q5D862|FILA2_HUMAN	Q5D862	FILA2_HUMAN	Filaggrin-2	Homo sapiens		21.102316748345768	19.925573596715914	21.018971405402365	20.995661240985772	21.1673339120367	20.759839943460047	20.36397556677768	21.88022221700574	21.126965534591164	19.91472578533863	22.46537347491687	20.346907898229258	22.43095876886063	NA	NA	21.037818301321504	21.221256557358586
Q5JSH3	4	WDR44	0.9988	sp|Q5JSH3|WDR44_HUMAN	Q5JSH3	WDR44_HUMAN	WD repeat-containing protein 44	Homo sapiens		21.69175634455456	21.85401902086233	20.485505586623663	21.26241360692293	20.668953884124953	20.603632980793297	21.14047750341321	21.630828791433657	20.482305094122925	21.13903996288624	21.302926554457898	22.614343615370196	20.5340076638139	NA	NA	21.1592590587146	21.54425877572866
Q5JXB2	1	UBE2NL	0.9996	sp|Q5JXB2|UE2NL_HUMAN	Q5JXB2	UE2NL_HUMAN	Putative ubiquitin-conjugating enzyme E2 N-like	Homo sapiens		21.082692703623177	20.1714205317648	NA	NA	NA	NA	NA	NA	NA	NA	NA	21.029792453421837	NA	NA	NA	NA	NA
Q5VY43	2	PEAR1	1.0	sp|Q5VY43|PEAR1_HUMAN	Q5VY43	PEAR1_HUMAN	Platelet endothelial aggregation receptor 1	Homo sapiens		19.924971464100548	19.62894835401992	19.364762315366548	20.295164268702376	20.015232036471552	20.328627626240642	19.65688209599537	19.735927012097925	20.4519236722317	19.91499160079059	19.63980636053079	19.817618021833873	20.621687029075723	NA	NA	20.408117842468837	20.37726011502784
Q6E0U4	3	DMKN	0.999	sp|Q6E0U4|DMKN_HUMAN	Q6E0U4	DMKN_HUMAN	Dermokine	Homo sapiens		22.212959372000178	21.68260720130414	22.162520863903758	22.618562883766682	22.60872510162326	22.52741927743694	22.426369655750786	22.897023486295364	22.654222304340244	21.22552530697389	22.493989631755465	22.342044783553234	22.746538577886202	NA	NA	21.977452535848943	21.651659953563946
Q6EMK4	1	VASN	0.9834	sp|Q6EMK4|VASN_HUMAN	Q6EMK4	VASN_HUMAN	Vasorin	Homo sapiens		22.23079932519126	22.2535195320013	22.47958094105669	22.34539182638802	22.040898078185364	22.68188407244654	22.417498674001546	22.51168028286669	22.727668202604857	22.52441496202041	22.463635069404166	21.77644697334997	22.585521684086327	NA	NA	22.412974894740138	22.06419069913707
Q6IBS0	1	TWF2	0.9975	sp|Q6IBS0|TWF2_HUMAN	Q6IBS0	TWF2_HUMAN	Twinfilin-2	Homo sapiens		19.11689754656765	19.54493709701736	18.471389814708402	19.359663706946176	17.644105483408183	17.851370864312422	19.537729643805285	19.18820136225468	18.93737569539018	17.557572197217297	17.952894661890284	20.577660986484275	NA	NA	NA	19.658710530555375	19.30910251477476
Q6KB66	3	KRT80	0.9898	sp|Q6KB66|K2C80_HUMAN	Q6KB66	K2C80_HUMAN	Keratin, type II cytoskeletal 80	Homo sapiens		21.987506121640244	21.660845464946668	21.522717124507917	22.263744821116514	22.666105516481725	21.860636239286286	20.859027610707823	22.518810040354328	21.743786975750467	20.53932132149172	22.71079611842982	21.829008177173158	23.25149235128496	NA	NA	21.94754517533279	22.162194518792617
Q6P179	2	ERAP2	0.9899	sp|Q6P179|ERAP2_HUMAN	Q6P179	ERAP2_HUMAN	Endoplasmic reticulum aminopeptidase 2	Homo sapiens		18.69961931439909	19.325448171425794	18.657243158237446	18.568591604581837	18.64644719262912	19.251136854603583	18.526236570197263	16.931516812950193	17.315801466058687	18.920722883439502	18.95941168208125	18.057041523489243	20.25248430066239	NA	NA	18.03361564880302	18.387981083739
Q6Q788	3	APOA5	1.0	sp|Q6Q788|APOA5_HUMAN	Q6Q788	APOA5_HUMAN	Apolipoprotein A-V	Homo sapiens		21.717871990497603	21.94921372393709	22.373185053628674	21.212102815824945	21.540332705688208	22.815876852523882	22.166096913681184	22.15473215568736	21.427655817238396	20.936499729058294	21.616807763588167	21.103902398293023	21.732515066167938	NA	NA	21.822929356119765	21.817109016197225
Q6UVK1	1	CSPG4	0.9927	sp|Q6UVK1|CSPG4_HUMAN	Q6UVK1	CSPG4_HUMAN	Chondroitin sulfate proteoglycan 4	Homo sapiens		18.920721095081344	NA	NA	NA	NA	NA	NA	NA	19.25508044573806	NA	NA	NA	19.023639845266306	NA	NA	NA	NA
Q6UWP8	2	SBSN	0.9999	sp|Q6UWP8|SBSN_HUMAN	Q6UWP8	SBSN_HUMAN	Suprabasin	Homo sapiens		22.182082586851607	21.568086940986326	21.42080599102401	23.00757719722211	22.543394450815832	22.207085380228445	22.167265303339317	22.673521713745767	22.008960912685176	21.47607756882051	22.74829338836041	22.580633594997533	22.993477623331867	NA	NA	22.06476973517281	22.107689736259996
Q6UX71	4	PLXDC2	1.0	sp|Q6UX71|PXDC2_HUMAN	Q6UX71	PXDC2_HUMAN	Plexin domain-containing protein 2	Homo sapiens		22.533071256264222	22.476231623457732	22.555325789591496	22.419300942535983	22.768738362214005	23.252772787768862	22.609107273974303	22.80304395523288	22.89104290029143	22.606241679333827	22.886041339859712	21.75457466680981	23.134996888209702	NA	NA	22.553808223997017	22.514741009864245
Q6UXB8	6	PI16	1.0	sp|Q6UXB8|PI16_HUMAN	Q6UXB8	PI16_HUMAN	Peptidase inhibitor 16	Homo sapiens		24.051176834288828	23.86645553317727	24.090602323692135	23.98820430836659	24.282260608540337	24.314047993126728	23.757040440296276	24.914044117259937	24.39719550388889	24.211239262750208	24.628823133625122	23.529195580325723	24.39292532682696	NA	NA	24.041061221723968	24.06886120441791
Q6YHK3	3	CD109	1.0	sp|Q6YHK3|CD109_HUMAN	Q6YHK3	CD109_HUMAN	CD109 antigen	Homo sapiens		20.361365644701383	20.303839228947115	20.419595389177378	19.687518467171216	20.852447848174364	20.963102875191943	20.566026826623492	21.130967459829613	20.378877055166747	20.624498865863544	19.673567297072218	20.00155835390953	20.912807613787646	NA	NA	20.149381303598688	20.57923290755451
Q76LX8	7	ADAMTS13	0.9986	sp|Q76LX8|ATS13_HUMAN	Q76LX8	ATS13_HUMAN	A disintegrin and metalloproteinase with thrombospondin motifs 13	Homo sapiens		22.421775205338154	22.327500688306234	22.881429826888905	22.943316976797146	22.325495089754362	22.344790623267663	22.298549120210325	22.360355160472924	22.96779571596515	22.960372157268896	22.87930532959551	22.021755074444723	23.095019414480497	NA	22.80133734745552	22.566479120261572	22.321810285416714
Q7KZF4	1	SND1	0.997	sp|Q7KZF4|SND1_HUMAN	Q7KZF4	SND1_HUMAN	Staphylococcal nuclease domain-containing protein 1	Homo sapiens		19.275253703545825	18.51586506385187	NA	NA	NA	NA	NA	NA	NA	NA	NA	19.041800945097073	NA	NA	NA	NA	NA
Q7L576	1	CYFIP1	0.9936	sp|Q7L576|CYFP1_HUMAN	Q7L576	CYFP1_HUMAN	Cytoplasmic FMR1-interacting protein 1	Homo sapiens		19.88425877652207	NA	NA	NA	NA	NA	18.94134795733324	NA	NA	NA	NA	20.36110424769318	NA	NA	NA	NA	NA
Q7L7X3	1	TAOK1	0.9819	sp|Q7L7X3|TAOK1_HUMAN	Q7L7X3	TAOK1_HUMAN	Serine/threonine-protein kinase TAO1	Homo sapiens		15.087149387489397	15.567483739670632	NA	14.865805137975485	NA	13.519294834675527	15.286925457703438	14.834704542028147	14.152789093195352	14.6811644972218	NA	16.16018781060319	13.735781525946836	NA	NA	15.021903329049945	15.767991587902586
Q7LDG7	1	RASGRP2	0.9974	sp|Q7LDG7|GRP2_HUMAN	Q7LDG7	GRP2_HUMAN	RAS guanyl-releasing protein 2	Homo sapiens		20.31649020481547	20.781642932899615	NA	19.498760866843362	NA	NA	19.555782394565128	19.828074786781453	NA	20.452341141625215	NA	20.455442523768646	NA	NA	NA	19.877795450115254	NA
Q7LGC8	1	CHST3	0.9819	sp|Q7LGC8|CHST3_HUMAN	Q7LGC8	CHST3_HUMAN	Carbohydrate sulfotransferase 3	Homo sapiens		18.31443056583921	NA	NA	NA	NA	18.87854285665554	NA	NA	NA	NA	NA	NA	18.413649056515077	NA	NA	18.803887514707718	NA
Q7Z6B0	1	CCDC91	0.9902	sp|Q7Z6B0|CCD91_HUMAN	Q7Z6B0	CCD91_HUMAN	Coiled-coil domain-containing protein 91	Homo sapiens		19.93800639709624	20.483212456335472	20.023292893713812	20.338046064366957	19.961877974242462	20.12582020564026	20.053074622600175	20.06506865323512	20.0029728631733	20.66108876439208	20.037579354465187	19.710526703823636	20.47172389216759	NA	19.29167418993985	20.101797693170973	19.882791676708244
Q7Z794	5	KRT77	0.9927	sp|Q7Z794|K2C1B_HUMAN	Q7Z794	K2C1B_HUMAN	Keratin, type II cytoskeletal 1b	Homo sapiens		21.950067056483682	21.756249152549522	21.544850540415496	20.984228579309725	21.634997481183856	22.027731722226683	20.37612611870426	22.641235928037435	22.039826557358904	20.91415404084755	21.841861482009097	21.13305062862877	24.018762168683214	NA	NA	21.972112294426502	21.771912765558923
Q7Z7G0	4	ABI3BP	0.9951	sp|Q7Z7G0|TARSH_HUMAN	Q7Z7G0	TARSH_HUMAN	Target of Nesh-SH3	Homo sapiens		22.624269801791755	22.344821994866322	22.610666441433445	22.829478263410575	22.45104459742193	23.012348627490844	22.920893650666795	23.400195012139683	22.930418745792313	22.964740857346627	22.759082753018063	21.67906311121431	23.264689078292875	NA	22.774773020889285	22.66982373288653	22.584194710618178
Q7Z7M0	7	MEGF8	0.9999	sp|Q7Z7M0|MEGF8_HUMAN	Q7Z7M0	MEGF8_HUMAN	Multiple epidermal growth factor-like domains protein 8	Homo sapiens		23.08249007472323	22.693675669156768	23.173767011187937	22.838212102224297	23.409056660338248	23.453058435113043	22.9332516815998	23.695668650948186	22.954673150204908	23.2773388898607	23.07233904309386	22.43765148279211	23.549581995028227	NA	NA	23.132446655561704	22.977680932291875
Q86TH1	1	ADAMTSL2	0.9971	sp|Q86TH1|ATL2_HUMAN	Q86TH1	ATL2_HUMAN	ADAMTS-like protein 2	Homo sapiens		18.266762525463047	17.314339425977696	NA	NA	NA	NA	NA	NA	NA	NA	NA	NA	NA	NA	NA	NA	NA
Q86U17	1	SERPINA11	0.9853	sp|Q86U17|SPA11_HUMAN	Q86U17	SPA11_HUMAN	Serpin A11	Homo sapiens		20.123169660098718	20.822218746563557	20.484657747608313	19.840307854248984	18.16295636063528	21.468964811424044	20.987789801922837	19.533538418552148	NA	19.501466465021924	20.549396103294075	19.681186546099543	19.994505312246066	NA	20.366858045196288	20.14705672372329	20.320824598922066
Q86UF1	1	TSPAN33	0.9993	sp|Q86UF1|TSN33_HUMAN	Q86UF1	TSN33_HUMAN	Tetraspanin-33	Homo sapiens		19.090813961283423	19.60463360696816	NA	18.54056373552356	NA	17.178825508716667	18.734240979152236	18.36879274558465	NA	18.26963364400423	NA	20.370973643543213	NA	NA	NA	18.369871620083828	19.146549297519943
Q86UX7	9	FERMT3	1.0	sp|Q86UX7|URP2_HUMAN	Q86UX7	URP2_HUMAN	Fermitin family homolog 3	Homo sapiens		25.52901410040859	26.79374197396496	24.787405458057943	25.567620144611848	22.931522022317903	23.29351885378449	25.666707688876315	25.341699521062832	24.060230586157278	25.235951859076206	23.229412425278348	27.21359948862391	22.587810814566115	25.897877397504534	23.966877315229475	25.562737199808314	25.53941906628486
Q86VB7	3	CD163	0.9982	sp|Q86VB7|C163A_HUMAN	Q86VB7	C163A_HUMAN	Scavenger receptor cysteine-rich type 1 protein M130	Homo sapiens		22.312427794996083	22.746710180734734	23.04695226250492	22.161662563104716	21.872226391990864	22.56859998143922	22.16033957031181	23.11880155002791	21.94728316643963	22.011828020501696	21.463733836534246	21.9497526303268	23.173112496496188	NA	NA	22.371479864417537	22.20433994033689
Q86YZ3	10	HRNR	1.0	sp|Q86YZ3|HORN_HUMAN	Q86YZ3	HORN_HUMAN	Hornerin	Homo sapiens		24.4463551559676	23.57728430096713	24.655417578802627	25.510308316037502	25.56848832195976	24.48766920333364	24.2316522018186	24.713711158738473	23.02896843293107	23.439911972090897	22.72704146504567	24.626635994695324	24.704900457058297	23.70121918993261	23.836241397526912	25.13034870888358	25.224931844929575
Q8IVB4	1	SLC9A9	0.9995	sp|Q8IVB4|SL9A9_HUMAN	Q8IVB4	SL9A9_HUMAN	Sodium/hydrogen exchanger 9	Homo sapiens		17.00194018783442	16.770961137717762	NA	16.475734418691946	NA	NA	17.32989615787336	15.940395580558077	NA	16.737958342829245	16.289382068319412	18.196016217653813	NA	NA	NA	16.737070937869124	17.478084697645006
Q8IWV2	1	CNTN4	0.9605	sp|Q8IWV2|CNTN4_HUMAN	Q8IWV2	CNTN4_HUMAN	Contactin-4	Homo sapiens		17.241976944861275	17.19147780356648	17.29221453506899	17.147889641203587	17.82968592565245	17.95819487830306	17.24135377492474	17.720825790519655	17.417609331377378	17.371495821313616	17.700841963711387	16.685534756005254	18.075446177207503	NA	17.78356720125882	17.578478561766335	17.42841137062584
Q8IXL6	4	FAM20C	1.0	sp|Q8IXL6|FA20C_HUMAN	Q8IXL6	FA20C_HUMAN	Extracellular serine/threonine protein kinase FAM20C	Homo sapiens		21.508478345263462	21.5718977759023	21.637390934775116	21.662688544175044	21.87870232429921	21.8729932336796	21.78400215871823	21.714990877668814	21.741316501926306	21.861842955528353	21.765957229139136	21.026055589624516	21.74673274610003	NA	23.440671662886224	21.339291406409277	21.36846197952088
Q8IY22	1	CMIP	0.9947	sp|Q8IY22|CMIP_HUMAN	Q8IY22	CMIP_HUMAN	C-Maf-inducing protein	Homo sapiens		16.84637865361208	17.592436443338705	NA	16.478444265342205	NA	15.82232559737464	16.70898900543023	16.264535122598424	16.20286140629654	14.830352878300783	NA	18.318176138491044	15.10626353068559	NA	NA	16.03608580526134	17.257810836305634
Q8IYS5	1	OSCAR	0.9981	sp|Q8IYS5|OSCAR_HUMAN	Q8IYS5	OSCAR_HUMAN	Osteoclast-associated immunoglobulin-like receptor	Homo sapiens		17.884190113402067	18.074767633024905	19.08924096706453	16.913119640165515	17.90412482672488	18.31611764621727	17.20163573128443	18.09333221934848	17.654125817041162	18.081376109389037	17.50520613152154	18.212120591583385	18.676934834171515	NA	NA	17.949010910701674	17.710872240144596
Q8IZF2	1	ADGRF5	0.9534	sp|Q8IZF2|AGRF5_HUMAN	Q8IZF2	AGRF5_HUMAN	Adhesion G protein-coupled receptor F5	Homo sapiens		19.625988511703547	19.349675204796274	20.552225499780132	19.804098116332373	19.625988511703547	20.46428403413849	19.13222562562405	NA	19.175395920909878	20.61477634032904	19.993538532163072	18.541532962149095	20.22780500755153	NA	NA	19.613385092414944	NA
Q8IZP0	1	ABI1	0.998	sp|Q8IZP0|ABI1_HUMAN	Q8IZP0	ABI1_HUMAN	Abl interactor 1	Homo sapiens		17.514612356824802	18.0255682969149	NA	16.734105246727506	16.267456008631477	16.694509945109193	17.68203892870243	16.92990574013805	NA	16.677953195926165	NA	18.879565059696944	NA	NA	NA	16.52521298788645	17.627749115935448
Q8N149	1	LILRA2	0.9999	sp|Q8N149|LIRA2_HUMAN	Q8N149	LIRA2_HUMAN	Leukocyte immunoglobulin-like receptor subfamily A member 2	Homo sapiens		18.384097481443277	18.626483101026864	18.809422445241648	17.66991809351279	17.556238153652306	NA	17.705426804993557	NA	NA	NA	NA	NA	19.151002939940266	NA	NA	18.831063988005102	18.629131220483682
Q8N1N4	5	KRT78	0.9998	sp|Q8N1N4|K2C78_HUMAN	Q8N1N4	K2C78_HUMAN	Keratin, type II cytoskeletal 78	Homo sapiens		21.468283803722745	20.97911455275843	21.24181396598189	22.08895402851103	22.257698316903088	21.66084012586622	20.57217422033428	22.08970989803053	21.21020394940293	20.675289285525057	22.375766679625563	21.6818710870787	22.492757617548424	NA	22.445383874743953	21.60127518439959	21.54019534599532
Q8N392	2	ARHGAP18	0.9909	sp|Q8N392|RHG18_HUMAN	Q8N392	RHG18_HUMAN	Rho GTPase-activating protein 18	Homo sapiens		20.408124349159603	20.56922382372586	NA	19.459207976441935	NA	NA	19.64500362855894	19.875992470707377	18.93122258677563	18.751994941042835	NA	20.709472029579704	NA	NA	NA	20.000615979735656	18.678569712310967
Q8N3T6	1	TMEM132C	0.9979	sp|Q8N3T6|T132C_HUMAN	Q8N3T6	T132C_HUMAN	Transmembrane protein 132C	Homo sapiens		17.409109629591203	17.288641788156763	NA	NA	18.462886915163043	NA	17.275166939072125	16.553001003483356	18.200175290817995	16.899136308387142	17.276545958666386	16.482088726699974	17.905848812578956	NA	NA	NA	17.33781992867359
Q8N5M9	1	JAGN1	0.9996	sp|Q8N5M9|JAGN1_HUMAN	Q8N5M9	JAGN1_HUMAN	Protein jagunal homolog 1	Homo sapiens		17.591847261978092	17.169086493477657	NA	17.29631027949061	16.983657026834567	NA	17.74927855322551	NA	NA	NA	NA	18.758047844791516	16.30098663949022	NA	NA	NA	17.305100992329283
Q8N6H7	1	ARFGAP2	0.9924	sp|Q8N6H7|ARFG2_HUMAN	Q8N6H7	ARFG2_HUMAN	ADP-ribosylation factor GTPase-activating protein 2	Homo sapiens		15.868325307075452	16.016733168972713	NA	15.29999337336076	NA	NA	15.512923974407313	15.94292127510949	15.073851833362886	NA	NA	16.807107433344658	NA	NA	NA	15.326041447243043	15.086705569119676
Q8NBF2	1	NHLRC2	0.9793	sp|Q8NBF2|NHLC2_HUMAN	Q8NBF2	NHLC2_HUMAN	NHL repeat-containing protein 2	Homo sapiens		16.188325525791782	17.016713319823676	NA	16.91843889863145	15.96625595685548	14.800000395972646	15.767362440505563	16.089503599596178	15.479631275422514	15.793949902261808	15.693088845971836	17.51838274681395	14.927173745611764	NA	NA	15.50571340454512	15.963374583675217
Q8NBJ4	2	GOLM1	0.9963	sp|Q8NBJ4|GOLM1_HUMAN	Q8NBJ4	GOLM1_HUMAN	Golgi membrane protein 1	Homo sapiens		20.27310438083292	20.82040063970575	20.955958617930033	20.3835522196445	20.465140034258468	20.818432181883168	19.892981500269872	20.75872254747774	19.133988135611006	19.523434109684647	20.29532937015981	18.877008072526753	20.832021913508143	NA	NA	20.10414759235337	20.159475346806545
Q8NBP7	6	PCSK9	0.9995	sp|Q8NBP7|PCSK9_HUMAN	Q8NBP7	PCSK9_HUMAN	Proprotein convertase subtilisin/kexin type 9	Homo sapiens		22.90066834135974	22.571502294222658	22.97179361110227	23.523537880056935	23.054870784708434	23.123529547626717	22.923134818875262	22.793008582563097	22.94796850358181	24.04048301416084	23.36215600807193	22.418598507847186	23.29522590302587	NA	22.318794707757476	23.011785406165426	22.514722928867155
Q8NBS9	1	TXNDC5	0.9992	sp|Q8NBS9|TXND5_HUMAN	Q8NBS9	TXND5_HUMAN	Thioredoxin domain-containing protein 5	Homo sapiens		19.152329676100965	19.64250730526837	18.99225984483008	19.04511805785667	18.424777147884313	19.196090540939117	19.63886463215235	18.841434486567117	18.23070954731749	19.297648589855058	18.592865090608374	20.425383349933053	18.969102299758205	NA	NA	19.017994931259523	19.299147250140937
Q8NE71	1	ABCF1	0.9435	sp|Q8NE71|ABCF1_HUMAN	Q8NE71	ABCF1_HUMAN	ATP-binding cassette sub-family F member 1	Homo sapiens		17.263910532764704	16.411868562414153	NA	NA	NA	NA	NA	NA	NA	NA	NA	17.4636886932452	NA	NA	NA	NA	17.528327089033834
Q8TC12	1	RDH11	0.9994	sp|Q8TC12|RDH11_HUMAN	Q8TC12	RDH11_HUMAN	Retinol dehydrogenase 11	Homo sapiens		19.95994491409684	19.928913481216846	18.136464005963607	19.806182425775223	NA	17.420182789003636	20.804860645200133	19.718463405784963	17.904183644048885	19.752564259164263	17.837522757826125	22.10500272048967	17.880954383177528	NA	NA	20.055954777741373	20.071692949866947
Q8TDL5	1	BPIFB1	0.9998	sp|Q8TDL5|BPIB1_HUMAN	Q8TDL5	BPIB1_HUMAN	BPI fold-containing family B member 1	Homo sapiens		17.30604512996339	17.249407839821323	18.07680973664797	16.460226684505447	18.168579069739216	NA	17.207618243968113	17.228119587500718	17.996451714791686	16.616465165937413	16.789712346224796	17.14723556471043	NA	NA	NA	NA	NA
Q8TDY8	1	IGDCC4	0.9756	sp|Q8TDY8|IGDC4_HUMAN	Q8TDY8	IGDC4_HUMAN	Immunoglobulin superfamily DCC subclass member 4	Homo sapiens		19.75289330678396	NA	NA	NA	NA	NA	NA	NA	NA	20.24044579815962	NA	NA	NA	NA	NA	NA	NA
Q8TDZ2	1	MICAL1	0.9854	sp|Q8TDZ2|MICA1_HUMAN	Q8TDZ2	MICA1_HUMAN	[F-actin]-monooxygenase MICAL1	Homo sapiens		17.301337722952105	17.512865806623847	NA	17.38005547249654	NA	NA	16.50615244088805	16.066410396225418	NA	17.108375694411187	NA	17.79732660427261	17.008157079629935	NA	NA	NA	NA
Q8WUA8	3	TSKU	1.0	sp|Q8WUA8|TSK_HUMAN	Q8WUA8	TSK_HUMAN	Tsukushi	Homo sapiens		21.94533015889236	22.507310622721356	22.21850453386528	21.98060913818854	22.853870828720652	22.872295991565885	21.374716421197505	22.173164624333634	22.59557561674981	21.179083363614225	21.465044005871807	20.677658312540217	21.443910226556863	NA	NA	22.27474649586811	21.900046094194266
Q8WUM4	1	PDCD6IP	1.0	sp|Q8WUM4|PDC6I_HUMAN	Q8WUM4	PDC6I_HUMAN	Programmed cell death 6-interacting protein	Homo sapiens		18.34874991703193	19.296975597106133	17.959654994695576	18.755508887041767	17.469561716216244	17.31665341272322	18.641295952440565	18.182623455592427	17.896067655073427	17.989983137152997	15.813657828547665	19.58586965160661	17.609403218276764	NA	NA	18.52398235555877	18.313579137633923
Q8WVV4	1	POF1B	1.0	sp|Q8WVV4|POF1B_HUMAN	Q8WVV4	POF1B_HUMAN	Protein POF1B	Homo sapiens		18.57090546117615	NA	NA	NA	NA	NA	NA	18.085640869761455	NA	18.624906448962047	NA	NA	19.215596321325908	NA	NA	NA	NA
Q8WWA0	3	ITLN1	0.9988	sp|Q8WWA0|ITLN1_HUMAN	Q8WWA0	ITLN1_HUMAN	Intelectin-1	Homo sapiens		22.727447720213974	22.703174423941245	23.062516060936062	22.840247556221165	23.057040092386742	23.17744875916301	22.932356336772354	23.19462267483318	23.1460571973977	22.86431289460658	23.172750847214548	22.177751722801325	23.05354906681086	NA	NA	21.801979402045724	22.159973734600683
Q8WZ42	2	TTN	0.983	sp|Q8WZ42|TITIN_HUMAN	Q8WZ42	TITIN_HUMAN	Titin	Homo sapiens		24.150172431677593	23.650531152926877	23.71815666948217	24.934149527996286	24.36290526087644	24.322709358690272	23.930719823344585	23.930305681374847	24.454817730635227	24.221331231427154	24.305164718659416	23.925661635583094	24.344127248262314	NA	NA	23.9181842269529	23.446649259950046
Q8WZ75	1	ROBO4	0.9772	sp|Q8WZ75|ROBO4_HUMAN	Q8WZ75	ROBO4_HUMAN	Roundabout homolog 4	Homo sapiens		20.238362752168133	19.90803132574799	19.851109336863658	20.464919806175793	20.781954031575022	21.55662716639369	20.24019633664525	19.8030443758158	20.72982716965352	20.794168066609032	20.24693147978088	19.293192889589868	20.768177098648824	NA	NA	20.140952217645232	20.60701296275489
Q92496	4	CFHR4	1.0	sp|Q92496|FHR4_HUMAN	Q92496	FHR4_HUMAN	Complement factor H-related protein 4	Homo sapiens		23.467671012495995	24.11062286062208	23.66343808124953	23.289576127218886	23.244295059827063	24.543363752563796	23.81193918544343	22.734138257458046	23.250374025373933	23.91399802292597	22.806629330547107	23.598823640804707	21.79641633403619	NA	NA	23.51475470388783	23.311880530412626
Q92734	1	TFG	0.9893	sp|Q92734|TFG_HUMAN	Q92734	TFG_HUMAN	Protein TFG	Homo sapiens		18.270471243892256	18.468331165919874	18.10675957042299	NA	17.10539622170719	17.89229740821372	18.459985908238767	18.442895170968168	18.457976478756436	18.918556633992	17.771864344113883	19.581522878792114	17.762113073804713	NA	NA	17.864997329901062	17.9901760762653
Q92817	1	EVPL	1.0	sp|Q92817|EVPL_HUMAN	Q92817	EVPL_HUMAN	Envoplakin	Homo sapiens		19.15965860948941	17.10296920292545	NA	NA	NA	NA	17.745064498871415	18.60066807716952	18.472386701990082	NA	NA	NA	20.775396375840337	NA	NA	NA	NA
Q92820	2	GGH	0.9999	sp|Q92820|GGH_HUMAN	Q92820	GGH_HUMAN	Gamma-glutamyl hydrolase	Homo sapiens		24.12374329710357	24.47453687686322	24.54999263661427	24.526049502535272	24.29997852489257	24.423117960376583	24.292274093920586	23.960158466534722	24.425699586980862	24.550973397983203	24.39046112152722	23.17228926640405	24.212093306403943	NA	NA	24.132915710620512	23.92557459292849
Q92823	1	NRCAM	0.9973	sp|Q92823|NRCAM_HUMAN	Q92823	NRCAM_HUMAN	Neuronal cell adhesion molecule	Homo sapiens		21.877466754800054	21.02372897145734	NA	NA	NA	NA	NA	21.91947306981854	NA	NA	NA	NA	NA	NA	NA	22.012524837407454	NA
Q92859	2	NEO1	0.9812	sp|Q92859|NEO1_HUMAN	Q92859	NEO1_HUMAN	Neogenin	Homo sapiens		23.312757947995134	22.606414174626405	23.093681675015233	22.71885201925124	23.32321645643861	23.99277618227504	22.700129321576966	24.800405508304287	23.052347086157408	23.5274971084851	23.295914917806552	22.355155529951166	24.35763409888383	NA	NA	23.085953573785385	22.88427220922111
Q92930	1	RAB8B	0.9931	sp|Q92930|RAB8B_HUMAN	Q92930	RAB8B_HUMAN	Ras-related protein Rab-8B	Homo sapiens		16.885589990538037	17.345631178092564	NA	NA	16.627310757405933	NA	15.637573078528632	15.971367581761871	NA	NA	NA	17.56918859391323	16.0950179395145	NA	19.532588341750003	NA	NA
Q92954	20	PRG4	1.0	sp|Q92954|PRG4_HUMAN	Q92954	PRG4_HUMAN	Proteoglycan 4	Homo sapiens		28.24945678379001	28.440964570622064	28.1314090267579	27.77324384301622	28.558690535517663	28.582778075264276	28.421283592394033	28.60775125409178	27.782218091381214	29.227748710395474	28.578303508150693	28.000391700872598	28.26886257072502	NA	28.930710955272094	28.22423904458448	28.117670985441578
Q93052	1	LPP	0.9969	sp|Q93052|LPP_HUMAN	Q93052	LPP_HUMAN	Lipoma-preferred partner	Homo sapiens		16.86389647848695	NA	NA	NA	NA	NA	16.762456662526166	16.40087351530626	NA	NA	NA	17.205439486579944	NA	NA	NA	NA	17.227497258380193
Q93070	1	ART4	1.0	sp|Q93070|NAR4_HUMAN	Q93070	NAR4_HUMAN	Ecto-ADP-ribosyltransferase 4	Homo sapiens		18.501350587483863	18.517899036829633	18.673224746195796	18.794143497037005	18.500100327455517	18.87463208412576	18.53441799080298	18.698286629227546	18.56923202492958	18.22246084068706	18.935888870773844	17.872550410912087	19.384094403804514	NA	NA	18.828599223847455	18.405969750113194
Q93084	3	ATP2A3	0.9976	sp|Q93084|AT2A3_HUMAN	Q93084	AT2A3_HUMAN	Sarcoplasmic/endoplasmic reticulum calcium ATPase 3	Homo sapiens		21.876481911444017	21.98095797721758	20.24436881362736	22.303440354171737	20.475064068060988	20.29266133002817	22.57106498072356	21.427054774080258	19.834115324080717	21.9549675196426	20.416751523431664	23.51331064112983	19.570474663899102	NA	NA	22.239931036773918	22.08374070536425
Q96BM9	1	ARL8A	0.9812	sp|Q96BM9|ARL8A_HUMAN	Q96BM9	ARL8A_HUMAN	ADP-ribosylation factor-like protein 8A	Homo sapiens		18.078321952719772	18.982527749765566	18.157164161090172	17.660037529122185	16.7925405806619	16.161228413928022	17.93794065898399	17.695519883498758	18.33739303092346	17.922556643975653	16.32295180604762	19.442670776595236	NA	NA	NA	18.01788312662722	18.13306356913348
Q96BS2	1	TESC	0.9999	sp|Q96BS2|CHP3_HUMAN	Q96BS2	CHP3_HUMAN	Calcineurin B homologous protein 3	Homo sapiens		16.888234561457935	16.052740116548787	NA	16.3277711513948	NA	NA	17.355487188264267	15.72282802925104	NA	15.923231692120186	NA	18.550099486625037	16.15202092038816	NA	NA	16.997384625673938	16.35795598609957
Q96G03	2	PGM2	0.9982	sp|Q96G03|PGM2_HUMAN	Q96G03	PGM2_HUMAN	Phosphopentomutase	Homo sapiens		20.495673348906493	20.829636491262914	19.806655934111546	19.782387314181538	19.955043791666544	NA	20.2088758094026	20.39165168314552	20.234705391897677	NA	NA	21.14442989238834	20.22168293913827	NA	23.663905195753284	20.47137183196969	20.35223852335322
Q96IU4	1	ABHD14B	0.9995	sp|Q96IU4|ABHEB_HUMAN	Q96IU4	ABHEB_HUMAN	Putative protein-lysine deacylase ABHD14B	Homo sapiens		19.271206972379886	20.372462212539	19.148335716810887	18.296180654227165	17.389818124548075	17.269121963353157	18.865049907610178	18.96028889602894	19.269607111193896	19.22249737410278	18.242313808256878	20.719822976768324	18.418781711131462	NA	NA	19.08247487334615	NA
Q96IY4	13	CPB2	1.0	sp|Q96IY4|CBPB2_HUMAN	Q96IY4	CBPB2_HUMAN	Carboxypeptidase B2	Homo sapiens		26.689085622653934	26.89112907481553	26.92951727552436	26.87672420946688	26.700476751839997	27.425202190836732	26.71833135169469	26.792670491336246	27.099922743458425	26.72556722732901	26.77364289060854	26.35150100508863	26.984450865881943	NA	26.222181059403948	26.645764808641857	26.615811105671206
Q96KG7	1	MEGF10	0.9912	sp|Q96KG7|MEG10_HUMAN	Q96KG7	MEG10_HUMAN	Multiple epidermal growth factor-like domains protein 10	Homo sapiens		17.124332123731932	NA	17.97591287361403	NA	NA	NA	NA	16.75815844803472	NA	NA	17.83867021863825	NA	NA	NA	NA	17.249418884285443	NA
Q96KN2	12	CNDP1	1.0	sp|Q96KN2|CNDP1_HUMAN	Q96KN2	CNDP1_HUMAN	Beta-Ala-His dipeptidase	Homo sapiens		26.0926515470323	26.405902464933796	26.089398226668596	26.312683243198126	26.03473320574369	26.609820574935682	26.64667721428086	26.206856542587325	26.072282816230167	26.254813585429535	26.425342881226292	25.237885887084623	26.0308473680175	NA	NA	25.998325259136106	26.000231681506513
Q96NZ9	1	PRAP1	0.9371	sp|Q96NZ9|PRAP1_HUMAN	Q96NZ9	PRAP1_HUMAN	Proline-rich acidic protein 1	Homo sapiens		19.6672129156225	19.64651803831589	20.22605717973615	19.98109453750636	20.52508988718387	19.63694604479306	18.896803997005087	20.13931359090194	18.71425580401821	20.297079743191414	20.158649006485415	18.20663065498485	20.53890418130534	NA	NA	19.370698038806754	19.88126294489789
Q96PD5	15	PGLYRP2	1.0	sp|Q96PD5|PGRP2_HUMAN	Q96PD5	PGRP2_HUMAN	N-acetylmuramoyl-L-alanine amidase	Homo sapiens		27.79527083849075	27.683767639580715	27.869803028423785	27.77904832183986	27.925311137681685	28.124026982512667	27.768650484188132	28.032354630512124	28.29344908395452	28.315525407393228	28.26809391672589	27.561796896357993	28.245062276751778	NA	28.17665193823249	27.898369032875017	27.98005902393087
Q96RD9	3	FCRL5	0.9931	sp|Q96RD9|FCRL5_HUMAN	Q96RD9	FCRL5_HUMAN	Fc receptor-like protein 5	Homo sapiens		21.5212416368264	21.216095964205202	21.5212416368264	21.68478887283455	22.62404658655476	20.929448285493937	21.671624281253496	22.357413368114596	21.941891570011702	21.87706894364685	21.691869416177347	20.503540042025985	21.395679706173496	NA	NA	21.499154796933773	21.413258220456257
Q96RT1	1	ERBIN	0.9871	sp|Q96RT1|ERBIN_HUMAN	Q96RT1	ERBIN_HUMAN	Erbin	Homo sapiens		19.050207038761844	18.973663752531937	NA	18.083849227661013	NA	NA	NA	NA	NA	NA	NA	19.51256001480848	NA	NA	NA	18.20145634757285	NA
Q96S96	2	PEBP4	0.965	sp|Q96S96|PEBP4_HUMAN	Q96S96	PEBP4_HUMAN	Phosphatidylethanolamine-binding protein 4	Homo sapiens		21.175634250665137	21.039384378048904	21.45396217968926	21.064205040932432	21.3067868532953	22.28676167372919	21.542787766842622	20.877889834000662	21.429510526097708	19.84127849259664	20.619266805252334	21.525195032932363	21.11490133634498	NA	NA	21.481523008639	20.819365590984617
Q99426	1	TBCB	0.9909	sp|Q99426|TBCB_HUMAN	Q99426	TBCB_HUMAN	Tubulin-folding cofactor B	Homo sapiens		21.128700163036697	20.176277063551343	NA	NA	NA	NA	NA	NA	NA	NA	NA	NA	NA	NA	NA	NA	NA
Q99436	1	PSMB7	0.9228	sp|Q99436|PSB7_HUMAN	Q99436	PSB7_HUMAN	Proteasome subunit beta type-7	Homo sapiens		19.234445890553697	19.228190637367838	19.53883328888344	19.424178505086008	18.876337145394743	18.725202533538955	19.451659855983646	19.361179523086747	19.262551056258776	18.62745772201506	19.66099413030704	19.849029890868966	20.729744487878484	NA	18.83319842325954	19.049574450993845	19.283442252010104
Q99439	1	CNN2	0.9818	sp|Q99439|CNN2_HUMAN	Q99439	CNN2_HUMAN	Calponin-2	Homo sapiens		19.949564350184694	20.915718481969847	19.90918465177539	19.746209261767408	17.323946001933724	17.522194622487703	20.243784610565864	19.501949984461138	19.515256275280343	19.24692010038347	16.683155938160873	21.565885799171834	NA	NA	NA	19.52934868162833	20.1544344657669
Q99497	1	PARK7	1.0	sp|Q99497|PARK7_HUMAN	Q99497	PARK7_HUMAN	Parkinson disease protein 7	Homo sapiens		21.80737895731031	22.624992584744273	21.707069259897896	21.58436612358183	21.018553072956124	20.648744375676923	21.71054315169829	21.738085521688784	21.37990198548417	21.689787772989522	20.823820700122273	23.43086817951005	20.853521404277416	NA	NA	21.749278843919914	21.63873278081418
Q99536	1	VAT1	1.0	sp|Q99536|VAT1_HUMAN	Q99536	VAT1_HUMAN	NADPH-dependent quinone oxidoreductase VAT1	Homo sapiens		18.33307374831061	18.072592083477314	18.15353110346336	18.543172152392756	17.835148610159276	18.916991585224938	18.18390224207201	18.23981347601347	19.297543396223293	18.926137582875263	18.460478374721692	18.137050636741854	18.98285127386258	NA	NA	17.883897412311097	18.925816914040198
Q99685	1	MGLL	0.922	sp|Q99685|MGLL_HUMAN	Q99685	MGLL_HUMAN	Monoglyceride lipase	Homo sapiens		18.287165930466983	19.602830510025598	16.999567405882072	17.342141274934434	16.125997598690773	17.07643308834819	18.460784632751995	17.873112343233895	16.18306060123215	18.018797284816472	NA	19.33004838481624	NA	NA	NA	17.71566314212752	18.168939350755835
Q99719	1	SEPTIN5	0.9968	sp|Q99719|SEPT5_HUMAN	Q99719	SEPT5_HUMAN	Septin-5	Homo sapiens		17.93805865728403	18.334951378504808	NA	17.373783000641605	16.562164026488844	NA	17.922269513084117	17.073578889691206	15.75701859710282	17.712083287575478	NA	19.553647656533844	NA	NA	NA	17.350935370098476	17.725894330896356
Q99784	3	OLFM1	0.9951	sp|Q99784|NOE1_HUMAN	Q99784	NOE1_HUMAN	Noelin	Homo sapiens		22.10050325652928	21.81332601033583	22.543310292056322	21.903148051634094	21.91789810426782	23.024255219247777	22.388862271621893	22.69220102683737	22.39167767129416	22.14086596024424	22.2767912716932	21.621288496190395	22.87539134470936	NA	21.752879491531928	22.097573605639766	22.095476673566324
Q99798	1	ACO2	0.992	sp|Q99798|ACON_HUMAN	Q99798	ACON_HUMAN	Aconitate hydratase, mitochondrial	Homo sapiens		18.342958367557635	18.395948951054965	17.439064780141983	18.580893491508203	17.58341147500429	17.67835938289732	18.96164162837275	17.86822786418901	18.226906894207453	18.606057745396708	17.304987415855056	20.334917738463528	17.620603459540206	19.103749744942952	NA	18.61711214958673	18.54236639193386
Q99972	1	MYOC	0.9311	sp|Q99972|MYOC_HUMAN	Q99972	MYOC_HUMAN	Myocilin	Homo sapiens		18.244996783268583	18.25860394265006	18.406335036488617	18.84589243410592	19.06371814844784	18.127797628485634	18.358387764664485	18.108553604698393	18.63342152465124	18.777832112803537	18.711321093382022	17.92046796131543	18.79104272010945	NA	18.779725814328373	18.29217053128249	18.661360152439336
Q9BQE3	5	TUBA1C	1.0	sp|Q9BQE3|TBA1C_HUMAN	Q9BQE3	TBA1C_HUMAN	Tubulin alpha-1C chain	Homo sapiens		25.730053476013076	26.22673355477983	24.517626422054317	25.96715359357015	23.01561919161248	23.805067190710105	26.2786812347287	25.495470094370045	24.369962363672258	25.822778845457766	23.644515537232472	27.794151398285177	23.16960654887354	25.241332274622753	24.239326319919726	26.04950800878399	25.990955784213806
Q9BR76	1	CORO1B	0.98	sp|Q9BR76|COR1B_HUMAN	Q9BR76	COR1B_HUMAN	Coronin-1B	Homo sapiens		17.27735905719364	16.15327650839868	NA	NA	NA	NA	NA	NA	NA	NA	NA	17.420207211369693	NA	NA	NA	NA	NA
Q9BRK5	1	SDF4	0.9928	sp|Q9BRK5|CAB45_HUMAN	Q9BRK5	CAB45_HUMAN	45 kDa calcium-binding protein	Homo sapiens		18.199974900955734	17.98939997078281	17.65137129253096	18.591434067321323	18.727113309484874	18.418125430579543	18.216332380428067	19.107909514763175	18.292190250841276	18.666275499432167	17.54242546783799	17.81640546792743	18.623857111967325	NA	NA	18.18429353350418	18.33343405617398
Q9BS26	2	ERP44	0.9899	sp|Q9BS26|ERP44_HUMAN	Q9BS26	ERP44_HUMAN	Endoplasmic reticulum resident protein 44	Homo sapiens		20.95553634392313	21.44542669420785	20.945198545169678	21.137046638099218	20.344431819897604	20.828537240924845	21.527949214969226	20.957884243614732	20.921438182733514	20.76185542079633	20.787056752914662	21.994177291344638	20.743550220434486	NA	21.60772264126609	20.76136277741138	20.79262003724708
Q9BS40	1	LXN	0.9801	sp|Q9BS40|LXN_HUMAN	Q9BS40	LXN_HUMAN	Latexin	Homo sapiens		20.963517304203485	20.01109420471813	NA	NA	NA	NA	NA	NA	NA	NA	NA	NA	NA	NA	NA	NA	NA
Q9BSJ8	1	ESYT1	0.9941	sp|Q9BSJ8|ESYT1_HUMAN	Q9BSJ8	ESYT1_HUMAN	Extended synaptotagmin-1	Homo sapiens		18.203442915442626	17.8484048992899	NA	17.570499363548365	NA	NA	17.777418260110213	NA	NA	16.212064031671414	NA	19.817425229578813	NA	NA	NA	16.669880230250595	18.18475428520609
Q9BTY2	3	FUCA2	0.9832	sp|Q9BTY2|FUCO2_HUMAN	Q9BTY2	FUCO2_HUMAN	Plasma alpha-L-fucosidase	Homo sapiens		20.444413713618054	19.851921272836453	NA	20.245103939231335	20.028468874656014	21.428208816888976	19.767834237388296	22.1896510304801	19.66865474503546	20.024058121059717	19.40926858255984	19.253741408079225	20.689084673809003	NA	NA	20.21283221768885	20.23008130960716
Q9BUN1	1	MENT	0.933	sp|Q9BUN1|MENT_HUMAN	Q9BUN1	MENT_HUMAN	Protein MENT	Homo sapiens		21.401152582257694	21.62764483229651	21.609677496815237	21.47193279229296	21.628028671976743	21.552221240204407	21.444963468943023	21.24239262164089	21.721306109877332	21.887308198650423	21.94675768855001	21.560747742750745	21.32458425941378	NA	NA	21.387483688734296	21.243620280589944
Q9BWP8	5	COLEC11	1.0	sp|Q9BWP8|COL11_HUMAN	Q9BWP8	COL11_HUMAN	Collectin-11	Homo sapiens		23.609700807132704	23.986137112876012	23.14979048506335	23.523824317109103	23.848460040379415	23.164645713342377	23.119237070522566	24.235077708940025	23.614443485814235	24.089333445043845	23.73831693834398	23.061905953961432	24.588420746198032	NA	23.998796259010412	23.748473859592877	23.207309717339374
Q9BX93	1	PLA2G12B	0.9981	sp|Q9BX93|PG12B_HUMAN	Q9BX93	PG12B_HUMAN	Group XIIB secretory phospholipase A2-like protein	Homo sapiens		19.80408488070223	19.68515041740081	NA	20.429838048394064	20.406917914359365	NA	19.37267093509119	NA	19.771368887683742	NA	19.902652959021196	19.403731064442017	20.068978779177158	NA	NA	19.593999788416294	NA
Q9BXR6	12	CFHR5	1.0	sp|Q9BXR6|FHR5_HUMAN	Q9BXR6	FHR5_HUMAN	Complement factor H-related protein 5	Homo sapiens		26.18013194334008	26.13097991682417	26.978918029450295	26.310935447012167	26.912525631568503	26.93909293137234	26.499633639864623	26.294068754035166	26.584049115781323	26.64600998291076	26.09502910486186	25.689986360646415	25.617206538109862	27.018536961523306	26.209323081605923	26.23237193103257	26.045211734758183
Q9BY67	2	CADM1	0.996	sp|Q9BY67|CADM1_HUMAN	Q9BY67	CADM1_HUMAN	Cell adhesion molecule 1	Homo sapiens		19.742827025950216	19.555505097600772	19.80983090001023	19.634866139910223	19.857788868311697	19.632920772174668	19.411468740421185	19.604176354587107	20.399844819342647	19.252838088016503	20.18075405224757	18.892590624945893	20.494214102447312	NA	NA	19.212687209233508	19.992345303961834
Q9BYE9	1	CDHR2	0.9958	sp|Q9BYE9|CDHR2_HUMAN	Q9BYE9	CDHR2_HUMAN	Cadherin-related family member 2	Homo sapiens		18.983023923806805	17.47972729444111	NA	NA	18.450458176481444	NA	NA	NA	NA	18.80823659418213	18.801912288114018	NA	20.423140991724306	NA	NA	NA	NA
Q9BYJ0	1	FGFBP2	1.0	sp|Q9BYJ0|FGFP2_HUMAN	Q9BYJ0	FGFP2_HUMAN	Fibroblast growth factor-binding protein 2	Homo sapiens		18.612790154743323	18.798173741683804	18.495575280520566	18.95369583574913	18.95757350399363	19.362249235895113	18.634492417342557	18.547154906543433	18.774596547231496	18.738847841350086	NA	18.3902341183285	19.002075266638382	NA	NA	18.55333748152251	18.167021374053732
Q9C0C9	1	UBE2O	0.9173	sp|Q9C0C9|UBE2O_HUMAN	Q9C0C9	UBE2O_HUMAN	(E3-independent) E2 ubiquitin-conjugating enzyme	Homo sapiens		18.796550526375118	19.143846256886903	17.92765385932716	18.377027514870605	NA	NA	18.478024140374362	18.574135973404136	NA	18.97105321106933	17.581540188905098	19.71985515646378	NA	NA	NA	18.78170185430322	NA
Q9GZT8	1	NIF3L1	0.9965	sp|Q9GZT8|NIF3L_HUMAN	Q9GZT8	NIF3L_HUMAN	NIF3-like protein 1	Homo sapiens		19.511113000926837	19.722921379719207	19.63912128740679	19.041031394198995	19.68456872336178	19.863743738397375	19.875751927889155	19.726552625074273	18.60872236729806	19.425065548750716	19.478799162378195	19.337496656616352	20.492979437796087	NA	NA	19.460702848166708	19.770268212741755
Q9H0U4	4	RAB1B	0.9988	sp|Q9H0U4|RAB1B_HUMAN	Q9H0U4	RAB1B_HUMAN	Ras-related protein Rab-1B	Homo sapiens		23.33909409253989	24.309727140914852	21.88095203309764	22.95053073468057	20.778718961873412	21.49890686635348	23.313044412718362	22.551068398787816	21.05325678210633	22.554711987265065	21.216858887250673	24.46845961441838	21.60709317505997	NA	NA	23.236502606430097	23.423413447897502
Q9H299	2	SH3BGRL3	1.0	sp|Q9H299|SH3L3_HUMAN	Q9H299	SH3L3_HUMAN	SH3 domain-binding glutamic acid-rich-like protein 3	Homo sapiens		23.47609579657178	24.533341062436733	23.463934105787107	23.39804023528013	21.841924520650984	21.65556741345606	23.576836130661512	23.07549535635828	23.060374699143065	23.061660149217836	21.401814605885285	24.99320147607051	21.08106894475482	23.185211241584835	NA	23.459695069926255	23.329244884236015
Q9H3N1	1	TMX1	0.9785	sp|Q9H3N1|TMX1_HUMAN	Q9H3N1	TMX1_HUMAN	Thioredoxin-related transmembrane protein 1	Homo sapiens		19.403907852531724	17.735423108833373	NA	NA	NA	NA	19.291328882599807	NA	18.77755144648823	NA	NA	20.230626594490346	NA	NA	NA	NA	20.07764946699343
Q9H425	1	C1orf198	0.9999	sp|Q9H425|CA198_HUMAN	Q9H425	CA198_HUMAN	Uncharacterized protein C1orf198	Homo sapiens		18.68820636273423	18.71962227013667	18.093522003469477	NA	NA	18.116240819805633	19.30214862648217	18.12429046607074	NA	NA	NA	19.94793612499388	17.2875866770969	NA	NA	17.467085842818904	18.46182608327029
Q9H4A4	1	RNPEP	0.9997	sp|Q9H4A4|AMPB_HUMAN	Q9H4A4	AMPB_HUMAN	Aminopeptidase B	Homo sapiens		16.32469335407195	15.765698044017666	16.148735168384924	17.08522665484479	15.82488133423853	15.807785897265736	16.576470142050816	16.611603080025755	17.198339401466235	16.298834859020904	NA	16.378042817925976	17.358776979466647	NA	NA	15.833297402721202	15.869882481559973
Q9H4A9	2	DPEP2	0.9999	sp|Q9H4A9|DPEP2_HUMAN	Q9H4A9	DPEP2_HUMAN	Dipeptidase 2	Homo sapiens		19.592562556158832	18.822911359006266	20.083970181084275	19.731343377171925	19.400409265881272	20.175736346279507	19.761310431042237	19.332249153030208	20.112306599656797	20.035798820954014	20.052140124819218	19.198342192454792	20.174287191559863	NA	NA	18.54749510165718	19.868683584877292
Q9H4B7	10	TUBB1	1.0	sp|Q9H4B7|TBB1_HUMAN	Q9H4B7	TBB1_HUMAN	Tubulin beta-1 chain	Homo sapiens		25.10634952882866	25.665869175622717	23.70879031178024	25.139722463561377	22.06419758241692	22.853825909376422	25.432361456294817	24.799883829514485	23.07661941351807	24.48352989865933	22.97419391690254	26.76582946852442	22.440749648454517	22.869593106213607	25.971009358484764	25.116802160090398	25.10825562147635
Q9H6X2	3	ANTXR1	1.0	sp|Q9H6X2|ANTR1_HUMAN	Q9H6X2	ANTR1_HUMAN	Anthrax toxin receptor 1	Homo sapiens		22.190665756136458	21.901581516315822	22.02156821112051	22.100254843261357	22.786649880280226	22.788022381377502	22.247997311910407	21.745574725368993	22.345493865837383	22.39442882301758	23.038379283389325	21.696784108109814	22.757784589916977	NA	NA	22.183833442502383	22.03594574616404
Q9H8L6	1	MMRN2	0.9982	sp|Q9H8L6|MMRN2_HUMAN	Q9H8L6	MMRN2_HUMAN	Multimerin-2	Homo sapiens		19.60448898191107	19.086994085296244	NA	20.183708482548436	20.389119361197835	NA	NA	18.875880221717857	19.481456010987312	19.792656942935565	NA	NA	NA	NA	NA	NA	NA
Q9HA64	1	FN3KRP	0.987	sp|Q9HA64|KT3K_HUMAN	Q9HA64	KT3K_HUMAN	Ketosamine-3-kinase	Homo sapiens		17.539502279859395	17.546338513155415	18.015394211621263	17.769169560496643	NA	NA	16.735111280757454	NA	NA	17.467995460946863	NA	18.112435693951074	17.30561006413961	NA	NA	NA	17.591573131973345
Q9HBB8	1	CDHR5	0.9861	sp|Q9HBB8|CDHR5_HUMAN	Q9HBB8	CDHR5_HUMAN	Cadherin-related family member 5	Homo sapiens		16.80102065617005	16.893020363928922	16.967597911172792	16.844501092880044	16.338425577059645	17.32133667973129	16.71867164058713	17.763578966329327	16.49070529729743	17.454467023655234	17.002650035821354	16.930025122183824	16.572841302071943	NA	NA	16.45992646930598	16.512887469148986
Q9HBI1	2	PARVB	0.9958	sp|Q9HBI1|PARVB_HUMAN	Q9HBI1	PARVB_HUMAN	Beta-parvin	Homo sapiens		23.67453117766577	24.522116638549466	22.535572270179326	23.813018847232822	21.581611931757266	22.24827195456104	24.123878369854925	23.435511070666937	22.655591611568454	23.542347426191107	21.871934465535272	25.55586695063585	21.449024411948397	NA	22.722909053239615	24.015084475056423	24.00415519649144
Q9HBR0	1	SLC38A10	0.9809	sp|Q9HBR0|S38AA_HUMAN	Q9HBR0	S38AA_HUMAN	Solute carrier family 38 member 10	Homo sapiens		18.58330593035673	18.707194070167546	18.941096984294788	18.751511145031305	18.349313996959197	19.19661679354149	18.37108348168096	18.588337565828425	18.613565892867932	18.56571792815837	19.198904359676614	18.533803222556415	18.929090351855724	NA	NA	18.793928153512237	18.836874511998058
Q9HC38	2	GLOD4	0.9995	sp|Q9HC38|GLOD4_HUMAN	Q9HC38	GLOD4_HUMAN	Glyoxalase domain-containing protein 4	Homo sapiens		17.708301999544904	18.44272102309471	17.533095841724286	17.525067385238213	17.63193701488619	17.34627195698383	17.527730928274988	17.321754217041672	17.725774756333628	17.23741281381157	16.990727452784935	18.317091453844682	17.202355853597567	NA	NA	17.60937829718777	17.08464037819932
Q9HCB6	2	SPON1	0.9952	sp|Q9HCB6|SPON1_HUMAN	Q9HCB6	SPON1_HUMAN	Spondin-1	Homo sapiens		19.591251475636305	19.04387875928062	19.685726651021255	20.035167910332813	20.175683128846863	19.88809428220744	19.06468552115602	19.70614773863653	19.985063674946034	19.18656471838962	19.521017016480076	18.810728066895297	19.955786233544384	NA	NA	20.32002286404112	20.08893194364738
Q9HDC9	5	APMAP	0.9992	sp|Q9HDC9|APMAP_HUMAN	Q9HDC9	APMAP_HUMAN	Adipocyte plasma membrane-associated protein	Homo sapiens		23.664287488329787	23.508769911388466	23.569702898808046	23.76381773893574	24.203014689186364	24.59887421833647	23.72144192422713	24.242909258926648	23.757609637870452	24.03901808222997	23.674000915203113	23.605659617496855	23.06121427377142	24.098832238529443	NA	23.658559622103713	23.852864150843875
Q9NPH3	4	IL1RAP	0.9874	sp|Q9NPH3|IL1AP_HUMAN	Q9NPH3	IL1AP_HUMAN	Interleukin-1 receptor accessory protein	Homo sapiens		21.86017122097454	21.38562526337396	22.584864041505682	21.702777541920383	21.941778033666456	21.934120826065087	21.743616715292397	21.30877362871722	22.782864481824642	22.42869107135644	21.771562481839517	22.135662075633483	22.16679304906973	NA	NA	22.11144397637813	22.02849636068006
Q9NPR2	1	SEMA4B	0.9387	sp|Q9NPR2|SEM4B_HUMAN	Q9NPR2	SEM4B_HUMAN	Semaphorin-4B	Homo sapiens		18.932213515925852	18.893969852727885	19.41783367979391	19.459511971141904	18.888289131233037	19.083452647394108	18.848021478899096	19.956146199424705	18.607932061021888	18.87500715347661	19.121570144873953	18.1384547271653	19.453372556763174	NA	NA	19.025083252357607	18.285367786521213
Q9NPY3	4	CD93	0.9999	sp|Q9NPY3|C1QR1_HUMAN	Q9NPY3	C1QR1_HUMAN	Complement component C1q receptor	Homo sapiens		22.170115362939764	21.309748021388803	22.533226736521133	22.233013991487343	22.20418116525134	22.824167604748645	21.835101243501477	22.475901783570354	22.482649022656865	22.326535150346626	22.595350493515244	21.691568039884142	22.80825931821434	NA	NA	22.059720895876847	22.285952580145818
Q9NQ38	1	SPINK5	0.9998	sp|Q9NQ38|ISK5_HUMAN	Q9NQ38	ISK5_HUMAN	Serine protease inhibitor Kazal-type 5	Homo sapiens		18.525872781806314	18.445833712111035	18.602991736956145	18.986213826395556	19.778951395904553	18.867022513360258	18.83291620292353	18.167383188416895	18.998682265127833	18.20642780584915	18.55132763389855	17.376481619173354	18.825443827942127	NA	NA	18.6003656550922	18.71574122870379
Q9NQ79	6	CRTAC1	1.0	sp|Q9NQ79|CRAC1_HUMAN	Q9NQ79	CRAC1_HUMAN	Cartilage acidic protein 1	Homo sapiens		24.899200400687775	24.90446029915253	24.96846814825808	25.19845472240526	25.830749744261094	26.041398519290926	25.190758168100004	24.01868995515238	25.291689094781816	24.63934548729516	25.230475647137467	24.44614765142111	25.083306989689955	NA	25.183784767116464	24.85885856655352	25.0228244063342
Q9NR31	1	SAR1A	0.9983	sp|Q9NR31|SAR1A_HUMAN	Q9NR31	SAR1A_HUMAN	Small COPII coat GTPase SAR1A	Homo sapiens		20.95190705034805	22.288578757929066	20.226798115348487	20.991152355299484	18.422975008098177	18.62691032715968	21.150114194569188	20.856845332200496	19.943209928826974	20.61006720340336	19.655730624992582	22.771238175556547	19.073411403642208	NA	19.32438014064228	20.75786964393492	20.829748685493243
Q9NRN5	1	OLFML3	0.9937	sp|Q9NRN5|OLFL3_HUMAN	Q9NRN5	OLFL3_HUMAN	Olfactomedin-like protein 3	Homo sapiens		20.59152074868049	NA	NA	NA	NA	NA	NA	NA	NA	NA	21.315022390478227	NA	20.28760205326193	NA	NA	NA	NA
Q9NTK5	1	OLA1	0.9842	sp|Q9NTK5|OLA1_HUMAN	Q9NTK5	OLA1_HUMAN	Obg-like ATPase 1	Homo sapiens		17.78511102949134	18.81555044038661	17.019312424180622	17.833179624832184	NA	16.846002275310756	17.523742037080243	17.175065268540305	16.846557442683444	17.065345905380102	16.461521025969468	19.11156278401454	17.188162375432015	NA	NA	18.122587644207673	17.806500115653066
Q9NUQ9	1	CYRIB	0.9929	sp|Q9NUQ9|CYRIB_HUMAN	Q9NUQ9	CYRIB_HUMAN	CYFIP-related Rac1 interactor B	Homo sapiens		16.91696640433383	17.345763177725324	18.046372715618755	16.03739038088226	17.8603841433109	15.875945276824256	16.532063089181545	16.855343984970823	17.985498196529118	16.28489737643106	15.751782532095019	16.93372682327033	NA	NA	NA	17.45345322231605	16.232141718358733
Q9NVJ2	1	ARL8B	0.9819	sp|Q9NVJ2|ARL8B_HUMAN	Q9NVJ2	ARL8B_HUMAN	ADP-ribosylation factor-like protein 8B	Homo sapiens		19.318934576657853	20.263120131050083	18.701816208679848	19.246310081220255	17.361921594159085	17.522483685460376	19.430168973105538	18.866035947973348	19.026108333939145	19.02146622453664	17.142306912490934	21.200297355200377	17.389282890510525	NA	NA	19.331885742250662	19.27807350273862
Q9NWH9	1	SLTM	0.9882	sp|Q9NWH9|SLTM_HUMAN	Q9NWH9	SLTM_HUMAN	SAFB-like transcription modulator	Homo sapiens		20.267511256826694	19.570388321514073	20.291377647715237	NA	20.14694403831974	NA	NA	20.244333373610605	NA	NA	21.48564799752227	20.65674579507201	19.674462427300945	NA	NA	20.920478152163525	20.170046436114987
Q9NY15	4	STAB1	0.9995	sp|Q9NY15|STAB1_HUMAN	Q9NY15	STAB1_HUMAN	Stabilin-1	Homo sapiens		22.538482794218115	21.586059694732764	23.307090244338134	22.659011670170106	23.246807773221544	23.35315290234935	22.45732819395386	21.85685407508531	21.944582505280785	23.326740260530716	22.57960026501557	21.38219141175593	22.666257719392974	NA	NA	22.746261591119865	23.22624643573604
Q9NY65	1	TUBA8	0.906	sp|Q9NY65|TBA8_HUMAN	Q9NY65	TBA8_HUMAN	Tubulin alpha-8 chain	Homo sapiens		18.33425220727011	17.319214222309046	NA	18.75299329616972	NA	NA	17.61493781887091	18.03672796032077	NA	17.855124765836795	NA	19.56607410965992	NA	NA	NA	17.90091431021905	NA
Q9NY97	1	B3GNT2	0.9871	sp|Q9NY97|B3GN2_HUMAN	Q9NY97	B3GN2_HUMAN	N-acetyllactosaminide beta-1,3-N-acetylglucosaminyltransferase 2	Homo sapiens		19.691182315341404	19.562254977419588	20.049688200375787	19.672625801905536	20.027364016367336	20.139682138380568	19.845214721821574	19.811105621205552	19.773980913448337	19.895253793452355	19.877822204280026	19.54533594483902	20.432787092554292	NA	NA	19.456407923785473	19.807975799188775
Q9NYU2	2	UGGT1	0.9989	sp|Q9NYU2|UGGG1_HUMAN	Q9NYU2	UGGG1_HUMAN	UDP-glucose:glycoprotein glucosyltransferase 1	Homo sapiens		19.726184142833937	20.278644063623535	19.362772744937793	20.958728746340235	19.374223551635172	19.555799035815852	19.945000690830962	19.724601485732276	18.082109546487523	19.468120723917274	18.659421923029072	21.072017125262825	19.87122150817606	20.43950969920447	NA	20.086788759883245	19.55711240210661
Q9NZK5	3	ADA2	0.9901	sp|Q9NZK5|ADA2_HUMAN	Q9NZK5	ADA2_HUMAN	Adenosine deaminase 2	Homo sapiens		21.11779216613006	21.22577078534598	21.102075706893668	21.734262495276056	21.24522244157189	21.60718314023669	20.111200777338738	21.22663391500475	21.431434895209172	20.653822316861753	20.659546929352675	20.50659958209387	22.57301485412564	NA	NA	20.932158208599038	21.216735020719774
Q9NZN3	5	EHD3	1.0	sp|Q9NZN3|EHD3_HUMAN	Q9NZN3	EHD3_HUMAN	EH domain-containing protein 3	Homo sapiens		23.146168852321814	23.865462323294622	22.601887184845015	23.045220315419108	22.264265749093212	21.686124375751422	23.099334192324967	22.68838964412457	22.114467886143046	22.828680866201147	22.07506763449074	24.777436594524655	21.874092731505208	23.052247322700307	23.359177139959172	22.931864824576547	23.15597535188541
Q9NZP8	6	C1RL	1.0	sp|Q9NZP8|C1RL_HUMAN	Q9NZP8	C1RL_HUMAN	Complement C1r subcomponent-like protein	Homo sapiens		26.86114420324215	26.8235522508198	27.713616039274562	27.42083011019317	27.12579574893648	27.297668055256796	26.97589864245259	26.89995566495176	27.311386355988066	27.42830387230363	27.094864505806395	26.291417223401865	26.807629474509792	26.623595629395552	27.145365360877825	26.777607830777644	26.81400600832878
Q9NZT1	1	CALML5	0.9948	sp|Q9NZT1|CALL5_HUMAN	Q9NZT1	CALL5_HUMAN	Calmodulin-like protein 5	Homo sapiens		19.784827262774385	18.802315524424557	18.299948344403788	19.66467032032122	20.578718385439313	18.68036750158074	19.326741681855896	20.031705187877797	19.31916151264142	19.156043877153934	19.7067691410651	19.544106107805806	22.28921565499167	NA	21.191823442476068	19.659317944228352	19.70359436053305
Q9UBG0	3	MRC2	0.9982	sp|Q9UBG0|MRC2_HUMAN	Q9UBG0	MRC2_HUMAN	C-type mannose receptor 2	Homo sapiens		23.695643394275304	23.619807387911973	23.475344081398156	23.406003823014956	23.60204206016708	23.77935313873065	23.59940591264848	25.052861288075082	23.466931789713144	23.647505937473806	23.71614782337453	22.93396429877819	24.52264824999433	NA	NA	23.668670827683048	23.149136453677574
Q9UBP4	1	DKK3	0.9849	sp|Q9UBP4|DKK3_HUMAN	Q9UBP4	DKK3_HUMAN	Dickkopf-related protein 3	Homo sapiens		18.580576408418544	18.372393463890514	19.17162442275014	18.032742187903533	19.330274475914724	18.809045712486867	19.332328671715118	19.121830434782634	18.573082394490562	18.06927337306621	18.768810281488587	17.837425753739048	19.310375713660328	NA	NA	18.369401877248375	17.575736598733492
Q9UBQ6	1	EXTL2	0.999	sp|Q9UBQ6|EXTL2_HUMAN	Q9UBQ6	EXTL2_HUMAN	Exostosin-like 2	Homo sapiens		19.209622326365057	18.84488572047548	19.041520935944583	19.262546512567962	19.623444243531083	19.35030981056679	19.375678839748893	19.675141563126694	19.560758225222575	19.66530967879482	19.66829332193854	19.10762233680145	19.52480809995753	NA	NA	19.297805023604294	19.267870746284654
Q9UBR2	1	CTSZ	0.9995	sp|Q9UBR2|CATZ_HUMAN	Q9UBR2	CATZ_HUMAN	Cathepsin Z	Homo sapiens		21.106912768078544	21.038947843660118	21.0006480645957	20.869764142126865	20.18830440611375	21.844367514174838	21.204247405590092	21.539910729610337	21.294575379190427	21.678747741824008	21.453350208660858	20.80332974680509	21.934536974803937	NA	NA	20.96495427335667	20.95526763390697
Q9UBW5	5	BIN2	1.0	sp|Q9UBW5|BIN2_HUMAN	Q9UBW5	BIN2_HUMAN	Bridging integrator 2	Homo sapiens		21.546709946478313	21.780464343522272	19.502120458727745	21.520029742125683	19.410844821244265	19.402352468861327	20.75176234162784	21.071715219362734	19.596476938475263	20.993498633012212	20.491095903361142	22.822673351307166	19.224125207534843	22.747651910563032	NA	21.569610216067005	21.552746947740328
Q9UBX1	3	CTSF	0.9999	sp|Q9UBX1|CATF_HUMAN	Q9UBX1	CATF_HUMAN	Cathepsin F	Homo sapiens		20.61724382816003	19.93673723962077	19.546732129291453	21.00847313039463	21.138448426573245	21.083521303814106	21.04792041302598	20.706350007701566	20.988835425869507	21.167579549299234	20.686202835806547	20.421000379761068	20.20234982735177	NA	NA	20.66972232140598	21.017028740755958
Q9UBX5	3	FBLN5	0.9992	sp|Q9UBX5|FBLN5_HUMAN	Q9UBX5	FBLN5_HUMAN	Fibulin-5	Homo sapiens		21.433691729157438	21.37757088508127	20.881993591906383	21.829804014441244	21.38663337615202	22.642859720797116	20.982926228861263	21.454319004220785	21.240440260855735	21.122016498583463	21.475093649384853	20.618934297277352	22.692184076194017	NA	NA	21.367360630051945	21.466172465157097
Q9UEW3	1	MARCO	0.9876	sp|Q9UEW3|MARCO_HUMAN	Q9UEW3	MARCO_HUMAN	Macrophage receptor MARCO	Homo sapiens		18.08915073583064	18.496143544360873	18.89723581338518	18.345558816813686	18.33391924672466	17.89803787331772	17.250844488632463	18.921562696289218	17.630018162250874	17.567984362254474	18.360574845693623	16.70994343543973	18.45303309157698	NA	NA	18.440916159083923	18.4402763042106
Q9UGM5	9	FETUB	0.9998	sp|Q9UGM5|FETUB_HUMAN	Q9UGM5	FETUB_HUMAN	Fetuin-B	Homo sapiens		26.844648453572226	27.03209033033975	26.980678326133965	27.145492444962834	26.87501508685384	27.863218107898224	27.006715125113825	27.029053341552295	26.91391402661779	27.322413203368587	27.142891190868838	25.938962661749347	26.919949436009922	NA	NA	26.73954812204148	26.683588883553092
Q9UHD8	1	SEPTIN9	0.9782	sp|Q9UHD8|SEPT9_HUMAN	Q9UHD8	SEPT9_HUMAN	Septin-9	Homo sapiens		15.552934065539032	15.757567049644157	14.1440944441241	15.342908594723454	NA	15.06581857536851	15.53034170839448	14.284511319045123	14.91481158043996	15.019954253619563	NA	17.461041750131553	14.541536951099507	NA	NA	15.735287318350016	15.74856583207437
Q9UHG3	11	PCYOX1	0.9999	sp|Q9UHG3|PCYOX_HUMAN	Q9UHG3	PCYOX_HUMAN	Prenylcysteine oxidase 1	Homo sapiens		24.647225941586985	25.11405908968986	24.450724182360464	24.29654614114864	24.395495876272797	24.59774660168366	25.002491084629206	24.494722838216873	24.863519753675885	25.65365429786711	25.217293859057488	24.32561787393243	24.282956504180657	NA	NA	24.61605321966106	24.656627772353964
Q9UIB8	1	CD84	1.0	sp|Q9UIB8|SLAF5_HUMAN	Q9UIB8	SLAF5_HUMAN	SLAM family member 5	Homo sapiens		18.718028361568397	19.299005736434477	18.53674972221716	19.246919313622602	17.125061038900686	18.1053132515952	19.085030583309916	18.693295031301993	18.38229012158001	18.994204774425263	18.403355587690207	19.848579867541257	17.382298539368726	NA	NA	18.918952017544818	18.779604491195578
Q9UJJ9	2	GNPTG	1.0	sp|Q9UJJ9|GNPTG_HUMAN	Q9UJJ9	GNPTG_HUMAN	N-acetylglucosamine-1-phosphotransferase subunit gamma	Homo sapiens		24.24900445726143	22.736152487139933	25.442321612189737	NA	NA	24.95822451856167	24.04764210788989	24.16063564061194	24.167317442632683	24.379560986902316	NA	NA	24.553203812969457	NA	NA	NA	NA
Q9UJU6	3	DBNL	0.9925	sp|Q9UJU6|DBNL_HUMAN	Q9UJU6	DBNL_HUMAN	Drebrin-like protein	Homo sapiens		21.848684332985147	21.75845556270712	22.701139783080848	21.388137894015873	20.119456389150486	19.343262030606073	21.72498933363745	20.901754680817614	21.19408711547719	21.464036041471456	NA	21.838143335204617	19.602909513334332	NA	NA	21.713172474577227	22.043894063652594
Q9UK55	7	SERPINA10	1.0	sp|Q9UK55|ZPI_HUMAN	Q9UK55	ZPI_HUMAN	Protein Z-dependent protease inhibitor	Homo sapiens		26.211567309853052	26.59058346299805	26.711408171158958	26.468670088074564	26.370551599232297	26.481689429228712	26.6324662183703	26.515325021910773	26.405299224066997	26.506298875607303	25.826783008349064	25.765748334879216	25.902842683239022	NA	24.31057771527286	26.308992293933947	26.20071203025171
Q9UKU6	1	TRHDE	0.9988	sp|Q9UKU6|TRHDE_HUMAN	Q9UKU6	TRHDE_HUMAN	Thyrotropin-releasing hormone-degrading ectoenzyme	Homo sapiens		20.36240255091261	19.607958618665336	NA	NA	NA	NA	NA	NA	NA	20.620419684248255	NA	NA	NA	NA	NA	NA	NA
Q9ULI3	5	HEG1	0.9993	sp|Q9ULI3|HEG1_HUMAN	Q9ULI3	HEG1_HUMAN	Protein HEG homolog 1	Homo sapiens		24.48871181525939	23.61526159466072	24.771019740781554	24.653698178127023	24.698951066499134	24.559357204633763	24.612630452661918	24.36920300524251	25.21852030710496	24.900077354733476	24.564920806636046	23.682962774922526	25.187213735192703	27.200950205931193	NA	24.470136413643424	24.67544717643291
Q9ULV4	1	CORO1C	0.9363	sp|Q9ULV4|COR1C_HUMAN	Q9ULV4	COR1C_HUMAN	Coronin-1C	Homo sapiens		20.77135771969398	21.212256221254883	19.757271781520178	19.995818253094626	NA	19.062007780158346	21.04192443682004	19.989956039592244	NA	19.92816738479493	NA	22.53802228186671	17.656365832802603	NA	NA	20.919652400918544	20.79967857359214
Q9UM47	3	NOTCH3	1.0	sp|Q9UM47|NOTC3_HUMAN	Q9UM47	NOTC3_HUMAN	Neurogenic locus notch homolog protein 3	Homo sapiens		21.578522112597838	20.27413285867426	22.5135071901907	21.17687253802546	22.256017250949018	22.348031137732598	21.444835504614105	22.133364230282016	21.291711424801015	20.74727010805337	21.97600260184939	20.618339511423795	22.820313672882254	NA	NA	20.810306850436096	21.190819889730676
Q9UNF1	2	MAGED2	0.984	sp|Q9UNF1|MAGD2_HUMAN	Q9UNF1	MAGD2_HUMAN	Melanoma-associated antigen D2	Homo sapiens		19.44867727320375	19.265417208647257	NA	19.29417580143521	18.926980491742402	19.954302262875824	19.304979259233043	18.69951866190369	18.792623234245347	NA	NA	20.66508492680762	18.63648818806835	NA	NA	NA	NA
Q9UNW1	2	MINPP1	0.9932	sp|Q9UNW1|MINP1_HUMAN	Q9UNW1	MINP1_HUMAN	Multiple inositol polyphosphate phosphatase 1	Homo sapiens		20.90382815553891	20.75406641026426	21.414933213681177	21.00542980485084	21.238293391367492	21.001342943378525	20.790515295375016	21.23603898816688	21.263841107848606	20.92594705379661	21.371971397345376	20.555327602895396	21.68625781368547	NA	NA	20.567520990372063	20.829258095747818
Q9UQ80	1	PA2G4	0.9985	sp|Q9UQ80|PA2G4_HUMAN	Q9UQ80	PA2G4_HUMAN	Proliferation-associated protein 2G4	Homo sapiens		17.73163776776871	18.9563677635459	17.3967635891423	18.190543683631457	17.305738814280982	15.822998329155887	17.792834330745777	17.75612968689932	18.10878857545698	17.202727914378674	16.15164821129569	18.942728259911938	16.8832876104181	17.167111535995005	NA	17.491731878782996	17.49344882136718
Q9Y251	1	HPSE	0.9658	sp|Q9Y251|HPSE_HUMAN	Q9Y251	HPSE_HUMAN	Heparanase	Homo sapiens		16.930590205838485	16.759387026866154	NA	16.216297758304822	NA	NA	NA	NA	NA	16.276864911945612	NA	18.186108859562736	NA	NA	NA	16.550598552945157	16.33176069266999
Q9Y277	3	VDAC3	0.9948	sp|Q9Y277|VDAC3_HUMAN	Q9Y277	VDAC3_HUMAN	Non-selective voltage-gated ion channel VDAC3	Homo sapiens		21.75779302221519	22.168182130530273	19.904164296160573	21.927081857211192	20.07181480283385	19.818651727207868	22.567276380405957	21.294282741439304	20.429009721712998	21.546466008075452	20.233612564336163	24.09249421405066	20.196734205955302	21.011849233335468	20.94850552104749	22.239272817760536	22.105100524773942
Q9Y287	1	ITM2B	0.9996	sp|Q9Y287|ITM2B_HUMAN	Q9Y287	ITM2B_HUMAN	Integral membrane protein 2B	Homo sapiens		18.56383093425129	18.506272600056292	19.151632242042275	18.961813349826585	19.692145165631477	17.98015658245477	18.89751711921774	18.2427825430534	18.93153960777447	18.447932906039444	18.771253410898876	18.104362474196	18.836379199909853	NA	NA	18.250509766781374	18.860333655588867
Q9Y3B3	1	TMED7	0.9822	sp|Q9Y3B3|TMED7_HUMAN	Q9Y3B3	TMED7_HUMAN	Transmembrane emp24 domain-containing protein 7	Homo sapiens		17.189605382829196	16.49959792148961	NA	16.089983262581494	NA	NA	17.22133747769084	17.229349101483987	NA	17.02434457469099	16.002665791941148	18.714750441797165	NA	NA	NA	17.59039131594974	16.17297647366178
Q9Y3F4	1	STRAP	0.9836	sp|Q9Y3F4|STRAP_HUMAN	Q9Y3F4	STRAP_HUMAN	Serine-threonine kinase receptor-associated protein	Homo sapiens		17.35908906072108	18.266818048187435	16.36162174834488	17.38698084606983	14.570613154975463	15.799414182001419	17.62133387381332	16.90800799213536	16.45764591516228	17.140848272925773	NA	18.956283342181397	16.357125344386933	NA	NA	17.3337173484731	16.96450372093346
Q9Y490	36	TLN1	1.0	sp|Q9Y490|TLN1_HUMAN	Q9Y490	TLN1_HUMAN	Talin-1	Homo sapiens		26.898412047911627	27.70320994438066	25.79794187559583	26.7777904346973	24.33959801660098	24.992009181524935	27.128843804240276	26.338267121710928	25.261126271916893	26.39397793421453	24.62879959548075	28.749199465476313	24.378932379447196	27.061441105328573	26.08954597786931	26.805810131154743	26.734424361582327
Q9Y4L1	4	HYOU1	0.9994	sp|Q9Y4L1|HYOU1_HUMAN	Q9Y4L1	HYOU1_HUMAN	Hypoxia up-regulated protein 1	Homo sapiens		22.763358157761207	22.741580703217053	23.44465055103132	23.08866680105722	22.933456762436627	23.217925391799852	22.732923401021313	22.891117550912494	23.122260386778883	22.82592549244711	22.7134589700576	23.000223584179235	23.021532723794593	NA	NA	22.704162766361353	22.66484761298623
Q9Y5C1	1	ANGPTL3	0.9999	sp|Q9Y5C1|ANGL3_HUMAN	Q9Y5C1	ANGL3_HUMAN	Angiopoietin-related protein 3	Homo sapiens		20.32517398901619	19.77276790478782	20.20827054400283	20.939531682963917	21.064065369253846	20.584855673857625	20.233334313175423	20.89622149834284	20.917108011564725	20.554162250850244	20.78500609444167	19.881122707174843	20.591792935021076	NA	NA	19.928280935313083	20.301256056530356
Q9Y608	1	LRRFIP2	0.9891	sp|Q9Y608|LRRF2_HUMAN	Q9Y608	LRRF2_HUMAN	Leucine-rich repeat flightless-interacting protein 2	Homo sapiens		22.330621507735547	20.878747870454422	NA	20.874464587498718	20.22444648479613	20.362834076897887	24.840194489936202	20.01284711080828	22.227782408028204	20.612842532251477	NA	22.568604094423424	NA	NA	NA	21.12291286413887	21.781870017265838
Q9Y624	4	F11R	1.0	sp|Q9Y624|JAM1_HUMAN	Q9Y624	JAM1_HUMAN	Junctional adhesion molecule A	Homo sapiens		21.0934305938382	21.470936113537427	19.948517062238263	21.298180484086096	18.45737013924184	19.532398498366458	21.50422840274933	20.12843907656052	19.44335568707274	20.605414355057686	19.448520161570002	22.628160578368593	19.00510479505124	20.356197995671295	NA	21.146810345382537	21.19742915290067
Q9Y646	1	CPQ	0.938	sp|Q9Y646|CBPQ_HUMAN	Q9Y646	CBPQ_HUMAN	Carboxypeptidase Q	Homo sapiens		18.505582729739658	18.783730955004593	18.248822749424466	18.369130398028336	18.32297271865032	19.025333075636507	19.261936734799736	18.837279130837143	18.930395620046173	18.381429445355277	19.034245403094634	18.25009151296194	18.786825365324578	NA	20.98312222038737	18.375429453420615	18.29297203307041
Q9Y6R7	30	FCGBP	1.0	sp|Q9Y6R7|FCGBP_HUMAN	Q9Y6R7	FCGBP_HUMAN	IgGFc-binding protein	Homo sapiens		25.515797177950308	25.572726408778077	25.88473224932907	25.620026268784255	25.826573960779548	26.38254165003808	25.77991792066628	26.019417799859987	24.84594441004738	25.250956316574968	25.20393108521996	24.887438416740984	26.018354144901412	NA	26.471976763355382	25.504687659922052	25.469157751079408
Q9Y6X5	1	ENPP4	0.989	sp|Q9Y6X5|ENPP4_HUMAN	Q9Y6X5	ENPP4_HUMAN	Bis(5'-adenosyl)-triphosphatase ENPP4	Homo sapiens		17.287229897725727	16.09276333441135	NA	NA	NA	NA	16.158885084570926	16.592729503236473	NA	NA	NA	18.511683990572624	NA	NA	NA	17.01586481814007	NA
Q9Y6Z7	2	COLEC10	0.999	sp|Q9Y6Z7|COL10_HUMAN	Q9Y6Z7	COL10_HUMAN	Collectin-10	Homo sapiens		22.609632979165763	22.80884102015844	22.544595635166214	22.773190497513138	22.84204604255626	22.27760359093014	22.30137701833579	23.279099222728693	22.560765180287063	23.213938991873317	22.151801814696228	22.199696522669832	23.348057268116047	NA	NA	22.599950043837147	22.737298433203023
