Index	NumberPSM	Gene	MaxPepProb	Protein	Protein ID	Entry Name	Protein Description	Organism	Indistinguishable Proteins	ReferenceIntensity	_126	_127N	_127C	_128N	_128C	_129N	_129C	_130N	_130C	_131N	_131C	_132N	_132C	_133N	_133C	_134N
A0A075B6H7	5	IGKV3-7	0.9994	sp|A0A075B6H7|KV37_HUMAN	A0A075B6H7	KV37_HUMAN	Probable non-functional immunoglobulin kappa variable 3-7	Homo sapiens		30.12719661598457	30.463721492426235	30.34873272960656	30.211464862060026	30.785582326873524	30.36075594283759	30.190263235375756	30.28124403997782	30.56660717313615	29.76610724322706	30.72821016140905	30.206651288028556	30.000757645728697	NA	NA	29.688662852616417	29.90244433749476
A0A075B6H9	2	IGLV4-69	0.9996	sp|A0A075B6H9|LV469_HUMAN	A0A075B6H9	LV469_HUMAN	Immunoglobulin lambda variable 4-69	Homo sapiens		21.565146757780752	22.400066281144486	21.18372921793287	21.26245456092771	21.90924590959671	22.59531339497015	21.24953213776494	21.988428886939083	21.22653733117243	21.400146722765676	22.002583486042916	21.021424226063107	21.463720851740327	NA	21.21972411808253	21.551905446460335	21.953198421436532
A0A075B6I0	2	IGLV8-61	0.9989	sp|A0A075B6I0|LV861_HUMAN	A0A075B6I0	LV861_HUMAN	Immunoglobulin lambda variable 8-61	Homo sapiens		25.750163210394728	25.581486144053127	26.128227069689547	26.527628564543733	25.72071126963438	26.59545181255389	25.47399010211599	26.13838270642845	25.355837496354013	25.891931736604572	25.690717339051254	25.722519970243354	26.67365441934857	NA	NA	25.301203970145757	25.45182800612204
A0A075B6I1	2	IGLV4-60	0.9933	sp|A0A075B6I1|LV460_HUMAN	A0A075B6I1	LV460_HUMAN	Immunoglobulin lambda variable 4-60	Homo sapiens		27.388571296960784	27.79615214380956	26.939273181821807	25.908958855973687	26.48208859656881	28.841058404232783	26.965247352213396	28.56673856598622	27.154043243332662	27.207589107968197	27.499894591882637	27.181500744394146	27.818104366499064	NA	NA	27.200008737233684	27.755187236147833
A0A075B6I4	1	IGLV10-54	1.0	sp|A0A075B6I4|LVX54_HUMAN	A0A075B6I4	LVX54_HUMAN	Immunoglobulin lambda variable 10-54	Homo sapiens		15.03483441922595	14.603971448464618	13.68838783652328	NA	13.413950364802702	17.83912487406823	14.713705736414015	15.67449736306535	14.149816757382144	13.303146627974488	NA	13.410285706755559	14.513860073483785	NA	NA	14.323658377654231	14.056929819981006
A0A075B6J9	1	IGLV2-18	0.9989	sp|A0A075B6J9|LV218_HUMAN	A0A075B6J9	LV218_HUMAN	Immunoglobulin lambda variable 2-18	Homo sapiens		26.149783498624966	27.34291808668089	26.35222828748412	24.596851755297234	26.37290928665795	25.30866237752149	25.643567816174606	26.10869076695204	25.593682273498413	27.73542909200808	25.647633959812637	26.168841356311937	26.547997547743172	NA	24.082790457622007	26.20362845225638	26.033030274053093
A0A075B6K0	1	IGLV3-16	0.9954	sp|A0A075B6K0|LV316_HUMAN	A0A075B6K0	LV316_HUMAN	Immunoglobulin lambda variable 3-16	Homo sapiens		21.510670221007388	20.664487582246768	22.035523060979227	22.049618410317965	21.693646427104838	21.559405209319717	21.37520699805461	22.05910325846331	22.66604609720317	21.110061388233465	20.784419444061133	21.766611374016136	21.22902900407034	NA	NA	21.756158572900823	21.578410867172295
A0A075B6K4	5	IGLV3-10	0.9987	sp|A0A075B6K4|LV310_HUMAN	A0A075B6K4	LV310_HUMAN	Immunoglobulin lambda variable 3-10	Homo sapiens		27.76773133551588	28.12848409546318	27.79167757903938	28.16206811597434	28.421387965645053	28.484056599559164	27.132315332903605	28.03837784692888	28.70379666515378	27.58646530551025	27.87449985425555	27.693979496340614	27.406893648173885	NA	NA	27.708407430381925	27.581813930532544
A0A075B6K5	6	IGLV3-9	1.0	sp|A0A075B6K5|LV39_HUMAN	A0A075B6K5	LV39_HUMAN	Immunoglobulin lambda variable 3-9	Homo sapiens		27.091981973950105	26.622982478794036	26.915812883928986	27.205490949444112	27.983791587243108	27.74528027884895	25.576384728146916	27.489693680353668	27.912038844332066	27.372835351929325	26.818408626849763	26.822546800459346	27.069711615528924	NA	26.629228004851864	27.06445344378949	27.07129074823095
A0A075B6Q5	1	IGHV3-64	0.9883	sp|A0A075B6Q5|HV364_HUMAN	A0A075B6Q5	HV364_HUMAN	Immunoglobulin heavy variable 3-64	Homo sapiens		24.712192233210995	25.314880955212697	24.46279969610317	25.48971039368875	23.884744683395127	NA	23.871493254727483	25.279415232538323	26.1022677000785	23.554014364582105	24.948526235331315	24.723240680808075	NA	NA	NA	25.1943337081846	24.45105441969645
A0A075B6R2	4	IGHV4-4	1.0	sp|A0A075B6R2|HV404_HUMAN	A0A075B6R2	HV404_HUMAN	Immunoglobulin heavy variable 4-4	Homo sapiens		25.16565194891709	25.098880007364368	25.20188774449322	25.37851151954013	25.275480929644715	24.78275787531857	25.013026255290068	25.54261838682776	26.38126976179298	25.601391069757693	25.537491300352272	24.792811367497183	25.07182296590185	NA	26.485993431423385	25.209029514664227	24.994889676374186
A0A075B6R9	1	IGKV2D-24	0.9962	sp|A0A075B6R9|KVD24_HUMAN	A0A075B6R9	KVD24_HUMAN	Probable non-functional immunoglobulin kappa variable 2D-24	Homo sapiens	sp|A0A0C4DH68|KV224_HUMAN	26.07096949063156	26.067740709444358	25.247555172175396	26.39354481364482	26.59098057143515	26.18477975936459	26.50338509204788	26.284984877391473	26.040510780787745	26.483798647055735	26.030461198026867	26.699614513075026	26.303620288517862	NA	NA	26.235846778027494	26.04114564985663
A0A075B6S5	2	IGKV1-27	0.9997	sp|A0A075B6S5|KV127_HUMAN	A0A075B6S5	KV127_HUMAN	Immunoglobulin kappa variable 1-27	Homo sapiens		24.986734574172623	25.75254960462324	25.157609716831196	25.026958837067124	25.341267197028184	25.21206439177679	25.3870519187309	24.9248842087342	25.521345035029412	25.17315195210291	25.22718145805005	25.038943995191257	24.775312672975247	NA	NA	24.800906255154548	24.56169515376151
A0A087WSY6	2	IGKV3D-15	0.9917	sp|A0A087WSY6|KVD15_HUMAN	A0A087WSY6	KVD15_HUMAN	Immunoglobulin kappa variable 3D-15	Homo sapiens		21.364744097502015	21.001406558716724	21.22098424172403	19.941780489985522	22.317625053474	21.662109145511664	22.422090248492772	21.6969728070422	22.451492581707797	20.32151703999668	20.65686898789361	21.04394128370731	20.876197971483347	NA	NA	21.19069462922915	20.850778802660606
A0A087WW87	9	IGKV2-40	1.0	sp|A0A087WW87|KV240_HUMAN	A0A087WW87	KV240_HUMAN	Immunoglobulin kappa variable 2-40	Homo sapiens	sp|P01614|KVD40_HUMAN	26.651149201849105	26.848760549312402	26.527337642471185	26.71321736720543	27.09832790661056	26.51561168808754	26.589656070490655	27.41886588261344	26.86707638497135	26.920872164395377	26.651149201849105	26.551448300445006	26.76899621225005	NA	NA	26.625063170354753	26.50452809736242
A0A0A0MS14	2	IGHV1-45	1.0	sp|A0A0A0MS14|HV145_HUMAN	A0A0A0MS14	HV145_HUMAN	Immunoglobulin heavy variable 1-45	Homo sapiens		23.571305685325896	22.387904108378407	22.770110634330756	24.46003210638239	23.53994666018281	24.483405742651748	22.143212725929473	23.605169382834855	23.250994035089388	23.206821111673417	22.942320520408927	23.640436056110353	24.321816033901374	NA	NA	23.849132743303233	23.804417526010813
A0A0A0MS15	3	IGHV3-49	1.0	sp|A0A0A0MS15|HV349_HUMAN	A0A0A0MS15	HV349_HUMAN	Immunoglobulin heavy variable 3-49	Homo sapiens		28.58211566837774	29.62736950144413	29.324099960183325	28.454640483195032	28.17212473188349	29.193213769942368	28.62189412825857	29.264429104178678	29.225622423543477	28.328700310688262	28.405339937729487	28.020281044261097	28.19938850397126	NA	NA	28.222893906565	28.79365435140147
A0A0A0MT36	2	IGKV6D-21	0.9766	sp|A0A0A0MT36|KVD21_HUMAN	A0A0A0MT36	KVD21_HUMAN	Immunoglobulin kappa variable 6D-21	Homo sapiens	sp|A0A0C4DH26|KVD41_HUMAN	23.495789035638452	24.27962141833742	21.820559563432905	23.24339152461315	24.491725508320048	23.477494468862712	22.043567713240773	24.7827744206183	23.79768751991963	23.41542686877809	NA	22.443736306190278	22.778037779295918	NA	NA	23.561790624445123	23.863358278195076
A0A0B4J1U3	2	IGLV1-36	1.0	sp|A0A0B4J1U3|LV136_HUMAN	A0A0B4J1U3	LV136_HUMAN	Immunoglobulin lambda variable 1-36	Homo sapiens		21.700788586661428	23.166630911935396	21.617427425007577	21.25802588212378	22.613666645487246	21.42933142938388	20.856006481299552	21.675022922039393	21.50645568433267	21.813330683927582	NA	20.70201529607414	NA	NA	NA	21.035317006539483	NA
A0A0B4J1U7	3	IGHV6-1	0.9896	sp|A0A0B4J1U7|HV601_HUMAN	A0A0B4J1U7	HV601_HUMAN	Immunoglobulin heavy variable 6-1	Homo sapiens		28.405917572688153	27.986192381932668	27.517049760483218	28.126222895207867	27.327400220103783	29.030835248562635	28.644087756709073	29.31620296017862	29.732530664336792	27.17254631451053	28.603990229124342	28.577695541457327	28.253067951603146	NA	NA	28.390792912061723	28.101950013756056
A0A0B4J1V0	2	IGHV3-15	0.9975	sp|A0A0B4J1V0|HV315_HUMAN	A0A0B4J1V0	HV315_HUMAN	Immunoglobulin heavy variable 3-15	Homo sapiens		26.148105402063692	27.110016671453224	24.71447924837155	26.493406318748153	25.385965633410603	27.16420432782817	25.409697082849476	24.929759506056126	26.244427714948447	26.93423673042083	26.012663839729477	26.26916902822152	25.745990083252455	NA	NA	26.18727416957718	26.210195151855917
A0A0B4J1V6	2	IGHV3-73	0.995	sp|A0A0B4J1V6|HV373_HUMAN	A0A0B4J1V6	HV373_HUMAN	Immunoglobulin heavy variable 3-73	Homo sapiens		23.887176176770826	24.48427096842548	24.05470273058369	22.673279449361367	23.0515227833616	23.814202714752764	22.796891005284134	26.164173575439534	24.648110977401924	23.162713124284146	22.72095347990145	21.951260717174744	23.57553715917225	NA	NA	23.91987409650332	23.748734496076874
A0A0B4J1X8	3	IGHV3-43	1.0	sp|A0A0B4J1X8|HV343_HUMAN	A0A0B4J1X8	HV343_HUMAN	Immunoglobulin heavy variable 3-43	Homo sapiens		23.23787151034737	22.10757683117379	22.414204723172443	23.551523558542716	22.877235496236604	22.74038554790455	21.215636508677083	23.133970175866146	23.375081994162603	24.984245067250153	23.141577826652615	23.21699255294272	23.171530721509242	NA	NA	22.91020826564311	22.377951096686353
A0A0B4J1Y8	1	IGLV9-49	0.9997	sp|A0A0B4J1Y8|LV949_HUMAN	A0A0B4J1Y8	LV949_HUMAN	Immunoglobulin lambda variable 9-49	Homo sapiens		25.003667704033273	24.757026195719693	23.879248683846182	22.361719018058878	25.17658263127863	27.166781212649454	23.84535118745766	25.82284308387795	23.256589849623072	25.49169044211187	24.982733923182753	23.96245312143252	25.39994917997806	NA	NA	24.903048905736938	24.75479841769971
A0A0B4J1Y9	6	IGHV3-72	1.0	sp|A0A0B4J1Y9|HV372_HUMAN	A0A0B4J1Y9	HV372_HUMAN	Immunoglobulin heavy variable 3-72	Homo sapiens		29.418611504381445	29.69087219980193	28.991889721008985	29.333858369066682	29.132862552424125	29.765225968143703	29.287610638382972	30.071769672933158	29.77912084130682	29.7819090402545	28.875627378279937	29.421387402313826	29.01521756502678	NA	NA	29.12541572953038	29.484152252885128
A0A0B4J2D9	1	IGKV1D-13	1.0	sp|A0A0B4J2D9|KVD13_HUMAN	A0A0B4J2D9	KVD13_HUMAN	Immunoglobulin kappa variable 1D-13	Homo sapiens	sp|P0DP09|KV113_HUMAN	19.588236834067928	16.78050411849777	20.175602370511108	NA	20.08399603972906	20.599932161818632	17.777298449558206	20.743364534198456	20.777156858758545	17.26754771000856	16.796209883995143	NA	NA	NA	NA	18.43349489511252	18.92114430725136
A0A0C4DH24	2	IGKV6-21	1.0	sp|A0A0C4DH24|KV621_HUMAN	A0A0C4DH24	KV621_HUMAN	Immunoglobulin kappa variable 6-21	Homo sapiens		24.124824300817668	24.494171468606638	24.427966721022134	23.943788850820138	23.77568519382255	25.254269387487327	NA	23.912323552999865	25.168763824799594	22.6810855447836	23.734859845214643	23.0480327759423	24.602180888548478	NA	NA	23.345654922732628	24.970581749627126
A0A0C4DH25	2	IGKV3D-20	0.9994	sp|A0A0C4DH25|KVD20_HUMAN	A0A0C4DH25	KVD20_HUMAN	Immunoglobulin kappa variable 3D-20	Homo sapiens		26.476038150936404	26.076752818623866	26.76966802801067	27.06020143957816	27.35139926838451	25.729740120580175	26.41772921164602	26.025163379205825	27.48142246515529	25.99185813023862	26.75676138918716	26.748050364875965	26.66316175322253	NA	NA	26.307472792657098	26.710244938824452
A0A0C4DH29	4	IGHV1-3	0.999	sp|A0A0C4DH29|HV103_HUMAN	A0A0C4DH29	HV103_HUMAN	Immunoglobulin heavy variable 1-3	Homo sapiens		22.94912836748909	22.633099339107886	22.194011642044067	21.74233993092247	23.944856613513895	NA	22.327805641942486	23.366452342957682	24.15028753040244	22.88164435714696	21.990747939684333	22.533544102104788	23.522890771444615	NA	NA	22.89256711331452	22.744125265183868
A0A0C4DH30	2	IGHV3-16	0.9917	sp|A0A0C4DH30|HV316_HUMAN	A0A0C4DH30	HV316_HUMAN	Probable non-functional immunoglobulin heavy variable 3-16	Homo sapiens		24.333256365248825	22.66432212628461	22.93463228030271	23.446156959519303	25.78269544016705	21.57494275017385	24.14998435029666	23.567909716735393	25.291463564243696	21.29173333429145	23.040331428976355	22.94858745220025	23.89411884250663	NA	NA	23.794186583455364	23.86831091974534
A0A0C4DH31	11	IGHV1-18	1.0	sp|A0A0C4DH31|HV118_HUMAN	A0A0C4DH31	HV118_HUMAN	Immunoglobulin heavy variable 1-18	Homo sapiens		24.682647662351794	25.566943789069263	25.0355331617171	24.7470955644994	25.24119491841115	24.73918018450403	24.706946119174695	24.33136371177156	24.953858305753034	24.868918554164065	24.75141431287354	24.50366677643599	24.82906039355224	NA	NA	24.76927032289249	24.34309550951829
A0A0C4DH32	2	IGHV3-20	1.0	sp|A0A0C4DH32|HV320_HUMAN	A0A0C4DH32	HV320_HUMAN	Immunoglobulin heavy variable 3-20	Homo sapiens		20.742168094492197	21.243398317006644	20.33933497523879	20.471352395414765	20.29340446020178	21.393083336940297	21.342745857315975	21.15282426112028	20.975522792544712	20.742247480133095	20.917129708189332	21.639515065089952	20.690727197186494	NA	24.225379919766592	20.832520775611805	20.728078159640123
A0A0C4DH33	11	IGHV1-24	1.0	sp|A0A0C4DH33|HV124_HUMAN	A0A0C4DH33	HV124_HUMAN	Immunoglobulin heavy variable 1-24	Homo sapiens		23.651005991914552	23.893954548429864	23.280082507231917	23.507437231007454	23.950796641345484	23.24595527485803	22.435069037584473	23.509267929114653	24.124705621689618	23.49491554600466	23.8040424362306	23.310203734549514	23.453517508577022	NA	22.59750983223197	23.686070473382273	23.987970210326804
A0A0C4DH34	5	IGHV4-28	0.998	sp|A0A0C4DH34|HV428_HUMAN	A0A0C4DH34	HV428_HUMAN	Immunoglobulin heavy variable 4-28	Homo sapiens		24.459061196397524	24.321849528998907	24.541891460227347	23.995919639694122	24.12230327381314	24.12578316755549	24.24464975901721	24.3243078863337	25.03861653798197	24.399561796540894	24.466887311314025	24.322508794458624	23.78058373735232	24.831037745230518	NA	24.985924937200835	24.70509518307719
A0A0C4DH35	1	IGHV3-35	0.9998	sp|A0A0C4DH35|HV335_HUMAN	A0A0C4DH35	HV335_HUMAN	Probable non-functional immunoglobulin heavy variable 3-35	Homo sapiens		26.79871599088793	27.15093524151887	26.512730628376247	26.915962391250684	26.679593712203527	27.550944169289387	26.942427721059165	27.102492327701192	27.48512364239784	26.581461254297107	27.759397955293135	25.9076719156748	26.75977382203869	NA	NA	26.970459592905204	27.278505071500415
A0A0C4DH36	5	IGHV3-38	0.9995	sp|A0A0C4DH36|HV338_HUMAN	A0A0C4DH36	HV338_HUMAN	Probable non-functional immunoglobulin heavy variable 3-38	Homo sapiens		25.60973930659222	25.932439226831054	25.23630029382816	25.215802992269204	26.30132005494173	25.611084014028688	25.670143641096388	25.524643476928926	25.788792172426692	25.563248474916332	26.469840327799034	25.46218633653675	25.622629297972225	NA	NA	25.17549373252702	25.563691613433562
A0A0C4DH38	5	IGHV5-51	0.9999	sp|A0A0C4DH38|HV551_HUMAN	A0A0C4DH38	HV551_HUMAN	Immunoglobulin heavy variable 5-51	Homo sapiens		23.62068521446381	23.81206334014112	23.231871003889005	23.619190778138837	24.077022349626702	24.151818309044113	23.67727614536565	24.393629672614637	24.208178158467568	23.442641397588268	23.245342081196863	24.229287511042806	23.198815522730243	23.799478579685854	NA	23.615850608432158	23.776585734754953
A0A0C4DH41	2	IGHV4-61	0.9582	sp|A0A0C4DH41|HV461_HUMAN	A0A0C4DH41	HV461_HUMAN	Immunoglobulin heavy variable 4-61	Homo sapiens	sp|P01825|HV459_HUMAN	20.322743704130424	NA	17.73406489831042	18.494132924623663	18.180272595848667	18.520405205648277	16.549700540889223	19.134986619227085	19.599323438219955	19.21991388693841	22.557718073120345	NA	20.450193301160333	NA	NA	19.551187086240294	19.488964659286125
A0A0C4DH43	6	IGHV2-70D	1.0	sp|A0A0C4DH43|HV70D_HUMAN	A0A0C4DH43	HV70D_HUMAN	Immunoglobulin heavy variable 2-70D	Homo sapiens		25.821649575097315	27.287336350017874	25.216313853347717	25.863816209899568	25.179195954524562	25.321949899850246	24.553600867365496	25.34149213683223	25.29945489368739	26.148798223854456	22.764998502148444	25.859138863970614	25.066641824142287	NA	NA	25.787650974413694	25.966142002375612
A0A0C4DH67	1	IGKV1-8	0.9982	sp|A0A0C4DH67|KV108_HUMAN	A0A0C4DH67	KV108_HUMAN	Immunoglobulin kappa variable 1-8	Homo sapiens		26.864576985883687	NA	NA	26.839715343945617	NA	NA	NA	NA	27.43227776874492	26.17674450195681	NA	NA	NA	NA	NA	NA	NA
A0A0C4DH72	2	IGKV1-6	0.9798	sp|A0A0C4DH72|KV106_HUMAN	A0A0C4DH72	KV106_HUMAN	Immunoglobulin kappa variable 1-6	Homo sapiens	sp|A0A0C4DH73|KV112_HUMAN, sp|P01597|KV139_HUMAN, sp|P01611|KVD12_HUMAN, sp|P04432|KVD39_HUMAN	20.616092968347747	21.149987035057038	20.062911143970936	20.855275024649544	20.445339839418757	21.26174771152707	20.942310592691157	20.758653440573088	21.87555814875855	20.379492918286306	20.391642428569526	20.14875780481654	20.4330192028925	NA	NA	20.47409817574661	20.48113787816511
A0A0G2JS06	1	IGLV5-39	0.9977	sp|A0A0G2JS06|LV539_HUMAN	A0A0G2JS06	LV539_HUMAN	Immunoglobulin lambda variable 5-39	Homo sapiens		22.08442127328381	24.110082029756818	21.86718461789569	23.079539286358905	20.036162159148635	22.314356546808224	23.040512636846874	22.083604453981692	22.225418144130753	21.55369278028137	22.15422355739959	21.21379761734445	21.65830079858102	NA	NA	22.101302153787884	21.99661360960703
A0A0J9YVY3	3	IGHV7-4-1	1.0	sp|A0A0J9YVY3|HV741_HUMAN	A0A0J9YVY3	HV741_HUMAN	Immunoglobulin heavy variable 7-4-1	Homo sapiens		23.96872485098986	25.33583520650945	23.586636399211898	NA	24.065487081092826	NA	23.933087873055236	NA	24.480284425072963	22.766825381483194	NA	23.27005753583849	24.65006507757825	NA	NA	23.314679379906813	24.068821905602736
A0A0J9YX35	4	IGHV3-64D	0.9974	sp|A0A0J9YX35|HV64D_HUMAN	A0A0J9YX35	HV64D_HUMAN	Immunoglobulin heavy variable 3-64D	Homo sapiens		22.96438576253928	22.798386130754935	22.427373075371833	22.125896923522713	23.00814728840429	23.900006913546278	22.811426837692565	22.110056419633768	23.85912339676753	23.21291598829431	23.123513560442618	22.56519908536668	23.208620460705784	NA	NA	23.332761666294452	22.928859528931753
A0A0J9YXX1	7	IGHV5-10-1	1.0	sp|A0A0J9YXX1|HV5X1_HUMAN	A0A0J9YXX1	HV5X1_HUMAN	Immunoglobulin heavy variable 5-10-1	Homo sapiens		26.88510121701104	26.897616932546477	27.050008035678	26.63109001349336	27.86933105154664	26.793765320173755	26.501091595980977	27.34210740967422	27.311397936912144	27.330934437251138	26.51854039850756	26.28931527218563	26.74625700176064	27.425773442324303	NA	26.90379971085544	27.307515607813336
A0M8Q6	2	IGLC7	0.9998	sp|A0M8Q6|IGLC7_HUMAN	A0M8Q6	IGLC7_HUMAN	Immunoglobulin lambda constant 7	Homo sapiens		22.551006901907392	21.669197976279197	22.480742983790087	23.014243033324494	23.68227648852864	22.986245032604995	21.685598192802686	23.06402013668394	21.644405653723915	22.0270254275953	24.035016207121533	22.139396502276583	21.740175280594105	NA	NA	22.694684038717355	22.226508191824994
A1L4H1	5	SSC5D	0.9998	sp|A1L4H1|SRCRL_HUMAN	A1L4H1	SRCRL_HUMAN	Soluble scavenger receptor cysteine-rich domain-containing protein SSC5D	Homo sapiens		20.327595801073404	20.95733769496971	19.793068955619805	20.08950285571685	20.241785503826296	20.308012470858372	20.48775160471582	20.846257319167744	20.765304476128584	20.16418103086649	20.539692788406114	20.882071695809653	20.86625214447154	NA	NA	20.777328894732914	20.575524522967118
A6NIZ1	4	RAP1BL	0.9967	sp|A6NIZ1|RP1BL_HUMAN	A6NIZ1	RP1BL_HUMAN	Ras-related protein Rap-1b-like protein	Homo sapiens	sp|P61224|RAP1B_HUMAN	25.249610549264432	24.406846847374332	27.156847545363302	21.504559280627152	25.244659829233857	22.45055122774292	25.785555361740425	24.241564222898365	23.585154381862154	22.335352526356562	25.751715971799005	22.869573501857786	23.08782162414308	NA	26.922142668193164	24.745649849227977	25.377088470274494
A6NMY6	1	ANXA2P2	0.9448	sp|A6NMY6|AXA2L_HUMAN	A6NMY6	AXA2L_HUMAN	Putative annexin A2-like protein	Homo sapiens	sp|P07355|ANXA2_HUMAN	17.457869109583804	17.483476861754433	17.913216810841593	17.9683095678726	17.575430444979034	18.500394136329984	16.85363090897791	17.71191314272981	17.311335975814107	17.10123098282598	17.246076642717192	18.084067905290173	18.031118818396777	NA	NA	17.9291535700668	16.591010719013312
A6NNZ2	1	TUBB8B	1.0	sp|A6NNZ2|TBB8B_HUMAN	A6NNZ2	TBB8B_HUMAN	Tubulin beta 8B	Homo sapiens	sp|Q3ZCM7|TBB8_HUMAN	19.73277088006579	18.46086782811265	22.03783599211657	NA	20.203758467006736	16.62803687512202	20.302868654750466	18.616475017733553	NA	15.298402033112989	20.03787021779171	NA	NA	18.812525990438164	NA	18.018415101414014	19.429681040012383
B9A064	30	IGLL5	1.0	sp|B9A064|IGLL5_HUMAN	B9A064	IGLL5_HUMAN	Immunoglobulin lambda-like polypeptide 5	Homo sapiens		31.0745601323924	31.30170033724984	30.853640205848656	30.755758861444676	31.440893106928623	31.588659927721295	30.78114524540001	31.51958589507696	31.893428346694712	31.095356719379243	31.571136966153546	30.74128852092095	31.184516413251103	NA	NA	31.171171330808733	31.1177337758704
O00151	11	PDLIM1	1.0	sp|O00151|PDLI1_HUMAN	O00151	PDLI1_HUMAN	PDZ and LIM domain protein 1	Homo sapiens		24.88537133743145	22.955554263580833	26.826746124195054	NA	24.825047282645613	NA	25.302647120384623	23.30590884786457	NA	21.470548708029554	24.81561297178348	23.128635335170795	NA	NA	NA	24.17095486929724	24.316207918288693
O00161	1	SNAP23	1.0	sp|O00161|SNP23_HUMAN	O00161	SNP23_HUMAN	Synaptosomal-associated protein 23	Homo sapiens		20.574682214880497	18.433395911429685	22.582310489890478	NA	20.842698708712913	NA	20.669034331948104	18.725194440715093	NA	17.45671515240106	20.34644268891522	NA	NA	NA	NA	20.26089232735094	19.938246665863446
O00187	3	MASP2	0.9992	sp|O00187|MASP2_HUMAN	O00187	MASP2_HUMAN	Mannan-binding lectin serine protease 2	Homo sapiens		23.883281254477478	24.511226094921494	23.242527365948924	23.851922949679313	24.053437469623983	24.102828798753052	23.732926694642902	24.238401660888098	23.763488964620997	23.547278829054182	23.784643418315085	24.44223864616531	23.455043433489465	NA	NA	23.611298779817492	23.74295695685674
O00194	2	RAB27B	1.0	sp|O00194|RB27B_HUMAN	O00194	RB27B_HUMAN	Ras-related protein Rab-27B	Homo sapiens		21.59352698622192	20.78792028048241	24.024117032912176	NA	21.972896630537154	18.27729180429531	22.353043413108793	20.094241313315457	19.939697001657546	18.761446161825713	21.99564064492299	19.133742662100495	19.389156352150955	21.000717536247937	NA	21.229328335332784	21.55205120075989
O00233	1	PSMD9	0.9969	sp|O00233|PSMD9_HUMAN	O00233	PSMD9_HUMAN	26S proteasome non-ATPase regulatory subunit 9	Homo sapiens		18.555756808628384	NA	17.96065125662301	19.444997762950077	18.577660008033902	17.755592917288798	18.795434879049505	18.528213306640072	NA	17.989457466188707	NA	NA	NA	NA	NA	NA	NA
O00299	3	CLIC1	1.0	sp|O00299|CLIC1_HUMAN	O00299	CLIC1_HUMAN	Chloride intracellular channel protein 1	Homo sapiens		21.83363415303806	21.312816479693907	23.415296262546075	NA	22.042528741634182	19.452720129475964	22.52736066281827	21.295424748236837	19.206761949360526	19.20992179537916	22.280343758079866	19.17877234329551	NA	NA	NA	21.948392204012837	21.76857461759572
O00391	7	QSOX1	1.0	sp|O00391|QSOX1_HUMAN	O00391	QSOX1_HUMAN	Sulfhydryl oxidase 1	Homo sapiens		25.244016612888156	25.825495540905937	24.776095517857033	25.89301251180164	25.263691681350387	25.586353939449406	24.742011430039497	25.239598758924277	25.409189414893437	25.782966699229004	25.35526583729269	26.036939566465872	25.717856564641654	24.867268352015348	25.356936737353713	25.26587301236966	25.30874792365239
O00429	1	DNM1L	0.9354	sp|O00429|DNM1L_HUMAN	O00429	DNM1L_HUMAN	Dynamin-1-like protein	Homo sapiens		19.319997626334526	18.587425669297367	21.48218203910802	NA	19.36816654482134	NA	19.503096014990028	17.774893134890327	NA	15.624882363983453	19.581743898629	NA	NA	18.608664114112653	NA	18.644813777924842	19.27905752847852
O00533	8	CHL1	0.9997	sp|O00533|NCHL1_HUMAN	O00533	NCHL1_HUMAN	Neural cell adhesion molecule L1-like protein	Homo sapiens		23.49793462103273	23.19934525614591	22.516659285023987	23.47265716329595	23.311144876067008	24.607767359118064	22.837882250833317	23.898479393160773	24.00773925489327	24.171175044881707	22.872626970325662	23.853157788356235	23.4131095065028	NA	NA	23.289780680152898	23.417234382181967
O00602	1	FCN1	1.0	sp|O00602|FCN1_HUMAN	O00602	FCN1_HUMAN	Ficolin-1	Homo sapiens		21.54640788845772	22.401740213725468	20.840303236277673	20.93444162604977	21.448615831987745	21.74079486692862	21.079933839094533	21.963859019081443	21.411265779896933	22.63292544908033	21.736032426180465	21.662294057213	21.440872032203405	NA	NA	21.57205457890456	21.599137840843355
O14498	3	ISLR	0.9998	sp|O14498|ISLR_HUMAN	O14498	ISLR_HUMAN	Immunoglobulin superfamily containing leucine-rich repeat protein	Homo sapiens		21.320330202356402	22.468812273857584	20.46545419294423	21.02134727308955	21.49836316134378	21.92584577334365	20.970965557898406	22.378465658954067	22.370916178454223	21.4503237200593	20.625328415408326	21.358378004907465	20.79448578038229	21.626252639836686	NA	21.178469905988415	21.8353273549788
O14672	2	ADAM10	0.9995	sp|O14672|ADA10_HUMAN	O14672	ADA10_HUMAN	Disintegrin and metalloproteinase domain-containing protein 10	Homo sapiens		19.999374515855767	19.95347156011602	21.699406280872903	18.203787118912622	20.38085973567838	18.201925448370403	20.17446845013217	18.994434241119286	18.719334437824774	17.80438502179867	20.550132392406116	18.69436440100825	18.67740376505204	NA	NA	20.150420005718672	20.170164006792465
O14745	2	NHERF1	0.9856	sp|O14745|NHRF1_HUMAN	O14745	NHRF1_HUMAN	Na(+)/H(+) exchange regulatory cofactor NHE-RF1	Homo sapiens		20.607233525134788	20.300377700752286	21.739384885282867	NA	19.71161102513337	18.87771528983733	21.031351746429	19.99462646528528	19.715284635439662	NA	21.007524201147422	19.477926529041625	NA	NA	NA	20.017341438186754	20.92886601594911
O14786	5	NRP1	0.9998	sp|O14786|NRP1_HUMAN	O14786	NRP1_HUMAN	Neuropilin-1	Homo sapiens		21.25786642706419	21.372533090239717	20.559347781046228	21.69075738953303	20.977009889510757	21.60650768388646	20.95487183524204	21.17277227422251	21.05894478081485	21.91434593379058	21.077945464180313	21.6945601630338	21.826455079691	NA	NA	21.47973901518414	21.47076003120865
O14791	10	APOL1	1.0	sp|O14791|APOL1_HUMAN	O14791	APOL1_HUMAN	Apolipoprotein L1	Homo sapiens		26.35092700673372	27.03858839456229	25.748116458845253	26.23485718757608	26.321498769079682	26.559020384297057	26.28212916919315	26.864597491595273	26.42569689949597	27.101734338476856	26.170648028650692	26.504461214648522	26.2276552809058	NA	NA	26.541261881369827	26.374245000976043
O14815	2	CAPN9	0.9885	sp|O14815|CAN9_HUMAN	O14815	CAN9_HUMAN	Calpain-9	Homo sapiens		23.671188299225175	NA	NA	NA	20.97077007931289	24.621477490882047	NA	NA	NA	NA	24.44871706795001	NA	NA	NA	NA	NA	NA
O14818	1	PSMA7	0.9986	sp|O14818|PSA7_HUMAN	O14818	PSA7_HUMAN	Proteasome subunit alpha type-7	Homo sapiens	sp|Q8TAA3|PSMA8_HUMAN	20.167420683567048	19.783162840726334	21.213299434731994	21.374227169742856	19.930791032155934	20.391002349575142	20.138447610426272	19.788130291852735	19.55720980858837	20.63570689633182	20.474285741456608	19.716703071777275	19.040811469542362	NA	NA	20.29094906184095	20.28285672229889
O14950	3	MYL12B	1.0	sp|O14950|ML12B_HUMAN	O14950	ML12B_HUMAN	Myosin regulatory light chain 12B	Homo sapiens	sp|P19105|ML12A_HUMAN	23.12507986689037	21.890859466849136	25.208062818321103	NA	23.230410435605435	20.000979966721385	23.897565177853053	21.266924527198444	21.10255194522504	20.250968588747718	22.9760957628407	20.03529316731405	20.30746674962251	NA	NA	22.377259697731603	22.76469122646439
O14960	1	LECT2	0.9927	sp|O14960|LECT2_HUMAN	O14960	LECT2_HUMAN	Leukocyte cell-derived chemotaxin-2	Homo sapiens		15.03483441922595	15.472012453064021	15.615390952033637	NA	14.809193016010992	NA	14.928117409330884	15.110582589606924	15.268755155461566	13.78425812096296	15.176336015463956	14.878712666411339	16.4925964497359	NA	NA	NA	NA
O14980	1	XPO1	0.9794	sp|O14980|XPO1_HUMAN	O14980	XPO1_HUMAN	Exportin-1	Homo sapiens		18.17119595734052	NA	19.019384951573965	NA	17.425725119049975	NA	17.91987840474515	NA	NA	17.27738867679205	NA	NA	NA	NA	NA	18.302476677415893	NA
O15031	1	PLXNB2	0.991	sp|O15031|PLXB2_HUMAN	O15031	PLXB2_HUMAN	Plexin-B2	Homo sapiens		18.073331012462717	19.142120651815034	18.0868544010469	17.96406695833418	18.67895864189512	18.166245026700008	18.00612924044745	18.253265427591295	17.61817462487027	18.360485252573362	17.746770708325734	17.615098363779225	NA	NA	NA	18.71691746538888	17.072265824827873
O15117	2	FYB1	1.0	sp|O15117|FYB1_HUMAN	O15117	FYB1_HUMAN	FYN-binding protein 1	Homo sapiens		21.982094941259632	21.293505551094547	22.71598335418258	NA	21.754516131791558	NA	NA	21.729768483256038	21.364667974878007	NA	NA	NA	NA	NA	NA	NA	21.03004620002361
O15143	1	ARPC1B	0.9892	sp|O15143|ARC1B_HUMAN	O15143	ARC1B_HUMAN	Actin-related protein 2/3 complex subunit 1B	Homo sapiens		20.467334892019345	20.043429788409227	23.00028289751546	17.099879400559182	20.8864270403278	18.214141114176773	21.34592882005374	20.13947069924562	19.355766943072197	18.67037828196527	21.109082414573134	19.11327916918164	17.508772668813958	NA	19.91166975000188	20.60089588783899	20.688620315430917
O15144	2	ARPC2	0.9987	sp|O15144|ARPC2_HUMAN	O15144	ARPC2_HUMAN	Actin-related protein 2/3 complex subunit 2	Homo sapiens		23.03214496424196	22.230546294856328	25.445429549811877	20.020039854349957	23.245973184030085	20.58406416723797	23.866837276777883	22.340835876429406	20.77238582993458	19.930986716817596	23.645638889043163	20.744564065204298	20.343113898097364	21.137438094639826	NA	23.07587718747702	23.201702432952676
O15145	1	ARPC3	0.9755	sp|O15145|ARPC3_HUMAN	O15145	ARPC3_HUMAN	Actin-related protein 2/3 complex subunit 3	Homo sapiens		19.487082086542795	18.71276605206403	21.789313680738328	16.77933603529581	19.384006337929147	NA	20.242969354308958	18.561134495767764	NA	16.931690976384402	20.202094783812218	16.509653196549724	17.000489924688022	NA	NA	19.625822117953312	19.405412478846543
O15231	1	ZNF185	0.9998	sp|O15231|ZN185_HUMAN	O15231	ZN185_HUMAN	Zinc finger protein 185	Homo sapiens		20.14488691909338	19.25279231217837	20.70426071048485	NA	NA	NA	NA	NA	NA	NA	NA	NA	NA	NA	NA	NA	NA
O15335	1	CHAD	0.9808	sp|O15335|CHAD_HUMAN	O15335	CHAD_HUMAN	Chondroadherin	Homo sapiens		18.008359243228863	18.46178667438427	18.329962514597256	NA	17.493309054331277	18.149525921222843	17.672497104973832	17.272297393891915	18.035405375111363	18.362057051751787	NA	18.333628156480373	NA	NA	NA	NA	18.331486348677696
O15511	1	ARPC5	0.98	sp|O15511|ARPC5_HUMAN	O15511	ARPC5_HUMAN	Actin-related protein 2/3 complex subunit 5	Homo sapiens		16.562991397120058	15.588208932469172	18.4943787187823	NA	16.648249717873473	NA	16.263632080338088	15.7677770716321	NA	14.223735689653925	16.740238701595086	NA	NA	NA	NA	15.469163590280953	16.013016407001558
O43157	6	PLXNB1	1.0	sp|O43157|PLXB1_HUMAN	O43157	PLXB1_HUMAN	Plexin-B1	Homo sapiens		21.40776830523486	21.670950242156245	20.377419512806107	21.513668771395587	21.52932208190894	21.90539440684854	21.567867091710824	21.019056482687123	21.768292397687095	21.77410029037214	21.25222349383362	21.182639773736	21.856230296241538	NA	NA	21.456338202070487	21.878116455473354
O43294	1	TGFB1I1	0.9995	sp|O43294|TGFI1_HUMAN	O43294	TGFI1_HUMAN	Transforming growth factor beta-1-induced transcript 1 protein	Homo sapiens		21.181621807737375	NA	22.74490890530067	NA	20.834442481478828	NA	20.619364477517973	19.8861995709854	NA	NA	20.760891740380654	NA	NA	NA	NA	19.675741780342474	NA
O43493	3	TGOLN2	0.9977	sp|O43493|TGON2_HUMAN	O43493	TGON2_HUMAN	Trans-Golgi network integral membrane protein 2	Homo sapiens		20.605316872561833	20.763387863199107	20.700739211072516	20.34752421824901	20.50244625640678	20.39675049600328	20.376671572113683	20.611508437596427	20.975596642873818	20.834173172653788	20.155928870182738	22.030788316235675	20.98919406451575	NA	NA	21.00757835744282	20.30973853460765
O43505	2	B4GAT1	0.9995	sp|O43505|B4GA1_HUMAN	O43505	B4GA1_HUMAN	Beta-1,4-glucuronyltransferase 1	Homo sapiens		18.63562545525616	18.810073363568073	NA	18.90635659996929	18.06034299631342	NA	NA	NA	19.353273701699923	18.09395926352666	NA	NA	NA	NA	NA	NA	NA
O43707	2	ACTN4	0.9865	sp|O43707|ACTN4_HUMAN	O43707	ACTN4_HUMAN	Alpha-actinin-4	Homo sapiens		20.88135301027195	19.560767119567213	22.917687270013875	18.53703446902194	20.885953418013443	NA	21.451489024640363	19.437195384009428	19.034943113153897	18.82422921641488	20.97647678462999	19.132326107818482	NA	NA	NA	20.076739208531567	20.842979840336543
O43852	1	CALU	0.9963	sp|O43852|CALU_HUMAN	O43852	CALU_HUMAN	Calumenin	Homo sapiens		21.523869159136755	21.636950095438525	23.365728049218806	20.651558167039635	22.04559451205387	19.893028175283007	22.089176035121977	21.57775604538459	21.56343481144656	19.946800580684847	22.178398133369257	20.22618207346141	20.938152845221758	NA	NA	21.52955527285817	21.63700760997506
O43866	14	CD5L	1.0	sp|O43866|CD5L_HUMAN	O43866	CD5L_HUMAN	CD5 antigen-like	Homo sapiens		29.121664245050187	29.40648566982339	29.206057476858344	28.19765413129562	27.87225751304104	29.423464705068792	29.54426305924675	29.15646130977233	30.078018734682484	29.690541734774403	29.792995596716555	29.169782941202023	29.422532202242085	NA	NA	29.34535492154619	29.182167259967535
O60462	5	NRP2	1.0	sp|O60462|NRP2_HUMAN	O60462	NRP2_HUMAN	Neuropilin-2	Homo sapiens		20.934078232677056	21.339624608523472	20.08912228557498	21.25575212899418	20.870760635771994	20.926897875544658	20.20248080047781	20.91732742996034	21.553302430216903	20.952340859125282	20.6993355505216	21.504860294099554	21.374519014754537	NA	NA	21.376271615134744	21.325281118611876
O60911	1	CTSV	0.9786	sp|O60911|CATL2_HUMAN	O60911	CATL2_HUMAN	Cathepsin L2	Homo sapiens	sp|P07711|CATL1_HUMAN, sp|P43235|CATK_HUMAN, sp|Q5NE16|CATL3_HUMAN	17.524032272376118	17.953088390763313	16.069913837164826	18.219120274753497	17.207571795646913	17.158588804825452	16.094436071065427	16.986214430726477	17.133675850172388	18.80588872248458	NA	17.809486056796786	NA	NA	NA	17.403846597321067	17.902030961207664
O75027	1	ABCB7	0.9895	sp|O75027|ABCB7_HUMAN	O75027	ABCB7_HUMAN	Iron-sulfur clusters transporter ABCB7, mitochondrial	Homo sapiens		19.77039612406045	20.002713873322648	19.43763804109725	19.558420145173304	19.82621889122706	20.05724868208595	19.658644683773087	20.433568518753468	19.664960593725674	20.512924695766728	19.709196238372048	19.097914981956592	20.86101339929672	NA	NA	19.90532794519533	19.568445435132578
O75083	4	WDR1	0.9999	sp|O75083|WDR1_HUMAN	O75083	WDR1_HUMAN	WD repeat-containing protein 1	Homo sapiens		23.789537769127865	22.98889007200009	25.094990175157985	21.441939527587653	23.60874281758298	21.148618227455728	24.57883396819137	23.461076711016005	21.603590182233436	21.697348026987292	24.4933226840597	21.303671905022245	21.88524893288727	NA	NA	23.72163991798736	24.10011349601964
O75116	2	ROCK2	1.0	sp|O75116|ROCK2_HUMAN	O75116	ROCK2_HUMAN	Rho-associated protein kinase 2	Homo sapiens		20.95779312513567	20.512242238545692	22.4124237838869	19.29058640006373	20.775869612928293	20.25823854727889	21.30947054318131	20.779933377771318	20.463884201755587	20.03910278515079	20.70848206782939	20.398451330170996	19.273546157828044	NA	NA	21.025165549178645	21.19887364057832
O75131	1	CPNE3	0.9844	sp|O75131|CPNE3_HUMAN	O75131	CPNE3_HUMAN	Copine-3	Homo sapiens		15.03483441922595	NA	15.118295125034766	NA	NA	NA	15.289160452128115	15.300262735931042	NA	NA	14.704121148841194	NA	NA	NA	NA	NA	NA
O75144	1	ICOSLG	0.9993	sp|O75144|ICOSL_HUMAN	O75144	ICOSL_HUMAN	ICOS ligand	Homo sapiens		21.82301830965005	22.35455990540329	21.399817584110863	22.429216027847758	22.017526654065176	21.99723967201493	21.243400572741244	22.22869904343802	22.218259078466254	22.303901734401958	21.666288054056555	21.5882003691404	22.027503577769153	NA	NA	21.940915656101705	22.207114822778856
O75223	1	GGCT	0.9487	sp|O75223|GGCT_HUMAN	O75223	GGCT_HUMAN	Gamma-glutamylcyclotransferase	Homo sapiens		19.053039281527127	18.849438132619568	19.90040763402933	19.805050869847815	18.764917172635354	20.435220969952724	18.83380189208874	19.232236626089595	18.878186353463732	18.712355991939955	19.013370179406998	19.139591308852292	19.49034059134911	NA	18.9111870876862	19.420933681857917	19.52685349271316
O75339	4	CILP	0.9998	sp|O75339|CILP1_HUMAN	O75339	CILP1_HUMAN	Cartilage intermediate layer protein 1	Homo sapiens		21.17118305390465	20.7564734425449	20.994449039104097	21.395884680104263	NA	21.399160805296685	NA	21.22967420281296	22.213938585443707	19.728042395853283	NA	21.86262516520643	NA	NA	NA	21.36142571119792	NA
O75340	1	PDCD6	0.9865	sp|O75340|PDCD6_HUMAN	O75340	PDCD6_HUMAN	Programmed cell death protein 6	Homo sapiens		18.868027296806652	NA	18.824606365545943	NA	18.919705695473915	NA	NA	19.074552583965744	19.601296196542098	18.57260537686867	19.10753814244556	NA	18.810456851039252	NA	NA	18.20332528760158	NA
O75356	2	ENTPD5	1.0	sp|O75356|ENTP5_HUMAN	O75356	ENTP5_HUMAN	Nucleoside diphosphate phosphatase ENTPD5	Homo sapiens		19.69645129853898	20.422315997880926	19.10084527512639	20.254797365672843	19.11659652709097	20.38046888102593	19.317575597992917	19.428827953027692	19.607344253229492	20.34009607303259	18.847858933227823	20.177588867069662	19.493520250493177	NA	NA	19.64125312871258	19.89630273230785
O75390	1	CS	0.9994	sp|O75390|CISY_HUMAN	O75390	CISY_HUMAN	Citrate synthase, mitochondrial	Homo sapiens		18.746747858439303	16.806531637568977	20.908203799782004	NA	18.633212062726386	15.459827154204461	19.406868746295036	17.357929119506366	NA	15.923218095241985	18.90919734079514	NA	NA	NA	NA	18.207872954218637	18.287988440659515
O75558	1	STX11	0.9944	sp|O75558|STX11_HUMAN	O75558	STX11_HUMAN	Syntaxin-11	Homo sapiens		20.655047512801893	19.580391456237216	22.528097705096336	NA	20.503688886519296	NA	21.105632343156724	18.588984398588426	NA	NA	20.558970325268454	NA	NA	NA	NA	18.857698995015983	19.467717987044214
O75563	1	SKAP2	0.9717	sp|O75563|SKAP2_HUMAN	O75563	SKAP2_HUMAN	Src kinase-associated phosphoprotein 2	Homo sapiens		17.19857090939853	14.548249038048734	19.070736788083497	NA	17.783060738485062	NA	17.42867236895459	15.614253305554021	14.269286961551941	NA	17.359899196678768	NA	NA	NA	NA	16.665489106477004	16.129525687947528
O75608	2	LYPLA1	0.9768	sp|O75608|LYPA1_HUMAN	O75608	LYPA1_HUMAN	Acyl-protein thioesterase 1	Homo sapiens		19.248564304900867	19.269693040874163	20.72421070424003	NA	19.69319411851109	18.621285481089494	19.71782818925844	19.208516788907865	18.874408189898173	17.561083603414975	18.807299619789937	19.368889186668948	NA	NA	NA	18.91429114948626	19.586045375221456
O75636	9	FCN3	0.9999	sp|O75636|FCN3_HUMAN	O75636	FCN3_HUMAN	Ficolin-3	Homo sapiens		28.059089917494468	28.421207552297897	27.821216295975205	28.815130448687487	27.95778167571882	28.36024047689693	27.97389762489736	28.125789332149594	28.230792462805777	28.39237755583533	28.25741342157399	28.183786877868044	28.032591935509288	NA	NA	28.351338196466678	28.03956602408655
O75822	2	EIF3J	0.9975	sp|O75822|EIF3J_HUMAN	O75822	EIF3J_HUMAN	Eukaryotic translation initiation factor 3 subunit J	Homo sapiens		25.38819280314493	25.787402248568867	25.389566465606414	25.89940843301317	25.920739517337438	25.266365942645297	25.45226371218028	25.421330974876543	26.168706574565242	24.875321707225048	25.67063150716556	25.83765962651067	25.380661999514043	NA	NA	25.56289543274099	25.175653293762796
O75874	4	IDH1	0.9998	sp|O75874|IDHC_HUMAN	O75874	IDHC_HUMAN	Isocitrate dehydrogenase [NADP] cytoplasmic	Homo sapiens		21.53030457639423	21.216567536584723	22.15195211426817	22.753641400134306	20.921600132027017	21.827177548269574	21.418531389357163	21.30614706060684	20.555626348787936	22.67655023487938	21.6462580213099	20.772681908127275	20.918178450021923	NA	NA	21.443303578367708	21.201479839101744
O75882	24	ATRN	1.0	sp|O75882|ATRN_HUMAN	O75882	ATRN_HUMAN	Attractin	Homo sapiens		27.91405468231399	28.328476516471163	27.073660038558977	28.152101828818083	28.135870175694244	28.086025258335876	28.02423114053038	28.17265830239667	28.430399978772076	28.453979921725484	27.769863297471115	28.332918957890953	28.068274676348576	NA	28.77338396351898	28.06195419229678	28.01516319720073
O75915	1	ARL6IP5	0.9844	sp|O75915|PRAF3_HUMAN	O75915	PRAF3_HUMAN	PRA1 family protein 3	Homo sapiens		21.185770196072966	19.75801616128079	23.525686283084642	NA	20.837579851154867	18.792914117863095	21.85691029662733	19.942292696258306	18.76035093016378	18.397553473800308	21.69436257868271	NA	NA	NA	NA	21.198551704400426	19.453835224212163
O75947	1	ATP5PD	0.986	sp|O75947|ATP5H_HUMAN	O75947	ATP5H_HUMAN	ATP synthase peripheral stalk subunit d, mitochondrial	Homo sapiens		21.20983171503054	NA	22.55817064139708	NA	20.702914036324117	NA	20.91500123773669	NA	NA	NA	20.46788186300677	NA	NA	NA	NA	NA	19.661349863461083
O75954	1	TSPAN9	0.9956	sp|O75954|TSN9_HUMAN	O75954	TSN9_HUMAN	Tetraspanin-9	Homo sapiens		17.407652876383313	NA	19.055876594676537	NA	16.100211911653663	NA	16.81773122744848	16.172800701743704	NA	NA	NA	NA	NA	NA	NA	16.84302158115545	17.180106908604486
O76061	1	STC2	0.9999	sp|O76061|STC2_HUMAN	O76061	STC2_HUMAN	Stanniocalcin-2	Homo sapiens		18.899809759423835	18.55273013186803	18.375459211381166	18.344657828017375	18.561514183138677	19.611091465908974	18.44784349810979	19.230655729292003	18.915973949444915	19.83071203248727	19.083429294348704	19.95433247802356	19.176741745387186	NA	NA	18.532093160045157	18.794372583557486
O76076	1	CCN5	0.9762	sp|O76076|CCN5_HUMAN	O76076	CCN5_HUMAN	CCN family member 5	Homo sapiens		18.832105543944373	19.347325310979027	18.390221456832403	NA	18.952114948678798	18.56661496251906	18.55039372707038	18.859539321707555	NA	18.476450810579642	NA	19.350272617649242	NA	NA	NA	NA	19.647227258160076
O94919	2	ENDOD1	0.9999	sp|O94919|ENDD1_HUMAN	O94919	ENDD1_HUMAN	Endonuclease domain-containing 1 protein	Homo sapiens		20.709306270591814	20.096424505366947	22.687997426790428	19.537968788586568	20.67462102679636	19.550855864771183	20.696988108544815	19.640892743374717	19.00993118995059	18.641258167109864	20.094993875047784	19.331749193109992	NA	NA	NA	20.04094005188658	20.886391553140726
O95197	2	RTN3	1.0	sp|O95197|RTN3_HUMAN	O95197	RTN3_HUMAN	Reticulon-3	Homo sapiens		20.73158164565344	19.93762544293912	22.951256123783466	18.21017941724461	21.26537118497429	19.183565917452416	21.432934376719306	19.886984974522573	18.628171100877157	16.373765284057555	21.175741212196694	19.799451342452514	19.827357953004295	NA	22.80633880942233	20.639395226800453	20.656982485797453
O95428	1	PAPLN	0.9492	sp|O95428|PPN_HUMAN	O95428	PPN_HUMAN	Papilin	Homo sapiens		18.41141012840516	19.364028123737874	NA	NA	18.140606998456622	18.68042103226674	17.40104353741377	18.91280399876445	NA	18.50558454942143	NA	NA	18.261618236069545	NA	NA	NA	18.33588749550992
O95445	9	APOM	1.0	sp|O95445|APOM_HUMAN	O95445	APOM_HUMAN	Apolipoprotein M	Homo sapiens		28.459493732445402	28.833588564030208	27.655212749183796	28.27969149325262	28.46293035062203	28.79380454997835	28.393998482092577	28.43073217331074	28.82559692199554	29.213976106498126	28.18391942652509	28.537860106917982	28.819819521939042	NA	NA	28.1567966089905	28.49781329627464
O95479	1	H6PD	0.9998	sp|O95479|G6PE_HUMAN	O95479	G6PE_HUMAN	GDH/6PGL endoplasmic bifunctional protein	Homo sapiens		20.73236749739094	21.23084904369208	20.435405346374733	20.679728972576648	20.74203220355359	21.796936703468525	20.20142522277357	20.954094036260205	21.072604973729966	21.26385250535546	20.19516933141515	20.97300018614111	20.631430146033033	NA	NA	20.867129292700483	20.78037489797948
O95497	7	VNN1	1.0	sp|O95497|VNN1_HUMAN	O95497	VNN1_HUMAN	Pantetheinase	Homo sapiens		23.072446482725375	23.850984343879208	22.529035914364254	22.860317126677373	23.197774415339445	23.205295656932208	22.78626711402851	23.088769065498315	22.774036200767227	23.453332180262862	24.14994686910154	23.328229807745686	23.8584644195207	NA	23.960728142956995	23.343833284687744	23.33347583011067
O95810	5	CAVIN2	1.0	sp|O95810|CAVN2_HUMAN	O95810	CAVN2_HUMAN	Caveolae-associated protein 2	Homo sapiens		24.23202753673444	23.442778878626864	26.092922067999318	NA	24.291559408016084	20.526764240542853	24.620202235125262	22.569643749981772	21.09715971721575	20.958390916088575	24.589067052144046	21.004988988290265	21.189884660205394	NA	26.113727800392766	23.590590948610135	23.93856572593977
O95866	2	MPIG6B	0.9999	sp|O95866|G6B_HUMAN	O95866	G6B_HUMAN	Megakaryocyte and platelet inhibitory receptor G6b	Homo sapiens		20.817394826951887	19.141572760223678	22.634192082899872	NA	20.115374385744957	NA	20.314718924889206	18.883780910631312	NA	NA	20.266596047841496	NA	NA	NA	NA	19.60302092842016	19.86426355354892
O95967	2	EFEMP2	0.9993	sp|O95967|FBLN4_HUMAN	O95967	FBLN4_HUMAN	EGF-containing fibulin-like extracellular matrix protein 2	Homo sapiens		20.158578165730262	20.85189135395495	NA	NA	19.816819741153434	NA	20.420463810535722	NA	NA	NA	NA	NA	NA	23.255646114108917	NA	NA	NA
O95980	1	RECK	0.9972	sp|O95980|RECK_HUMAN	O95980	RECK_HUMAN	Reversion-inducing cysteine-rich protein with Kazal motifs	Homo sapiens		20.36013979140944	NA	20.611958196460236	20.702719279377725	NA	NA	NA	NA	20.18609705738537	20.045097790476614	NA	20.27094920447138	NA	NA	NA	NA	NA
P00325	2	ADH1B	0.9911	sp|P00325|ADH1B_HUMAN	P00325	ADH1B_HUMAN	All-trans-retinol dehydrogenase [NAD(+)] ADH1B	Homo sapiens		19.60627487480118	19.09738015253309	17.651551128092525	22.193744360022094	18.373283255515407	19.100322973697423	17.885075667720763	18.244971088041044	17.05485617144443	20.582430125781254	18.438379481252962	18.234104503800765	17.67895226338255	NA	NA	19.3470600941139	19.054204471878364
P00338	7	LDHA	0.9998	sp|P00338|LDHA_HUMAN	P00338	LDHA_HUMAN	L-lactate dehydrogenase A chain	Homo sapiens		23.46433992532575	22.987324093013598	25.231357371789667	22.918314190739146	23.503872973972303	22.935256322092187	24.031016995435753	23.837393583759283	22.59182033605515	23.327617258586322	24.00344759795609	22.649328494159175	22.297608435002736	NA	22.24041483102684	23.479350594487617	23.721976003526056
P00352	2	ALDH1A1	1.0	sp|P00352|AL1A1_HUMAN	P00352	AL1A1_HUMAN	Aldehyde dehydrogenase 1A1	Homo sapiens		22.24117652966881	21.596809193091573	20.574220171249582	23.67014156663119	20.707648905391867	22.94766855130838	21.695164375029453	21.711227984619423	20.505081152892668	22.99280269890679	21.81657510611458	21.28341774394835	21.62484212763587	NA	NA	22.00969204414905	21.999034341868132
P00387	1	CYB5R3	0.9857	sp|P00387|NB5R3_HUMAN	P00387	NB5R3_HUMAN	NADH-cytochrome b5 reductase 3	Homo sapiens		21.311787878778294	20.451378191552312	23.821951780881214	19.130717893287322	21.749086650042194	18.390438624035774	21.999130035219167	20.29408392659983	NA	18.78724782927738	21.773599311061364	18.293493723605977	NA	19.309644914483194	NA	21.236932420467934	21.017260636466055
P00390	4	GSR	1.0	sp|P00390|GSHR_HUMAN	P00390	GSHR_HUMAN	Glutathione reductase, mitochondrial	Homo sapiens		22.741951257956142	22.673991819251977	23.609170486300453	23.055311747932862	22.729539064595038	22.717914014276023	22.847346312743365	22.814920173928986	22.815066255812543	22.94833824098177	23.087368002204432	22.571543688178874	22.63046155822443	NA	NA	22.859190407322174	22.933999520491522
P00403	1	MT-CO2	0.9836	sp|P00403|COX2_HUMAN	P00403	COX2_HUMAN	Cytochrome c oxidase subunit 2	Homo sapiens		19.600460223292423	NA	20.95789143608126	NA	18.14324536324089	NA	18.725121626081744	NA	NA	NA	NA	NA	NA	NA	NA	NA	18.202459282945345
P00441	3	SOD1	0.9853	sp|P00441|SODC_HUMAN	P00441	SODC_HUMAN	Superoxide dismutase [Cu-Zn]	Homo sapiens		21.755816775149096	21.486063586022606	22.53102554052175	23.00947946171258	21.301907636900616	21.37003366040129	21.602261816687037	21.46168911408205	20.804805810594807	22.0679033736002	22.08134354432649	21.524862652312436	20.862700028731076	NA	NA	21.599404999068646	21.625000751448724
P00450	32	CP	1.0	sp|P00450|CERU_HUMAN	P00450	CERU_HUMAN	Ceruloplasmin	Homo sapiens		31.179720278833827	31.58032471857617	30.598260376539443	31.34505408940097	31.352815487045987	31.226454024298437	30.70181820617529	31.385470886300773	31.582139033317535	31.772554141032526	31.120250284441244	31.911987171642757	31.444892634302494	NA	31.30565277156287	31.329514064258873	31.333856367954425
P00488	11	F13A1	1.0	sp|P00488|F13A_HUMAN	P00488	F13A_HUMAN	Coagulation factor XIII A chain	Homo sapiens		27.49260364300728	27.15579180877201	28.858880019364182	27.01925235391082	27.81095201628135	27.371788681284027	27.925501232367	27.65637411086794	27.918443725679797	27.277891147147244	27.512712575229852	27.378355962545196	27.167737011077456	NA	27.31071558639986	27.352819167111512	27.574933987733555
P00491	1	PNP	0.991	sp|P00491|PNPH_HUMAN	P00491	PNPH_HUMAN	Purine nucleoside phosphorylase	Homo sapiens		20.703257268846013	20.58008327412051	22.109687116085254	21.45287977717744	20.387728147753908	20.920636847115585	21.09503949521597	20.604134319459124	19.639597470015044	20.66030199169962	21.692303035230363	19.83550408827051	19.510785867662783	NA	NA	20.637131342533944	20.493939775830267
P00558	2	PGK1	0.9999	sp|P00558|PGK1_HUMAN	P00558	PGK1_HUMAN	Phosphoglycerate kinase 1	Homo sapiens		21.25390396608311	20.24404393138475	21.285838518255797	21.531727074256775	20.999045730592115	20.532169000628116	21.589405691411454	21.55097236927399	21.19054228355309	21.02045956326488	21.89009546854596	NA	NA	NA	NA	21.12457385000385	NA
P00734	35	F2	1.0	sp|P00734|THRB_HUMAN	P00734	THRB_HUMAN	Prothrombin	Homo sapiens		29.56028457803486	29.851316119159726	29.224599220822462	29.309747567527907	29.67732056384151	29.443787697965554	29.75050389653651	30.182609956655124	30.074928534914758	29.95138916709691	29.462314137154287	30.063134124774887	29.84881987739374	29.98664559687399	NA	29.530845575132716	29.500826247666858
P00736	22	C1R	1.0	sp|P00736|C1R_HUMAN	P00736	C1R_HUMAN	Complement C1r subcomponent	Homo sapiens		28.59287936178319	29.266428952313085	28.12337682185854	28.831833974556975	28.15616247189285	28.837971334227635	28.46916742212266	29.054124733369427	29.05327300532781	29.07609335078642	28.468569849831045	29.168379218722954	29.074128193071367	NA	26.805648562979993	28.636187030552428	28.55984611024011
P00738	33	HP	1.0	sp|P00738|HPT_HUMAN	P00738	HPT_HUMAN	Haptoglobin	Homo sapiens		31.49767995608725	31.87657608534638	31.43244776956049	31.370523445592056	31.240951249278737	31.209624667128818	30.642965705756545	32.22369001661614	30.62968130867164	32.24218141407707	29.0231027622323	32.861741165388814	30.89614260390626	NA	29.451583051010854	31.264545970645546	31.331229565494034
P00739	12	HPR	1.0	sp|P00739|HPTR_HUMAN	P00739	HPTR_HUMAN	Haptoglobin-related protein	Homo sapiens		28.87256636050112	28.98812138045182	28.587561883332317	28.561985861367038	29.00032038123736	28.69508514802634	28.431884724185323	29.666247828708027	28.416647515910896	30.11903082456543	27.93848713706202	29.29415936048136	28.505625966894602	NA	NA	28.693842726355573	28.66703231903148
P00740	7	F9	1.0	sp|P00740|FA9_HUMAN	P00740	FA9_HUMAN	Coagulation factor IX	Homo sapiens		23.012200664924347	23.415667137202437	22.538435466326174	23.065282136759524	23.31404025182818	22.914104824336114	22.891191162005416	23.37040871855727	23.2146599105688	23.23237258535243	23.000589935838313	23.771786652380282	23.457975012392435	NA	NA	22.981149190500364	22.985901921887486
P00742	17	F10	1.0	sp|P00742|FA10_HUMAN	P00742	FA10_HUMAN	Coagulation factor X	Homo sapiens		26.08494744841834	26.436888947540936	25.54498784197511	26.092916493726623	26.399085875498915	26.183110089765155	26.135440474036994	26.53436870401202	26.326327661524857	26.455978268339436	25.738699298784393	26.74751117710756	26.334329013310555	NA	NA	26.04570237894556	26.225396849975628
P00746	3	CFD	1.0	sp|P00746|CFAD_HUMAN	P00746	CFAD_HUMAN	Complement factor D	Homo sapiens		20.422432526927903	20.860331714816166	19.744548122052848	20.081526415879644	20.487902198853135	20.223066598795192	19.858773913412357	20.31028938093082	20.17665899753092	20.976633306205358	19.336981808718956	21.678225087460753	20.797458301932966	NA	NA	20.55300981519576	20.184884791585866
P00747	40	PLG	1.0	sp|P00747|PLMN_HUMAN	P00747	PLMN_HUMAN	Plasminogen	Homo sapiens		31.045540103046683	31.579833345372816	30.618104565599126	31.127451322803775	31.17948268335148	30.87914440652739	31.053820078653537	31.411824287253573	31.597950057891698	31.444971992491936	30.907237471452063	31.56734016988294	31.419011175582554	NA	29.85469887756868	31.19501301204694	31.057784034725508
P00748	14	F12	0.9998	sp|P00748|FA12_HUMAN	P00748	FA12_HUMAN	Coagulation factor XII	Homo sapiens		27.789040246443502	28.049522292945174	27.268642383696672	28.312639522410105	28.00706304923621	28.38711439161144	27.21033761469668	27.846436269437593	26.91213015692349	28.28483208784229	27.856188393869054	28.52256776856347	27.90333113373796	27.60256338135584	27.789040246443502	27.986939630707084	28.12257696223592
P00751	24	CFB	1.0	sp|P00751|CFAB_HUMAN	P00751	CFAB_HUMAN	Complement factor B	Homo sapiens		30.87844593843079	31.450093284101815	30.600246656352486	31.196472707172916	30.877442963549534	30.98757988543773	29.973045372592313	31.188218999225224	30.781263611173557	31.383651000294215	30.900772589790446	31.521592969498073	31.64009822319749	31.97534303232474	30.958395357423807	30.998311502010964	31.05899368911634
P00915	8	CA1	1.0	sp|P00915|CAH1_HUMAN	P00915	CAH1_HUMAN	Carbonic anhydrase 1	Homo sapiens		25.69023927282072	25.576077576607247	23.67167172248768	27.655011093251034	24.459663165510303	26.223074369248152	25.151339845695638	26.072338716598626	25.147512042455663	26.38104100983442	26.03990596868645	24.693259604179904	25.626124492671536	NA	NA	25.64236207865771	25.65195247499935
P00918	2	CA2	0.9996	sp|P00918|CAH2_HUMAN	P00918	CAH2_HUMAN	Carbonic anhydrase 2	Homo sapiens		21.005958131347352	20.867595935780713	20.457719838337578	22.739803189447112	20.38066567141513	21.975932967041945	20.583375847089645	20.98861098098208	19.098200251507997	21.854503895521614	21.51524036795145	20.289596350988873	21.04863218864178	NA	NA	20.742121930356518	20.395168723646087
P01008	22	SERPINC1	1.0	sp|P01008|ANT3_HUMAN	P01008	ANT3_HUMAN	Antithrombin-III	Homo sapiens		30.03730850893786	30.358927466540326	29.420986638936654	30.16288832034602	30.117666086996362	30.159400274982215	30.04100820854927	30.23045013993016	30.6591947258793	30.415961721033028	29.843017349982528	30.596140174959803	30.290169492433417	29.600793803828864	NA	30.091047475595087	30.215425160455823
P01009	25	SERPINA1	1.0	sp|P01009|A1AT_HUMAN	P01009	A1AT_HUMAN	Alpha-1-antitrypsin	Homo sapiens		30.57257236729616	31.001600963016315	29.97194751870076	30.482185277169645	30.32038755245544	31.09402489501588	30.064817378790842	31.14789403227057	31.016131628558618	31.290487450793712	30.394557891059307	30.904467603935263	30.79095613287731	NA	NA	30.554388111141304	30.631267305767153
P01011	20	SERPINA3	1.0	sp|P01011|AACT_HUMAN	P01011	AACT_HUMAN	Alpha-1-antichymotrypsin	Homo sapiens		30.58879014260512	31.181712963732753	30.114551107013032	30.35277134753927	30.556021671967276	30.590190269897857	29.944253293415148	30.849948216645817	30.586933188977923	31.62953717027554	30.313362614185934	31.579540499542322	30.543595152174223	NA	30.870692586327237	30.66683061765368	30.584122950064412
P01019	8	AGT	1.0	sp|P01019|ANGT_HUMAN	P01019	ANGT_HUMAN	Angiotensinogen	Homo sapiens		26.124153452941563	26.632948337863056	25.677599874370827	26.19062665495904	26.011121447895196	26.403159199754732	25.926340442090957	26.389100339250334	26.633033810412535	26.119556356804928	26.280781299236136	26.735332252117594	26.51012583647693	NA	26.285522917137026	26.207011603867397	26.3463308420535
P01023	44	A2M	1.0	sp|P01023|A2MG_HUMAN	P01023	A2MG_HUMAN	Alpha-2-macroglobulin	Homo sapiens		31.185320128866312	31.712370523215892	29.644414590024784	32.12283091828099	31.700866034372787	31.619715779612257	30.79544260381084	31.16484545430895	30.889949340842964	31.355809440415047	30.867056849401184	32.17746104987265	31.551439302069888	29.84074931637292	30.967686595458286	31.05362374388031	31.066588434383778
P01024	34	C3	1.0	sp|P01024|CO3_HUMAN	P01024	CO3_HUMAN	Complement C3	Homo sapiens		30.944860521962102	31.645459610290917	30.19091473192805	31.067601820099288	31.046419968944726	30.757413065367633	30.922002548022196	31.30197435463307	31.29798249453161	31.29639427714031	30.75993395056318	31.72621782868617	31.455004903722333	NA	NA	31.1591271046795	31.106396146498504
P01031	23	C5	1.0	sp|P01031|CO5_HUMAN	P01031	CO5_HUMAN	Complement C5	Homo sapiens		29.64365288827233	30.41350601631084	29.092454283643665	29.803998312451636	29.464705242469165	29.748609965552546	29.484478494347492	30.158423580168595	29.861483987514486	30.05285370602955	29.564112277116493	30.301604205634654	30.016512614891518	NA	28.331103321734513	29.821414424867836	29.75832529588127
P01034	1	CST3	0.9992	sp|P01034|CYTC_HUMAN	P01034	CYTC_HUMAN	Cystatin-C	Homo sapiens		22.95781216623203	23.882065516638605	22.300561082919405	22.945518526563394	22.946560485947597	23.066633450509475	22.475078770388862	23.404079412801142	22.958269630499107	23.422794697659718	22.764632321558857	24.712470948467654	23.217272037004957	NA	20.98891517835029	23.105971741241735	22.89225475680712
P01040	1	CSTA	0.9998	sp|P01040|CYTA_HUMAN	P01040	CYTA_HUMAN	Cystatin-A	Homo sapiens		20.365260740625697	19.079768868562134	21.042718084409902	20.744923614609085	19.033869299081207	21.74546311847593	20.81525163560562	20.9902005575235	20.581364121637957	19.534189560805515	20.294921563484333	21.09884267678747	20.476005812966555	NA	NA	20.23229045830568	20.005530051004236
P01042	25	KNG1	1.0	sp|P01042|KNG1_HUMAN	P01042	KNG1_HUMAN	Kininogen-1	Homo sapiens		29.59124963557689	30.168036976439854	29.032288391283362	29.808243882012963	29.73568218560093	29.801126919603174	29.423524954869503	29.99568176514496	29.89171655386872	29.840311472297923	29.58108091331645	30.03315493046665	30.053862351393963	NA	29.29902866187038	29.750216570715217	29.831174055281398
P01137	3	TGFB1	0.9999	sp|P01137|TGFB1_HUMAN	P01137	TGFB1_HUMAN	Transforming growth factor beta-1 proprotein	Homo sapiens		21.81940853379156	21.0757547051846	23.728585342493968	20.71598419749874	22.2564488483566	19.155247765713305	22.4347420289521	21.637691692352895	21.259623643067474	19.529867459373058	22.25424453490611	20.297242246923208	20.516222645771336	NA	NA	21.841729974226688	21.977556179562974
P01344	1	IGF2	0.9555	sp|P01344|IGF2_HUMAN	P01344	IGF2_HUMAN	Insulin-like growth factor II	Homo sapiens		21.451638026127508	21.725775412470906	21.266274528322164	21.263107650618554	21.83068146404382	20.95443040358796	21.081980340463865	22.120417055658823	22.329578579360728	21.728091686223777	21.44644775644194	22.049997780124407	21.725735963849733	NA	NA	21.446547450441344	20.896611761364326
P01591	4	JCHAIN	0.9989	sp|P01591|IGJ_HUMAN	P01591	IGJ_HUMAN	Immunoglobulin J chain	Homo sapiens		28.145160096234104	28.79522461117526	27.92352474160159	27.38454536591617	27.577781942210795	28.720620533602457	28.34428779410052	28.331888742729078	28.577266988042737	28.56513814884684	28.484437475993648	27.897276538036074	28.716593722304253	NA	NA	28.412688409136802	28.659694408020165
P01593	1	IGKV1D-33	0.9998	sp|P01593|KVD33_HUMAN	P01593	KVD33_HUMAN	Immunoglobulin kappa variable 1D-33	Homo sapiens	sp|P01594|KV133_HUMAN	22.708462318272392	22.542221621150066	22.371118484948546	23.34431313997805	22.960724734861795	22.712848347257122	22.14350329075042	22.42232058486954	23.616414736599467	23.5177615085177	22.79784591340755	22.86383632175961	22.331199660995303	NA	NA	22.945814738581	22.380900974818342
P01599	1	IGKV1-17	0.9901	sp|P01599|KV117_HUMAN	P01599	KV117_HUMAN	Immunoglobulin kappa variable 1-17	Homo sapiens		24.93397184827199	25.555285912505425	25.45230199242757	24.64227093818145	25.724289724183375	25.738633765554045	24.540557998873492	24.782088408597925	24.425911416593298	24.921323509013877	26.17354040936538	23.881551867320894	24.446887117576107	NA	NA	24.83395987358614	24.429552028804885
P01602	2	IGKV1-5	0.9969	sp|P01602|KV105_HUMAN	P01602	KV105_HUMAN	Immunoglobulin kappa variable 1-5	Homo sapiens		26.597034645577878	26.333254470083176	25.769881499489586	25.703566193305523	25.959070720923567	25.875326861831077	27.095812477490792	25.222856999378653	26.508251734146672	25.940828501639206	28.36575679179609	26.097317656052848	26.327698792415724	NA	NA	27.09503509911771	27.22003822002566
P01619	8	IGKV3-20	1.0	sp|P01619|KV320_HUMAN	P01619	KV320_HUMAN	Immunoglobulin kappa variable 3-20	Homo sapiens		29.99841413620495	30.248036882759873	30.38796145300647	30.2489683459846	30.414556194143763	30.15296459148207	29.81234370309573	30.220613731678945	30.32125614393491	30.175269387988262	30.343064914768952	29.709580245683494	30.045444006631172	NA	NA	30.127984324107658	29.822846135270524
P01699	2	IGLV1-44	0.9993	sp|P01699|LV144_HUMAN	P01699	LV144_HUMAN	Immunoglobulin lambda variable 1-44	Homo sapiens		24.1100505052662	23.795933171400332	24.184345188464487	23.765077713759577	24.7813620232581	23.56489372138109	24.41895136832483	23.623771536766213	24.35482508752981	24.49867223076883	NA	24.173784050149106	25.510490091510494	NA	NA	23.806486096643123	23.399045794351746
P01700	1	IGLV1-47	1.0	sp|P01700|LV147_HUMAN	P01700	LV147_HUMAN	Immunoglobulin lambda variable 1-47	Homo sapiens		26.810211857554812	27.37953243715262	26.588997727123772	25.845607347718996	27.64666455614297	27.732518992098615	26.150320381694243	27.235858642962278	26.794419815082243	26.91502564955914	26.373974953270867	26.440451049236103	27.362834810906453	NA	NA	26.872948664981628	27.161761665598593
P01701	1	IGLV1-51	0.9809	sp|P01701|LV151_HUMAN	P01701	LV151_HUMAN	Immunoglobulin lambda variable 1-51	Homo sapiens		20.462057872171087	NA	NA	19.615318196694766	19.582545405228885	22.52675234232178	NA	19.75655104034737	19.62588141388053	19.815360571982712	20.544272761841373	NA	NA	NA	NA	NA	19.94061929038461
P01703	2	IGLV1-40	0.9803	sp|P01703|LV140_HUMAN	P01703	LV140_HUMAN	Immunoglobulin lambda variable 1-40	Homo sapiens		22.811165214599423	23.660962625728377	22.085973259043076	22.68826667608331	23.047960468938133	23.098090045789903	22.0318150508872	22.696129484586635	23.28324121961586	23.324899111811177	23.244573555758897	22.25977815636285	22.997772246115733	NA	NA	22.185953571562948	22.219603731365567
P01705	1	IGLV2-23	0.9837	sp|P01705|LV223_HUMAN	P01705	LV223_HUMAN	Immunoglobulin lambda variable 2-23	Homo sapiens		20.25695985525249	21.20537011900385	21.43735497866104	21.106614467688143	17.548316991874984	21.154100165697123	NA	15.992920646265778	20.254876273586838	16.546332109947638	20.423353363361763	21.0550055165007	21.603342854064287	NA	NA	20.42561300410521	20.720478832146952
P01706	2	IGLV2-11	0.9463	sp|P01706|LV211_HUMAN	P01706	LV211_HUMAN	Immunoglobulin lambda variable 2-11	Homo sapiens		25.279351614438784	25.81745696815137	25.059543308995078	24.736653083958757	25.958024914181497	25.521484533581113	26.19147085785273	25.453907979496275	25.512381788518745	25.420291853979215	25.144653348154176	25.06110412915645	25.147915702649414	NA	NA	25.18046725456826	25.373046046308225
P01709	2	IGLV2-8	0.9811	sp|P01709|LV208_HUMAN	P01709	LV208_HUMAN	Immunoglobulin lambda variable 2-8	Homo sapiens		22.550375827608487	23.826523373672888	21.414020706458587	22.114636334466866	22.51541130156389	22.3699704126265	22.71602994559488	23.344146011607197	22.800352177135156	22.98240154009344	22.738369637354193	22.35361000394701	22.781488897155175	NA	NA	22.430562568289915	22.291703472385365
P01714	2	IGLV3-19	1.0	sp|P01714|LV319_HUMAN	P01714	LV319_HUMAN	Immunoglobulin lambda variable 3-19	Homo sapiens		22.498363200221668	23.601142006249034	22.84452284690761	21.773431426498252	23.87439900168992	22.380894511608687	21.231362505814406	22.492308145636432	21.38824718660705	22.76501954813942	21.724239699226306	21.988326629433235	22.227224783921987	NA	NA	22.47221762063968	22.458858804308022
P01721	1	IGLV6-57	0.998	sp|P01721|LV657_HUMAN	P01721	LV657_HUMAN	Immunoglobulin lambda variable 6-57	Homo sapiens		20.692744749821173	20.539864446277956	19.993270724164436	21.06878137392122	21.58274090266704	20.59911505108341	19.874557198467123	20.522182122706816	20.901349699154725	20.5536630838887	NA	21.16242880652816	21.364521164015137	NA	NA	21.18359648669709	NA
P01742	10	IGHV1-69	1.0	sp|P01742|HV169_HUMAN	P01742	HV169_HUMAN	Immunoglobulin heavy variable 1-69	Homo sapiens		29.224414882836562	29.658640511276637	29.570012177847147	30.09809871518227	29.873871711270837	29.191429979837057	28.188615303945376	28.097950902692595	29.175392370657004	29.271999089495523	28.90158446041937	29.04301158350244	28.505178357768955	NA	30.107536974871834	29.42681071320546	29.30523449688643
P01743	1	IGHV1-46	0.9953	sp|P01743|HV146_HUMAN	P01743	HV146_HUMAN	Immunoglobulin heavy variable 1-46	Homo sapiens		22.251939733536698	NA	NA	NA	NA	NA	NA	NA	NA	21.640623722393524	NA	NA	NA	NA	NA	NA	NA
P01763	4	IGHV3-48	0.9999	sp|P01763|HV348_HUMAN	P01763	HV348_HUMAN	Immunoglobulin heavy variable 3-48	Homo sapiens		22.65892620861337	23.767495434896666	22.92667762869182	23.11160413784236	21.66071295111942	23.656812727747116	22.560156688047755	22.506787087876443	23.149894401083472	21.716055660735933	22.93817759758726	23.358785858404275	22.257428828297424	NA	NA	22.629705715654325	21.740326671975723
P01764	2	IGHV3-23	1.0	sp|P01764|HV323_HUMAN	P01764	HV323_HUMAN	Immunoglobulin heavy variable 3-23	Homo sapiens		22.816955839743546	23.754207686755866	22.641473736528066	NA	22.05609121753046	22.709954718177226	NA	NA	NA	22.46939213347898	23.412305582783034	NA	NA	NA	NA	NA	NA
P01766	1	IGHV3-13	1.0	sp|P01766|HV313_HUMAN	P01766	HV313_HUMAN	Immunoglobulin heavy variable 3-13	Homo sapiens		19.294964595595406	19.411513423962568	18.675227679870375	20.00094640051492	19.197596431883742	21.299921131181105	17.054463589556644	19.147637302843922	19.425438505076762	19.822576500644935	18.77033862664392	18.479506705365964	18.122909389390962	NA	NA	19.416624889520737	18.980773851575183
P01767	1	IGHV3-53	0.9967	sp|P01767|HV353_HUMAN	P01767	HV353_HUMAN	Immunoglobulin heavy variable 3-53	Homo sapiens		17.875910100460015	19.258298433443265	18.398346680163062	17.433693514718954	17.427557488323778	17.2669072203914	NA	16.778524554714718	17.9530171259923	17.564991742784997	18.729550346170797	NA	18.462874703356167	NA	NA	NA	NA
P01768	13	IGHV3-30	0.9998	sp|P01768|HV330_HUMAN	P01768	HV330_HUMAN	Immunoglobulin heavy variable 3-30	Homo sapiens	sp|P0DP03|HVC05_HUMAN	29.211485890674673	30.084483840649796	29.027180634609497	29.37005277907027	29.57454709414807	29.460322007180363	28.828924538121477	29.600162124150057	29.683667486757148	29.133528209331516	29.778838946943484	28.519500363739958	29.11665646180768	NA	NA	29.123814508903624	29.12103229018941
P01780	6	IGHV3-7	0.9999	sp|P01780|HV307_HUMAN	P01780	HV307_HUMAN	Immunoglobulin heavy variable 3-7	Homo sapiens		28.51250985396361	28.86805171370861	28.251652104237227	28.897055109085702	28.480435411195444	29.045059342909372	27.745599562016015	29.163809108506555	29.019985094302786	29.13554633225467	28.90733163315797	27.865719226035143	28.205890429319318	NA	NA	28.618314471850212	28.51390743606924
P01782	11	IGHV3-9	1.0	sp|P01782|HV309_HUMAN	P01782	HV309_HUMAN	Immunoglobulin heavy variable 3-9	Homo sapiens		29.162070081712326	29.75521717159085	29.060301049598365	29.04371992610158	28.880696064037885	29.78901025999261	29.150638919378867	29.102716521055402	29.445795744421314	28.866006017960515	29.697357635474848	29.40049021979577	28.981655498576302	30.706904631579455	NA	29.23887910601376	29.008214606232894
P01814	1	IGHV2-70	0.9785	sp|P01814|HV270_HUMAN	P01814	HV270_HUMAN	Immunoglobulin heavy variable 2-70	Homo sapiens		27.479729807194612	28.225014266703155	27.580237335307995	27.949213064224665	28.053607635094064	27.751856466074493	26.939071104546343	27.192145190202076	27.479729807194612	28.207576356574723	27.010868406523727	26.682963923586133	27.566681456271713	NA	NA	27.73421412702427	27.450747062632686
P01817	1	IGHV2-5	0.997	sp|P01817|HV205_HUMAN	P01817	HV205_HUMAN	Immunoglobulin heavy variable 2-5	Homo sapiens		19.41163345830127	19.89049224223156	NA	NA	18.91992330775075	NA	NA	20.04125724765883	19.18983285831318	NA	19.626762618532133	NA	NA	NA	NA	NA	NA
P01833	12	PIGR	1.0	sp|P01833|PIGR_HUMAN	P01833	PIGR_HUMAN	Polymeric immunoglobulin receptor	Homo sapiens		26.162449608388147	25.49457851260295	25.38766851374705	26.716404919515966	25.408738525843713	28.110296849143012	26.142500295320808	26.17276880201704	25.36783412093635	26.618745459610068	26.19167299074288	25.909120966149946	26.26810764002749	NA	NA	25.901499436937407	25.999925065172135
P01834	17	IGKC	1.0	sp|P01834|IGKC_HUMAN	P01834	IGKC_HUMAN	Immunoglobulin kappa constant	Homo sapiens		29.69907534668646	29.541747489962695	29.71900204361969	29.307053903606917	30.250965684716203	29.89509898447544	29.915197382580907	30.233712920105255	30.33433660952363	29.93749559668654	30.138326725553963	29.572651758321967	29.564287010989084	32.880434237163215	NA	29.642329313955724	29.71433912621622
P01854	1	IGHE	0.9986	sp|P01854|IGHE_HUMAN	P01854	IGHE_HUMAN	Immunoglobulin heavy constant epsilon	Homo sapiens		18.489141009990266	15.905694430977187	17.64916969449001	16.05955687580146	18.497714772132028	15.475009380810514	16.990308749484722	17.36609145332591	17.09175443885568	20.25102597361156	NA	20.759357643435713	17.844524143952547	NA	NA	17.31397388508504	17.306825287784708
P01857	69	IGHG1	1.0	sp|P01857|IGHG1_HUMAN	P01857	IGHG1_HUMAN	Immunoglobulin heavy constant gamma 1	Homo sapiens		31.22669810585457	31.098693953201657	31.376889275225533	31.175342366181788	31.91813776132189	31.371369084146163	30.861256828546836	31.420679842030196	31.81693899486258	31.329448079611645	31.85296327423964	30.792159941160854	31.14057182221322	31.33486556661718	32.00301554331208	31.289716172833415	31.337074202954007
P01859	20	IGHG2	1.0	sp|P01859|IGHG2_HUMAN	P01859	IGHG2_HUMAN	Immunoglobulin heavy constant gamma 2	Homo sapiens		27.0974152281334	26.965329470806942	26.668284166642454	27.016769237738387	26.419967485205447	26.513491206651192	27.951085315853113	27.544344165502665	27.83836456984953	27.054568402901733	27.112157018468057	27.12401629981942	26.963695019833292	NA	NA	27.036034152063653	26.784894269930867
P01860	26	IGHG3	1.0	sp|P01860|IGHG3_HUMAN	P01860	IGHG3_HUMAN	Immunoglobulin heavy constant gamma 3	Homo sapiens		30.88624780738451	31.291821140877737	30.94902709379671	31.171551196315608	30.760485450831727	31.586747897789657	29.92802368646601	31.90393140679758	31.754987100705698	30.779405823272498	30.286465173820137	30.59105490328162	30.36153148510586	30.79586840639508	30.506634010615027	30.984459495103508	30.89314199827066
P01861	18	IGHG4	1.0	sp|P01861|IGHG4_HUMAN	P01861	IGHG4_HUMAN	Immunoglobulin heavy constant gamma 4	Homo sapiens		27.574251199782122	25.900913766730746	24.91150877041665	25.59676677691386	28.843146595614755	25.41247768913494	27.540087265328914	28.500934533350293	28.328349587636673	27.21792681184398	27.637159592319875	28.04238903341186	28.25622070397586	NA	27.07396363154606	27.20754553090405	27.45507962985175
P01871	19	IGHM	1.0	sp|P01871|IGHM_HUMAN	P01871	IGHM_HUMAN	Immunoglobulin heavy constant mu	Homo sapiens		30.610971191009458	31.0228515066868	30.699305136735898	29.954040948160348	28.73905978256292	30.94425214246127	30.98228807601186	30.57613474259538	31.580829085313063	31.157718290844475	31.251925665967683	30.56846593059603	30.918392207727678	NA	33.177652964812474	30.72702201894627	30.74601923830568
P01876	28	IGHA1	1.0	sp|P01876|IGHA1_HUMAN	P01876	IGHA1_HUMAN	Immunoglobulin heavy constant alpha 1	Homo sapiens		30.43803864018562	31.448844218725604	29.08792319181864	29.94929428968534	30.126618678940694	31.703992477911868	30.166652431043044	31.22739121052995	30.940835632102576	30.300215799421892	29.590934859545747	30.961422975623442	30.426924234930365	30.909148422522268	32.406848705956996	30.418086057541043	30.394655569311958
P01877	10	IGHA2	1.0	sp|P01877|IGHA2_HUMAN	P01877	IGHA2_HUMAN	Immunoglobulin heavy constant alpha 2	Homo sapiens		26.299115631434557	27.08056588090076	24.582770226173917	26.778309889796372	25.26297714399402	27.09203911023582	26.031096769673283	27.024894542979972	26.693405117305296	27.235771176748077	26.444547428912404	26.324314339345523	26.2564813748313	NA	26.085476335337567	26.258069763325746	25.981625494790666
P01880	11	IGHD	1.0	sp|P01880|IGHD_HUMAN	P01880	IGHD_HUMAN	Immunoglobulin heavy constant delta	Homo sapiens		26.838014438546338	25.493816629843295	27.284086559727	25.671211676544377	26.546296481517555	27.439259803412607	26.828723406246585	27.241688123661167	27.514793771591282	26.461208241889263	25.545568756444343	26.816468491045114	25.914915548967972	NA	NA	26.906783038045184	26.596106338423212
P01889	1	HLA-B	1.0	sp|P01889|HLAB_HUMAN	P01889	HLAB_HUMAN	HLA class I histocompatibility antigen, B alpha chain	Homo sapiens		21.116801095453113	20.264260111262033	22.523024043518248	20.88336985126556	22.01914584951297	20.600857328798057	22.12041206638605	20.364697334781226	20.88343949448948	20.192962372086086	21.212280768633182	20.44002964590043	21.404339795051758	NA	NA	21.408388781518642	21.100631984584616
P02042	5	HBD	0.9999	sp|P02042|HBD_HUMAN	P02042	HBD_HUMAN	Hemoglobin subunit delta	Homo sapiens		25.065966631661937	24.488869286276127	23.10299925725774	25.629846538862044	23.870341935167378	25.45749072117313	24.25214264614255	25.341708114746687	24.45122254083567	25.1203726753908	25.03783527489891	24.466235905094493	24.780590976083523	NA	NA	24.91672999904415	24.95542283215214
P02462	1	COL4A1	0.9998	sp|P02462|CO4A1_HUMAN	P02462	CO4A1_HUMAN	Collagen alpha-1(IV) chain	Homo sapiens		17.227599291217313	17.39444096297464	16.323528191134738	17.349867027054305	16.929025292721256	17.43521960289262	15.684121839272938	17.43653327080887	16.970153310580823	18.738883405692164	16.86598980954802	17.8475574263597	16.736710005232464	NA	NA	17.032477169094896	17.118329334414856
P02533	10	KRT14	1.0	sp|P02533|K1C14_HUMAN	P02533	K1C14_HUMAN	Keratin, type I cytoskeletal 14	Homo sapiens		26.980869547898767	27.080756074475993	27.599611253778672	27.60948556055203	27.01172390719338	27.87646357695997	26.792232232510294	27.166590138275783	26.566852127661853	26.641856452037622	26.16295749726837	27.592128711391226	27.3470760894316	26.774971872831294	24.701845500585215	27.376864338013657	27.373422511064295
P02538	16	KRT6A	0.9999	sp|P02538|K2C6A_HUMAN	P02538	K2C6A_HUMAN	Keratin, type II cytoskeletal 6A	Homo sapiens		25.788038699725963	25.214094817715456	26.76433515812081	26.679090110994924	25.972164756227123	26.634051840477426	25.668351904474697	25.66060999600343	24.65966733590539	25.144289366910233	24.67305410976458	26.816575446943677	25.7041102783018	24.8396593159221	24.681432011948502	26.22548648089106	26.2893762632555
P02549	18	SPTA1	1.0	sp|P02549|SPTA1_HUMAN	P02549	SPTA1_HUMAN	Spectrin alpha chain, erythrocytic 1	Homo sapiens		22.328122692000857	21.326526222838446	22.105640060079647	23.8384935726013	21.722041595380087	22.79690298274652	22.382098331483036	21.99172145937529	21.518794997799667	23.150291567633214	22.640504296163773	21.624211907865952	21.40755519230904	22.927796418832486	NA	22.163092545536855	22.403993439694265
P02647	24	APOA1	1.0	sp|P02647|APOA1_HUMAN	P02647	APOA1_HUMAN	Apolipoprotein A-I	Homo sapiens		28.564671782851807	29.02322930209852	27.94873714570053	28.864898375263945	28.572433677722017	28.774441520853618	28.57611763924071	28.661719149275406	29.314482057993786	28.815211687749876	28.725951362320615	28.99382438876807	29.35286752991164	NA	27.928857316618767	28.563739938791684	28.51913414253096
P02649	23	APOE	1.0	sp|P02649|APOE_HUMAN	P02649	APOE_HUMAN	Apolipoprotein E	Homo sapiens		30.974782766030152	31.487292924871085	29.994697999309153	30.765439525967068	31.01111389038994	30.852131480848158	31.584650799662057	31.39848725951804	31.074200205565447	31.686780024278942	30.713277555861538	31.245948788739074	31.398795628189454	NA	30.218852952145127	31.043748981004512	30.993669043841535
P02652	9	APOA2	1.0	sp|P02652|APOA2_HUMAN	P02652	APOA2_HUMAN	Apolipoprotein A-II	Homo sapiens		28.980048966451715	29.393814970499733	28.066237886861092	29.094308806260628	29.03937123015726	29.386769369850374	29.375749331092706	29.269812195498584	29.39194451780903	29.264023172506064	28.95198790314511	29.20755512455874	29.664861764929626	NA	NA	29.00152775762737	29.041779841123972
P02654	6	APOC1	0.9973	sp|P02654|APOC1_HUMAN	P02654	APOC1_HUMAN	Apolipoprotein C-I	Homo sapiens		30.211681772643022	30.806541535742898	29.532385385911027	29.580132934304885	30.585714817750592	29.699823529184325	30.449302534038704	30.504963561069292	30.678949074761128	30.971759486388702	30.159849128628135	30.442170400885917	30.43944953844916	NA	NA	30.227787381331048	30.382204450959588
P02655	5	APOC2	0.9995	sp|P02655|APOC2_HUMAN	P02655	APOC2_HUMAN	Apolipoprotein C-II	Homo sapiens		30.207493019498155	31.49620729215389	29.42227203726282	29.615312259644725	30.919204399357227	29.237983619980874	30.715541660711683	30.791911132315153	29.965018330668467	30.213254981991316	30.156704771840435	30.50910698891879	29.981670169323472	NA	NA	30.4500453613373	30.353616253500668
P02656	13	APOC3	1.0	sp|P02656|APOC3_HUMAN	P02656	APOC3_HUMAN	Apolipoprotein C-III	Homo sapiens		30.319237174052493	31.477544813456838	29.429565836450966	29.615892744305974	30.82187631616447	29.65210445323707	30.816127997640574	31.108813419556046	30.70808187572977	30.269226522858332	30.18999374039698	30.792298816082628	30.38218574653721	30.170581147411472	29.634508025904513	30.364647035353983	30.451189567072703
P02671	8	FGA	0.9968	sp|P02671|FIBA_HUMAN	P02671	FIBA_HUMAN	Fibrinogen alpha chain	Homo sapiens		30.031495079735606	30.52942073588289	29.491401346900915	29.819186566607936	29.766008219323606	29.92842665247437	29.592203678979814	30.520881654204707	30.44508756606251	30.186284439564847	29.865543732756986	30.860325602095276	30.40773433261957	NA	NA	30.367561808580415	29.82747544336168
P02675	24	FGB	1.0	sp|P02675|FIBB_HUMAN	P02675	FIBB_HUMAN	Fibrinogen beta chain	Homo sapiens		29.9020842187773	30.005609342636703	29.66601774857172	29.92859032407093	30.13319752463664	29.830252744953974	29.465453338928715	30.52724164319161	29.88683606799471	30.3248148777985	29.35676092927714	31.045317694345826	30.11425918304682	32.2908388982156	27.8081489298577	30.065744485957783	29.92748135420951
P02679	26	FGG	1.0	sp|P02679|FIBG_HUMAN	P02679	FIBG_HUMAN	Fibrinogen gamma chain	Homo sapiens		30.885185160935173	31.031596765495365	30.724277807935337	30.91446592318819	31.026530087499935	30.926275651877734	30.60554706732763	31.57448111880829	30.843256354381843	31.250525618369366	30.53290617791728	32.05622476723858	31.028226987764427	31.332146514030946	30.68509490159413	30.96389146688947	31.051228220520496
P02730	6	SLC4A1	0.9999	sp|P02730|B3AT_HUMAN	P02730	B3AT_HUMAN	Band 3 anion transport protein	Homo sapiens		24.446883664662327	23.69433567709102	23.894138631121102	26.019286352082666	23.52823948867914	25.25640247986995	24.598995707400185	24.236612978553822	22.78654181883622	25.366489157073456	24.984599807728525	23.29627468143077	23.881335342368935	NA	NA	24.293146474383914	24.324929785071024
P02741	5	CRP	0.9999	sp|P02741|CRP_HUMAN	P02741	CRP_HUMAN	C-reactive protein	Homo sapiens		28.267304020019584	28.092511674919077	26.563935167865097	24.776609643567145	24.9566285290982	NA	23.96831017831375	27.42512808826837	NA	30.232620839391277	26.95892205462443	29.13249203655682	NA	NA	26.473531522761323	27.34500642067515	26.979574057972496
P02743	8	APCS	1.0	sp|P02743|SAMP_HUMAN	P02743	SAMP_HUMAN	Serum amyloid P-component	Homo sapiens		29.583913255172867	30.368855872038022	29.08216784713391	29.552363855608025	29.569764306455916	29.61378750483766	29.606520937460417	30.530725113183	29.619461028710777	29.69671194565907	29.595008549406977	30.413116159811096	29.605027158971097	NA	28.643886933077468	29.7078411207094	29.67022382317989
P02745	2	C1QA	1.0	sp|P02745|C1QA_HUMAN	P02745	C1QA_HUMAN	Complement C1q subcomponent subunit A	Homo sapiens		21.684583583326074	22.61823510735942	21.293726062238292	21.966917338439895	20.95264746593395	21.396766284086308	21.85629232059209	21.826051117434403	22.307190969277123	21.87273515600882	22.099823398482275	22.19702314723642	21.83628064121858	NA	NA	22.126051161585277	21.610748915637828
P02746	9	C1QB	1.0	sp|P02746|C1QB_HUMAN	P02746	C1QB_HUMAN	Complement C1q subcomponent subunit B	Homo sapiens		26.20001038468037	26.69864283008818	25.810238114279993	26.416016064080054	25.898093270701732	26.18321161734936	26.11000479448274	26.70187634089252	26.781780646719465	26.23151204593353	26.253063736121977	26.788875272793923	26.65923174040466	26.134776281416073	25.513487145783046	26.444556299884994	26.515987518158102
P02747	8	C1QC	0.9999	sp|P02747|C1QC_HUMAN	P02747	C1QC_HUMAN	Complement C1q subcomponent subunit C	Homo sapiens		28.198589195955854	28.80373349465204	27.789701133059406	28.450320385280065	27.85018328879531	28.38460042975381	28.137736283006827	28.754820517540754	28.743347429255323	28.341741713387563	28.250431979688116	28.491236141364375	28.523208003068316	NA	29.857905253131747	28.38442820494726	28.29044459939606
P02748	26	C9	1.0	sp|P02748|CO9_HUMAN	P02748	CO9_HUMAN	Complement component C9	Homo sapiens		29.427681768136498	30.28235760374866	29.02533490613329	29.304744863307576	29.047968262444584	29.559172661853733	28.28316788893237	30.05194323696274	29.287974175918567	30.203028283958187	29.10614619325904	30.284435437096054	29.930033442235473	30.402186688733032	28.519693137570336	29.4681127983775	29.459529987039822
P02749	20	APOH	1.0	sp|P02749|APOH_HUMAN	P02749	APOH_HUMAN	Beta-2-glycoprotein 1	Homo sapiens		25.572665420302112	26.273913582471266	25.139315483575942	25.55524344137827	25.755846186563176	24.851184296029587	25.59676413399633	26.28716768121242	25.9814656829293	25.92109792010921	25.410595178190103	25.663319916316055	25.9294782980418	26.336202191482535	NA	25.60952974554157	25.648880152631424
P02750	15	LRG1	1.0	sp|P02750|A2GL_HUMAN	P02750	A2GL_HUMAN	Leucine-rich alpha-2-glycoprotein	Homo sapiens		28.416008870713974	28.53594920564806	28.1704104523526	28.176506225124708	27.343456179182326	28.040566599709127	27.013035666252154	28.62447349708559	28.23875025922081	29.679833951747362	28.05455394327421	29.72097788134073	28.624238090581674	NA	29.139359392939202	28.260798120486946	28.522626681487367
P02751	32	FN1	1.0	sp|P02751|FINC_HUMAN	P02751	FINC_HUMAN	Fibronectin	Homo sapiens		30.55414965144007	30.15821974479219	30.527310557457643	30.407839870219583	31.41266596212774	29.91273705381412	31.764422734405603	31.267473394730693	30.739473785209043	30.196081837454827	29.49013019313923	30.750009252515962	30.219078704304934	NA	NA	30.374003577353054	30.439100323769715
P02753	17	RBP4	1.0	sp|P02753|RET4_HUMAN	P02753	RET4_HUMAN	Retinol-binding protein 4	Homo sapiens		30.339247725281002	31.111774965105226	29.678567032098233	30.272446876550106	30.535798104026686	29.991555438429103	30.468245430856733	30.81462608961082	30.603838175384087	30.351051216437988	30.249143393524022	31.478321277969222	30.839770691600194	NA	31.240945096146582	30.287955041818403	30.287510509763113
P02760	16	AMBP	1.0	sp|P02760|AMBP_HUMAN	P02760	AMBP_HUMAN	Protein AMBP	Homo sapiens		30.281578709898707	31.043129161724988	29.50369692657934	30.146272876241362	30.224855679424188	30.23560864805123	29.971448298494934	30.720088042975565	30.604460887801682	30.345523152157387	29.628972991488734	31.988914393710466	30.44598002785059	30.170644710944128	30.330899193421445	30.260259617606245	30.246418256376153
P02763	26	ORM1	1.0	sp|P02763|A1AG1_HUMAN	P02763	A1AG1_HUMAN	Alpha-1-acid glycoprotein 1	Homo sapiens		29.828151234642444	30.270207435313022	29.832526151257664	29.32401267209924	29.316202760099134	29.952428855014418	29.539050168653834	30.214707317927907	30.1381073607349	30.334760533338024	29.78494839170372	30.88227821229898	29.99569618833978	30.12654679350577	29.22598859949299	29.882683884061134	29.861401691179758
P02765	18	AHSG	1.0	sp|P02765|FETUA_HUMAN	P02765	FETUA_HUMAN	Alpha-2-HS-glycoprotein	Homo sapiens		25.163549358946966	25.67172068017254	24.690527426730426	25.20305802142131	25.219531705835536	25.830349186596145	24.716450002718027	25.525768212698722	25.63436443298494	25.341114060939258	24.935417649140874	25.60361245804956	25.847847886068465	NA	28.020860314624247	25.264480415390146	25.249059555613876
P02766	14	TTR	1.0	sp|P02766|TTHY_HUMAN	P02766	TTHY_HUMAN	Transthyretin	Homo sapiens		27.909624691091437	28.608100003675318	27.436472111323674	28.011305390053128	27.602879082012375	27.76394964678422	28.346717506376468	28.410179863210423	28.350597562675038	28.001626728150434	27.91975569351061	28.608656087147555	28.220010988935346	NA	NA	27.941750916653344	28.06882352589031
P02768	32	ALB	1.0	sp|P02768|ALBU_HUMAN	P02768	ALBU_HUMAN	Albumin	Homo sapiens		30.950429575282076	31.53301504911499	30.401696858694702	31.266416970404578	30.993456134727744	31.183775725499064	31.11978863965757	31.086079975207845	31.510536497973806	31.19997745596069	31.031855155846742	31.070552030126656	31.50025363419006	30.963853694808734	NA	30.97949446363186	31.0406744276096
P02774	25	GC	1.0	sp|P02774|VTDB_HUMAN	P02774	VTDB_HUMAN	Vitamin D-binding protein	Homo sapiens		31.43797443922207	31.970606418150396	30.941126181182717	31.625112279309594	31.466079312839245	31.75513646015313	31.327750262768596	31.671710124828913	32.11641688329011	31.87249886853448	31.349555900121622	31.819619279286037	31.977451639638215	NA	31.589606050510504	31.49751251529114	31.364162586224158
P02775	3	PPBP	1.0	sp|P02775|CXCL7_HUMAN	P02775	CXCL7_HUMAN	Platelet basic protein	Homo sapiens		27.723394172162838	27.363119882519253	29.33197539643797	26.957842766870872	27.64337354863331	24.7345940757763	27.95857959798187	28.248107411330512	27.711397470387016	25.93399213462288	27.699992794291198	25.72894785302261	27.26098361723848	NA	NA	27.84381398128369	27.957617048763417
P02776	2	PF4	0.9987	sp|P02776|PLF4_HUMAN	P02776	PLF4_HUMAN	Platelet factor 4	Homo sapiens		22.52505305859243	22.121005441759127	24.437022662803784	21.280563618666424	23.245999201477023	19.94006724654107	23.167371735982048	22.84968445736875	22.635193807512664	20.365443555574377	22.795492049188635	20.711698041065826	21.90197992395168	21.490080608773756	NA	23.107921467062702	23.00570512646476
P02786	11	TFRC	1.0	sp|P02786|TFR1_HUMAN	P02786	TFR1_HUMAN	Transferrin receptor protein 1	Homo sapiens		24.942158840530706	25.741681448565604	24.314732250417034	24.470130789440216	25.034616266659754	25.544715030251822	24.53983793112394	25.32258695440563	25.215783503088407	25.515741124341446	25.22751012689835	25.290073152930447	24.733767145274076	NA	24.943192198812064	25.166193693261867	25.050408051796644
P02787	20	TF	1.0	sp|P02787|TRFE_HUMAN	P02787	TRFE_HUMAN	Serotransferrin	Homo sapiens		30.916427181669587	31.44148681438995	30.414943726166882	31.26451996638895	30.70463712676309	31.474549347881265	30.924214142791623	30.807830560523513	31.477658120402282	31.445128109575933	30.758814447956613	31.14370384072787	31.692107467388716	NA	30.986994786789204	30.972090276360884	30.835809022746975
P02788	13	LTF	1.0	sp|P02788|TRFL_HUMAN	P02788	TRFL_HUMAN	Lactotransferrin	Homo sapiens		24.13348867102494	23.41117593145627	21.930756848724254	24.1715304818372	23.390285377936223	23.41875702104033	23.929717775731856	24.39420231363807	23.98363463052944	26.14901146012639	23.637006661913745	23.77813705163331	23.158065935483194	NA	23.19743889187067	23.557504440842475	23.558373515513836
P02790	17	HPX	1.0	sp|P02790|HEMO_HUMAN	P02790	HEMO_HUMAN	Hemopexin	Homo sapiens		30.313671137618904	30.82343219126858	29.665146020754083	30.49259519323376	30.20097970901409	30.571172466592532	30.078791562697816	30.646488278565577	30.721015112587708	30.80737817649849	30.187889718367728	31.099670700603664	30.90572210837057	NA	29.806541682723587	30.276533104328525	30.24307241334072
P02792	4	FTL	1.0	sp|P02792|FRIL_HUMAN	P02792	FRIL_HUMAN	Ferritin light chain	Homo sapiens		20.984673165168733	21.282246627814345	20.805866136813613	22.40304591201253	20.53617548042528	21.834140335635148	22.080824305269438	20.868233011789144	20.289485244992782	20.893692828442866	20.77360194275868	19.690727028383343	20.797365835622113	NA	22.31770985032532	21.09078497263476	21.074267103291156
P02794	3	FTH1	0.9993	sp|P02794|FRIH_HUMAN	P02794	FRIH_HUMAN	Ferritin heavy chain	Homo sapiens		20.08476971595919	19.740541428881343	20.94928762352809	21.23106595852569	19.739433386754165	19.721985420060133	20.569053674432897	19.695863196501683	19.095373212701123	19.298824328890557	20.83739549494627	NA	NA	NA	NA	20.02806907491002	20.136949757678543
P03950	1	ANG	0.999	sp|P03950|ANGI_HUMAN	P03950	ANGI_HUMAN	Angiogenin	Homo sapiens		21.918504110673368	22.85747721962836	21.716064924509293	20.730289362012527	21.75643834733253	21.76668203891536	21.332882984420667	22.345449878638647	22.113433486929125	22.42613481163217	21.661243434158386	23.450609244125893	21.84646229330293	NA	NA	22.029532844565587	21.4188228748645
P03951	14	F11	1.0	sp|P03951|FA11_HUMAN	P03951	FA11_HUMAN	Coagulation factor XI	Homo sapiens		26.341992702340796	26.910413366292413	25.951712205966988	26.196882557943308	26.493363809040442	26.25610300640291	26.17077910212988	26.615018788433723	26.821525315190172	26.763149289585574	26.417865530480114	27.08556903661084	26.597794393121326	NA	NA	26.310834855612725	26.351358062739425
P03952	18	KLKB1	1.0	sp|P03952|KLKB1_HUMAN	P03952	KLKB1_HUMAN	Plasma kallikrein	Homo sapiens		29.03025370381751	29.53626191228711	28.555428389095482	29.088333320013664	29.376383677550724	29.57312176142536	29.078654295527837	29.54349921971657	29.474352160576466	29.284333774160135	29.044303965549794	29.17222224356558	29.079757083353382	28.884099828942762	NA	29.15448505663344	29.11814546389274
P04003	29	C4BPA	1.0	sp|P04003|C4BPA_HUMAN	P04003	C4BPA_HUMAN	C4b-binding protein alpha chain	Homo sapiens		31.13015260533609	31.749676979076387	30.413654184126795	31.05989666352743	31.16706997177153	31.110478316915632	31.07984019805827	31.865098820231466	31.228509614306027	31.64404833883615	30.92644720351732	31.96449035976672	31.54014950795636	32.520968607647276	30.557195244714666	31.131435409242467	31.098584787965457
P04004	24	VTN	1.0	sp|P04004|VTNC_HUMAN	P04004	VTNC_HUMAN	Vitronectin	Homo sapiens		29.026853674353365	29.620655104733984	28.50829368963102	29.19933672217355	29.0883130863324	28.971593786173948	29.065709132661155	29.31949812329818	29.460104968824446	29.40532070246536	29.164987513320668	29.46866777214302	29.638759311719443	29.953891029365508	29.304380678407558	29.16979874124655	29.176055496795854
P04040	4	CAT	1.0	sp|P04040|CATA_HUMAN	P04040	CATA_HUMAN	Catalase	Homo sapiens		22.667629038807892	22.129043278070995	21.8921107167054	24.06980217819281	21.735985392768683	23.35866639400721	22.408091273725027	22.931613798102884	21.809159948704515	23.85181324107285	22.74206828025602	22.285234125624072	22.26589046453049	NA	NA	22.354042832530418	22.625930287893645
P04066	2	FUCA1	0.9949	sp|P04066|FUCO_HUMAN	P04066	FUCO_HUMAN	Tissue alpha-L-fucosidase	Homo sapiens		21.775855717736135	18.958219714049374	20.880452623956273	22.46618089430871	21.606757757052772	19.913351051690253	22.40776142680082	21.638514280908993	21.528136247432826	22.473286218367427	21.13644678996228	23.08973392533135	22.88844581645401	NA	NA	22.254926443991895	21.751283857605802
P04070	4	PROC	1.0	sp|P04070|PROC_HUMAN	P04070	PROC_HUMAN	Vitamin K-dependent protein C	Homo sapiens		24.870452022811076	25.289467596365967	24.069184454975044	24.845255804184987	25.119969952935495	24.306796765670835	24.916836528027904	25.19923892206362	25.399537580328957	25.371973858936386	24.48279356357857	25.691311788954536	25.626620666726396	NA	NA	24.753527665050687	24.883322516901647
P04075	9	ALDOA	0.9999	sp|P04075|ALDOA_HUMAN	P04075	ALDOA_HUMAN	Fructose-bisphosphate aldolase A	Homo sapiens		25.44744301607397	25.053534396274024	27.103515133796787	24.43372443810168	25.554371354041226	25.72236051150807	26.044786500357112	25.35386172553992	24.48485344586736	24.880839934889572	26.074688280975884	24.176441173862152	24.044489031801678	NA	NA	25.657145871739793	25.60108011467135
P04080	1	CSTB	0.9973	sp|P04080|CYTB_HUMAN	P04080	CYTB_HUMAN	Cystatin-B	Homo sapiens		19.004273575229142	18.87264037471838	19.26412386316482	19.341485074194587	18.57001981556323	19.040654358495523	18.122758534162884	19.923660714554547	19.318944317058428	19.5636799934902	19.43305207252017	19.732924325101195	18.51978839590444	NA	NA	18.44813477520266	18.682917920022735
P04083	2	ANXA1	0.9996	sp|P04083|ANXA1_HUMAN	P04083	ANXA1_HUMAN	Annexin A1	Homo sapiens		19.723178763856858	17.90241442517815	18.006699204975668	18.57163375491239	18.573703731374295	18.716749183609995	20.60274115829681	21.143953210538836	20.002496515385502	18.68070866052141	NA	18.270639637669266	18.063044720436437	NA	NA	19.49673956280678	19.89004673240804
P04114	33	APOB	0.9999	sp|P04114|APOB_HUMAN	P04114	APOB_HUMAN	Apolipoprotein B-100	Homo sapiens		29.648405013233763	30.29187295307374	29.052930579748395	29.76289156235572	30.305448203064834	28.971131760514783	30.12730798589147	29.87614909264944	30.39600723241026	29.416173780783275	29.908136483527404	30.060232482732545	29.5518339412026	30.97316672126663	29.613935327923468	29.82458630194702	29.925337736543426
P04180	7	LCAT	1.0	sp|P04180|LCAT_HUMAN	P04180	LCAT_HUMAN	Phosphatidylcholine-sterol acyltransferase	Homo sapiens		26.643171985006024	27.116296908986747	25.88461072861897	26.894180109559294	26.78151259575237	26.654099677205775	26.947153165408107	26.664568295616572	26.96340002863416	26.539719138052316	26.0635460942035	27.464460298468204	26.621283196762985	NA	NA	26.75061192139815	26.638022067072114
P04196	17	HRG	1.0	sp|P04196|HRG_HUMAN	P04196	HRG_HUMAN	Histidine-rich glycoprotein	Homo sapiens		29.664146854443064	30.389878485777754	29.02256077254462	29.350830979085043	29.582830515775996	28.814472392526014	29.962312356212436	30.106143912231612	30.19016062536859	30.15647618063325	29.69713769849734	30.406340231793376	30.28432432807238	30.036950070473132	NA	29.785318057347933	29.79241786830829
P04211	1	IGLV7-43	0.9797	sp|P04211|LV743_HUMAN	P04211	LV743_HUMAN	Immunoglobulin lambda variable 7-43	Homo sapiens		24.46599805761826	26.08986029973305	23.410265334482	24.62084004678449	23.117529876845765	26.869390294567488	24.362585169552965	24.199392500937858	23.70436084783675	23.9186743357234	23.92055961348799	23.16104377620195	24.14356138477121	NA	NA	24.171459350522685	24.221109612089798
P04217	21	A1BG	1.0	sp|P04217|A1BG_HUMAN	P04217	A1BG_HUMAN	Alpha-1B-glycoprotein	Homo sapiens		30.427751235469096	30.805666489143988	30.096053947003377	30.595299293637694	30.605425112456313	30.843730511519126	30.214305828578198	30.749271744344593	30.422332177184522	30.9664880854129	30.08977525863699	30.718552169846273	30.910346940147935	30.348172605587642	30.939270443635014	30.525516456649505	30.530252381160302
P04264	35	KRT1	1.0	sp|P04264|K2C1_HUMAN	P04264	K2C1_HUMAN	Keratin, type II cytoskeletal 1	Homo sapiens		30.357480665409515	30.335149503047102	30.61206554997209	30.8136633560932	29.783128443901997	31.648782010561785	29.93686428356297	30.36920359884477	30.390126612944684	30.046319248240824	29.718245271009817	30.758290784498204	30.975855215912702	29.60401550591545	NA	30.656985693859934	30.77729186411301
P04275	32	VWF	1.0	sp|P04275|VWF_HUMAN	P04275	VWF_HUMAN	von Willebrand factor	Homo sapiens		26.98047108512458	26.203940341875928	27.652153895356488	26.541597745771337	27.380515408753606	27.63219104527736	26.83890513340357	27.020367739142237	26.03254861809424	28.10465591340097	26.045228051111337	26.865465991425282	25.269453725672133	NA	NA	26.4378622723813	26.42609978208231
P04278	7	SHBG	1.0	sp|P04278|SHBG_HUMAN	P04278	SHBG_HUMAN	Sex hormone-binding globulin	Homo sapiens		24.04652630398891	24.43784559011954	23.027984069012966	24.867105644505834	23.653780498862332	24.842217973858858	23.363083712506516	24.554011356784493	24.77007868485217	24.72704178145941	23.22943734490473	23.837555752743956	24.54535520378081	NA	23.690133242656284	23.791843772448964	23.826275342264953
P04350	3	TUBB4A	1.0	sp|P04350|TBB4A_HUMAN	P04350	TBB4A_HUMAN	Tubulin beta-4A chain	Homo sapiens		22.100627517963204	20.31556799844883	24.091636549298475	NA	22.092769363267667	NA	22.406257339107135	21.020199124097942	18.981494567827884	NA	21.983534380412415	NA	NA	NA	NA	21.565521869133132	21.546473225307075
P04406	7	GAPDH	1.0	sp|P04406|G3P_HUMAN	P04406	G3P_HUMAN	Glyceraldehyde-3-phosphate dehydrogenase	Homo sapiens		23.647339639697528	23.145291251994752	25.490117935581658	23.26758039779258	23.57064947278324	23.29834357264375	24.301714898715353	24.090763654023544	22.608360101662505	22.79205560051706	24.337146918252134	21.75642159905075	22.226150118954312	22.58811152611695	NA	23.973942271886582	23.583676686070607
P04433	4	IGKV3-11	0.999	sp|P04433|KV311_HUMAN	P04433	KV311_HUMAN	Immunoglobulin kappa variable 3-11	Homo sapiens		28.97168535478554	29.01064202709424	29.229666337996928	29.39506493955466	29.518167356965435	29.020245417392108	29.00189203768162	29.318959025069383	29.188562793927055	29.221582807595272	28.848686764118153	29.135281744003724	28.29228448786992	NA	29.712160856416606	29.19336023936166	29.129285933957547
P04439	1	HLA-A	0.9633	sp|P04439|HLAA_HUMAN	P04439	HLAA_HUMAN	HLA class I histocompatibility antigen, A alpha chain	Homo sapiens		21.630797213025065	NA	22.858168593290298	20.29989224442685	21.946263676618322	19.686804437707384	22.78886479078752	20.223129761496406	20.297945162429507	18.91186806585883	22.205361409986704	20.422880832121713	23.847594250462436	NA	NA	22.181837693737442	21.99775248482496
P04632	1	CAPNS1	0.9588	sp|P04632|CPNS1_HUMAN	P04632	CPNS1_HUMAN	Calpain small subunit 1	Homo sapiens		21.675931541944223	21.042864671474646	23.91480392250051	20.800949793343232	21.76529770331599	21.01249542876818	22.215990968349512	21.380774301255176	20.635474019677943	20.85036027005531	22.487482777860542	21.373415291131664	20.647271725657173	21.51274658131447	NA	21.90217211787794	21.925441520917634
P04746	3	AMY2A	1.0	sp|P04746|AMYP_HUMAN	P04746	AMYP_HUMAN	Pancreatic alpha-amylase	Homo sapiens		21.567667481663154	22.151127422793422	21.26485656513509	21.47496956257652	20.412298342227057	21.329595193756436	21.269711069432237	22.12145899424632	21.974911983618153	21.933973202826852	21.776367292211837	22.65830270449985	22.034220254065673	NA	NA	21.912836037612486	21.897396773840796
P04792	3	HSPB1	0.9999	sp|P04792|HSPB1_HUMAN	P04792	HSPB1_HUMAN	Heat shock protein beta-1	Homo sapiens		21.653168196536868	20.420246004642667	23.863944071833988	20.111291366923336	21.179764719125295	20.383000730964774	22.261194815738044	20.569153598021202	18.801144122949797	19.320803101243456	22.49342246432404	20.13410920438881	NA	NA	NA	21.797263575453307	21.88075122076295
P04844	1	RPN2	0.9749	sp|P04844|RPN2_HUMAN	P04844	RPN2_HUMAN	Dolichyl-diphosphooligosaccharide--protein glycosyltransferase subunit 2	Homo sapiens		19.38290461478622	17.733745227578876	21.56256465637556	NA	19.54727610057604	NA	19.9209139816294	17.409042828658915	16.996161220854926	16.605084232695415	19.3925225595761	NA	NA	NA	NA	18.585577972913203	18.808095633685962
P04899	1	GNAI2	0.9971	sp|P04899|GNAI2_HUMAN	P04899	GNAI2_HUMAN	Guanine nucleotide-binding protein G(i) subunit alpha-2	Homo sapiens		18.64585746794895	17.786919692488823	20.821871552306032	16.715725101515524	18.872391337411635	17.22118643196027	19.193300613225777	18.4810240197555	NA	16.10602528896322	18.7987920955725	17.05924691781488	NA	NA	NA	18.15006191767166	18.83004641438371
P05019	1	IGF1	0.9999	sp|P05019|IGF1_HUMAN	P05019	IGF1_HUMAN	Insulin-like growth factor 1	Homo sapiens		21.799412519390916	21.6284104512695	21.5265858697936	22.510237894695738	21.41153120871037	21.871653155248442	21.65670684164839	22.34575417460976	22.304791094548243	22.64040922580513	21.395817867170667	22.042465944052054	21.332656752118176	NA	NA	21.74140857683277	21.872146193627678
P05062	4	ALDOB	1.0	sp|P05062|ALDOB_HUMAN	P05062	ALDOB_HUMAN	Fructose-bisphosphate aldolase B	Homo sapiens		24.089165545345697	24.229822214217684	22.199610328943212	26.116916601023675	23.368527047894005	23.988988656452015	24.141619450865765	23.131119162380998	23.176159804899356	25.248614450853356	23.80614920992115	23.503514220699127	23.65545043495134	NA	NA	24.195084548335032	24.236057114191134
P05067	2	APP	0.9994	sp|P05067|A4_HUMAN	P05067	A4_HUMAN	Amyloid-beta precursor protein	Homo sapiens		22.45026136744793	22.08820860758689	23.43192556069466	NA	22.385758858358518	NA	NA	22.053660558871275	22.01684748137686	20.751936983760828	NA	NA	NA	NA	NA	22.396201708350887	22.293404446272465
P05090	6	APOD	1.0	sp|P05090|APOD_HUMAN	P05090	APOD_HUMAN	Apolipoprotein D	Homo sapiens		28.4711791081604	28.649787911092158	27.9429252469498	29.076775706320678	27.919111756386304	29.259567570784807	28.445270745073685	28.133877417472824	29.30773016604839	28.915602745054098	28.081127422986413	29.230731847859733	28.915044875320127	NA	NA	28.505291543604564	28.558661429394647
P05106	16	ITGB3	1.0	sp|P05106|ITB3_HUMAN	P05106	ITB3_HUMAN	Integrin beta-3	Homo sapiens		26.1806624055723	24.57838999651093	28.201347780054476	22.612943551503196	26.30517677274948	22.858738164882784	26.529736937461585	24.535674509321492	24.281791797693984	21.83115298228494	26.10439211443399	23.48522545570567	NA	24.1223539557283	25.858532275533346	25.713238232230218	25.70107934950533
P05107	2	ITGB2	0.9991	sp|P05107|ITB2_HUMAN	P05107	ITB2_HUMAN	Integrin beta-2	Homo sapiens		18.518349368265124	18.97425254944594	18.126925291036173	17.74548970029583	18.697304708065026	17.248258791506053	19.122312065752915	18.831523827825077	19.44725213350509	19.073858201676483	17.293871426022896	18.573190837401643	19.003792995988043	NA	NA	18.894821454576494	18.97500123411032
P05109	3	S100A8	0.9995	sp|P05109|S10A8_HUMAN	P05109	S10A8_HUMAN	Protein S100-A8	Homo sapiens		27.241218004354916	25.31309707254631	25.31751530073383	25.3832811940796	26.40710365529706	26.29684147558257	28.600487166189232	29.33187338172633	27.707785727112334	26.622888969383975	25.540935614637895	25.99773966445239	25.310279228129207	NA	NA	27.119680975172997	27.666919275904373
P05121	3	SERPINE1	0.9971	sp|P05121|PAI1_HUMAN	P05121	PAI1_HUMAN	Plasminogen activator inhibitor 1	Homo sapiens		21.081010281931256	20.661665974430615	21.894749804712912	19.885247787661754	21.324441798215798	21.81672069157514	21.334781803234847	21.395411634883896	20.025734151774092	20.98089748600907	21.489712051833077	20.29958049456352	21.1439118226536	NA	NA	21.47342394037138	21.281664869976773
P05141	3	SLC25A5	0.9818	sp|P05141|ADT2_HUMAN	P05141	ADT2_HUMAN	ADP/ATP translocase 2	Homo sapiens		24.296066584183247	22.64699028433545	26.32105586660428	NA	24.322909240585613	NA	24.794828861128483	23.362237879187333	23.15170116725719	21.275110619609798	24.301907945540663	23.197137160349268	22.159253213263046	25.452035347572227	NA	23.90880537000658	23.540383897283046
P05154	8	SERPINA5	1.0	sp|P05154|IPSP_HUMAN	P05154	IPSP_HUMAN	Plasma serine protease inhibitor	Homo sapiens		26.84050247342235	27.88573418778296	26.29795390662509	27.16558158554634	27.279565831579255	26.40869428279377	27.20241064503471	26.93876978681664	27.290523449625027	26.19399227813586	27.13032477012067	27.640862430330234	27.445885560785957	NA	27.784021986849027	27.210294329947356	27.18779899151288
P05155	25	SERPING1	1.0	sp|P05155|IC1_HUMAN	P05155	IC1_HUMAN	Plasma protease C1 inhibitor	Homo sapiens		30.006266886899674	30.717860481282205	29.49705204954095	30.160425051465936	29.74305821703397	30.33768882399638	29.62203546419882	30.217351704921995	30.19197158406182	30.641520473763848	29.6630243446009	30.69288486591899	30.5620684134975	NA	28.68583154124745	30.123210818098844	30.14224908353473
P05156	17	CFI	1.0	sp|P05156|CFAI_HUMAN	P05156	CFAI_HUMAN	Complement factor I	Homo sapiens		29.70514007107474	30.383120166321305	29.19663003625768	29.791029600790683	29.94335121533321	29.489356415847332	29.65566685411751	29.972665555890057	30.029214128471015	30.043029649049576	29.571670265095655	30.420701555678328	30.25821402383386	NA	29.801080300103212	29.873971688849704	29.830413074151743
P05160	19	F13B	1.0	sp|P05160|F13B_HUMAN	P05160	F13B_HUMAN	Coagulation factor XIII B chain	Homo sapiens		26.819744523190344	27.21274736118534	26.963432682361415	27.071634490545062	26.87689598850316	26.63757872197341	26.808114848349124	27.410129553554793	27.369365498777814	26.760525260065894	26.539705478729633	27.620007894241066	26.751751904240972	26.62959783926827	26.36853071990338	27.00116490230683	26.818187553867638
P05161	1	ISG15	0.9845	sp|P05161|ISG15_HUMAN	P05161	ISG15_HUMAN	Ubiquitin-like protein ISG15	Homo sapiens		17.52392255412032	15.701810577031235	18.473506157989654	19.649769316386433	NA	18.681093341001247	16.23769143359507	17.210192129004398	16.881487339133827	16.434480554587573	17.234103604503364	NA	16.89703068702584	NA	NA	17.098662236193533	17.179336280932976
P05198	1	EIF2S1	0.9909	sp|P05198|IF2A_HUMAN	P05198	IF2A_HUMAN	Eukaryotic translation initiation factor 2 subunit 1	Homo sapiens		19.57683844598783	19.11165701314153	20.37443998142768	NA	19.714154661106907	NA	NA	18.527310214687237	NA	NA	19.984958356256957	NA	NA	NA	NA	19.864796593428693	NA
P05362	4	ICAM1	1.0	sp|P05362|ICAM1_HUMAN	P05362	ICAM1_HUMAN	Intercellular adhesion molecule 1	Homo sapiens		22.117286279111806	22.24336801128618	21.47193728896026	22.59416299220109	21.62814188967414	22.800343635023772	21.476075794013916	22.383433095540543	22.14580188913048	23.0774206129269	21.813694199616236	22.113418660572584	22.618269118577487	NA	20.882854528039932	21.856945513960284	22.402816333504358
P05452	5	CLEC3B	1.0	sp|P05452|TETN_HUMAN	P05452	TETN_HUMAN	Tetranectin	Homo sapiens		26.85728438534789	27.300698551693348	26.233749162771442	26.874481310159887	27.088010027002966	27.19198412006117	27.08208841274413	27.089342831158866	27.790020546219225	27.080448399710004	26.73979325255354	26.831077545994308	27.136752801470866	NA	NA	26.93494527034537	26.830799245649285
P05496	1	ATP5MC1	0.9901	sp|P05496|AT5G1_HUMAN	P05496	AT5G1_HUMAN	ATP synthase F(0) complex subunit C1, mitochondrial	Homo sapiens	sp|P48201|AT5G3_HUMAN, sp|Q06055|AT5G2_HUMAN	23.614227741290165	21.678246901068164	26.017639183605514	20.29712559096885	24.371680358255034	21.0642197242636	24.666614677540142	22.17085542879463	21.89810638927436	18.964764600602063	23.673568464189962	NA	22.043675997950835	NA	NA	23.593044580615423	23.623808038391054
P05543	12	SERPINA7	0.9999	sp|P05543|THBG_HUMAN	P05543	THBG_HUMAN	Thyroxine-binding globulin	Homo sapiens		27.61474536636851	28.030159561910878	26.827480503640388	28.18411612816286	27.543393215443178	28.611446263395553	27.301848088296328	27.900141364417223	27.7199839145608	28.177853568919968	27.203670638418508	27.763822353535517	28.003923211513232	30.12871326715793	NA	27.613173704457846	27.537330218147858
P05546	22	SERPIND1	1.0	sp|P05546|HEP2_HUMAN	P05546	HEP2_HUMAN	Heparin cofactor 2	Homo sapiens		29.167604379271562	29.687096567014645	28.862326393631285	29.23819341325547	29.26805633803741	29.16246621176845	28.9025053547889	29.71136592832297	29.24820090023353	29.608176607665516	28.33700078529556	30.11290745384659	29.42389907207725	29.58220879097775	27.540634982251618	29.22478808643098	29.180075846033933
P05556	10	ITGB1	1.0	sp|P05556|ITB1_HUMAN	P05556	ITB1_HUMAN	Integrin beta-1	Homo sapiens		22.688043003599244	22.623467151299334	24.361968792727254	22.20430021685868	23.00850945237092	21.817557597773067	22.813155887082043	21.95570002466186	22.54575792094136	22.585198929433123	22.7477384940836	22.039204053032655	22.57580284665758	25.413657696153262	24.580936074835844	22.710707492855736	22.751522317903746
P06241	2	FYN	0.9981	sp|P06241|FYN_HUMAN	P06241	FYN_HUMAN	Tyrosine-protein kinase Fyn	Homo sapiens		19.122582366291766	19.129950355770447	20.203345934071685	18.37291656050838	18.509384628717374	NA	19.38083567438053	18.17489283935095	NA	18.120318987631144	18.871080017518953	19.485791204531463	NA	NA	NA	18.148512307941772	18.8906065459177
P06276	11	BCHE	1.0	sp|P06276|CHLE_HUMAN	P06276	CHLE_HUMAN	Cholinesterase	Homo sapiens		25.343988359573856	25.37626218422642	24.47313253863689	25.70906608917081	25.842182806062734	25.6254191846736	26.075735609177258	25.706701262515477	25.807377932860383	25.563211737187498	25.290013750578293	25.53792300707712	25.12212873950729	NA	NA	25.508439824928953	25.437715092886492
P06312	8	IGKV4-1	0.9999	sp|P06312|KV401_HUMAN	P06312	KV401_HUMAN	Immunoglobulin kappa variable 4-1	Homo sapiens		23.777778605272122	23.439512240658303	23.776404942810643	23.797519575908154	23.97106388032937	23.823411525746216	23.90183121376373	23.912234886281965	24.144222038678635	23.860622107496326	24.327885608642983	23.492415854224966	24.036214961400976	NA	27.573396223696186	23.84289396549358	24.021799676385935
P06331	5	IGHV4-34	1.0	sp|P06331|HV434_HUMAN	P06331	HV434_HUMAN	Immunoglobulin heavy variable 4-34	Homo sapiens		23.767296855595493	23.963440484826442	24.17068412675023	23.586373975521557	24.028786306815366	23.118258784849452	23.23832929261848	24.171310617123716	24.303272549295958	23.17905348704751	23.682520437433233	23.403459727658646	23.267281101036488	NA	NA	23.916596535910674	23.995410049701615
P06396	26	GSN	1.0	sp|P06396|GELS_HUMAN	P06396	GELS_HUMAN	Gelsolin	Homo sapiens		30.80637674147707	31.200042690517837	30.666276339572608	30.801459094058416	30.93438452018696	30.931550368367734	30.822187136978368	31.297820143062484	31.626832912308895	30.890380715679335	30.6075203373758	31.122189239887668	31.106493608570396	NA	NA	30.91471817826829	30.90470439084804
P06576	2	ATP5F1B	0.9998	sp|P06576|ATPB_HUMAN	P06576	ATPB_HUMAN	ATP synthase F(1) complex subunit beta, mitochondrial	Homo sapiens		20.9919585007228	20.463269392025836	23.32518509099212	17.297758631325312	21.591876429512762	18.681966721493463	21.652111739750577	20.52702822060634	19.52770582404018	18.680670497362158	21.472777229698885	19.883696987866628	18.676987830957547	18.52475376984059	20.433746187320228	21.049587463156698	20.951098356997846
P06681	21	C2	1.0	sp|P06681|CO2_HUMAN	P06681	CO2_HUMAN	Complement C2	Homo sapiens		28.22871796738786	28.84916704398811	27.75395119834162	28.305765200177383	28.17590449066232	28.654091135968155	27.937669767695187	28.547692366706865	28.280326623682164	28.627543645606245	28.159039460572558	28.87924116585357	28.80116551241888	28.487005380658932	28.017637372380957	28.43302195888692	28.38291377411963
P06702	2	S100A9	0.9999	sp|P06702|S10A9_HUMAN	P06702	S10A9_HUMAN	Protein S100-A9	Homo sapiens		22.524578583108276	19.12823333235334	20.14451248587972	20.816766661367293	21.84317114298535	20.749652020686145	23.94616754138279	24.576607550763438	22.930046049344853	21.51814054633311	20.978605643891008	21.127018862595982	20.94282988341586	NA	NA	22.602542709236687	22.570383794371896
P06727	31	APOA4	1.0	sp|P06727|APOA4_HUMAN	P06727	APOA4_HUMAN	Apolipoprotein A-IV	Homo sapiens		30.530335918609925	31.394071124456403	29.917795869721743	30.898262170616285	30.69468059503736	30.278998400550325	30.285981630577403	30.889623935982797	31.627986801685378	29.69297738167013	30.174708339021297	31.388734072393074	31.444613525141374	30.675277965030936	30.09945275215721	30.70382872640357	30.64195625791882
P06732	4	CKM	0.9998	sp|P06732|KCRM_HUMAN	P06732	KCRM_HUMAN	Creatine kinase M-type	Homo sapiens		21.31244047442313	19.51826423699502	19.298713635068907	19.35997298453641	19.33361181685312	22.184533163623787	19.77017158205094	20.389075099651212	19.97307205666175	23.758047720827186	20.20735994441653	20.87874538290028	20.11185996103439	NA	20.179754800653715	20.783627744917542	20.700955250436962
P06733	4	ENO1	1.0	sp|P06733|ENOA_HUMAN	P06733	ENOA_HUMAN	Alpha-enolase	Homo sapiens		21.31617473884725	20.522668473374694	22.95449365193304	19.584164792531105	21.476027485798543	19.61614182299185	22.321921435442462	21.745828409178444	20.45683159573728	19.77912109375995	21.21469182955856	19.967548171754604	19.58634900547361	NA	NA	21.32354767658735	21.312980522848626
P06737	6	PYGL	0.9962	sp|P06737|PYGL_HUMAN	P06737	PYGL_HUMAN	Glycogen phosphorylase, liver form	Homo sapiens		21.889476801941832	20.932524525675795	23.808078390098917	22.432305043061323	21.952537229973775	20.523335732446217	22.30471415278344	21.682912633673617	20.69754481535332	21.470017838464027	21.958849651808812	20.0753991095418	20.178337746726648	NA	NA	21.926453640052834	22.023357199612903
P06744	1	GPI	0.9614	sp|P06744|G6PI_HUMAN	P06744	G6PI_HUMAN	Glucose-6-phosphate isomerase	Homo sapiens		20.311417848458028	NA	21.2838083052046	19.7069952473103	20.269809300801118	NA	20.865024742893127	21.39535097168176	18.857910133162967	20.497725321648602	19.081886810736524	NA	19.17632304957567	NA	NA	19.44454184704945	20.342665468319844
P06753	3	TPM3	0.9866	sp|P06753|TPM3_HUMAN	P06753	TPM3_HUMAN	Tropomyosin alpha-3 chain	Homo sapiens		23.34905758211606	22.231725322614697	25.65380320095272	20.274201369194692	23.834762847532925	21.12415870440781	24.104587672157283	22.519584933683408	21.547730597542763	20.94129484746299	23.636030129426018	21.358260986728354	22.06112607939542	21.325781436479854	NA	23.390420807955483	23.396830445926117
P06858	1	LPL	0.9999	sp|P06858|LIPL_HUMAN	P06858	LIPL_HUMAN	Lipoprotein lipase	Homo sapiens		18.986756983293905	18.023846475937386	18.022503957123178	18.062911592551405	18.57047493273108	19.60698375093799	18.653773505679357	19.24791885306313	19.166730871828616	20.676858319060027	17.42677026350873	18.25777959661042	19.886770837237528	NA	NA	18.499371386046658	18.476905179116866
P07093	2	SERPINE2	0.9997	sp|P07093|GDN_HUMAN	P07093	GDN_HUMAN	Glia-derived nexin	Homo sapiens		22.845648002040477	22.722666602780322	23.692135363410323	21.96190544375462	22.894451857155627	NA	22.453679950802407	22.174607805609078	21.923071022727825	22.045983289842372	23.283788511588053	NA	NA	NA	NA	22.796807239048825	22.44839692164338
P07195	6	LDHB	0.9976	sp|P07195|LDHB_HUMAN	P07195	LDHB_HUMAN	L-lactate dehydrogenase B chain	Homo sapiens		24.367954998255712	23.951226819022555	25.70625197612499	24.012776082176096	24.2205828492677	24.07963528711876	24.617914165785653	24.090930930304236	23.650858148978646	25.124416765947842	24.778309422966164	23.712258431256508	23.61915228056748	NA	25.00547349949755	24.476085754435594	24.45992261536774
P07203	1	GPX1	1.0	sp|P07203|GPX1_HUMAN	P07203	GPX1_HUMAN	Glutathione peroxidase 1	Homo sapiens		19.43346794465018	19.1678383928202	21.486895440680474	18.578333522252247	19.96984791031354	17.585222950742818	20.111482778253528	18.152337614852588	NA	17.611242416552393	19.817816742296802	18.69794996798288	NA	NA	NA	18.812280493209375	18.780408281349175
P07225	19	PROS1	1.0	sp|P07225|PROS_HUMAN	P07225	PROS_HUMAN	Vitamin K-dependent protein S	Homo sapiens		29.29531227054269	29.608432144519465	28.688518378498383	29.1480542012356	29.49914321900585	29.308788326500142	29.35368567556983	30.032012828048604	29.609356238231875	29.632672776382755	29.160997648836407	29.95458088162319	29.567647202986805	28.992857697431013	NA	29.29531227054269	29.32038599325963
P07237	6	P4HB	0.9986	sp|P07237|PDIA1_HUMAN	P07237	PDIA1_HUMAN	Protein disulfide-isomerase	Homo sapiens		21.097681054765268	21.033116704289345	22.7108948747893	20.653486706690956	21.000343323927993	20.226297235413277	21.282468185630123	20.69736103901681	20.537491581076075	20.6389024871184	21.633633111349397	21.063022441047927	20.86394204337838	NA	NA	20.89772677551566	21.26729978143713
P07307	1	ASGR2	0.9782	sp|P07307|ASGR2_HUMAN	P07307	ASGR2_HUMAN	Asialoglycoprotein receptor 2	Homo sapiens		21.26493832365366	21.968815087857596	20.770428421850934	21.245988601112874	21.774454924434064	21.233119075409093	20.6849554489535	21.65203510119061	20.449622198014122	21.02707692056643	21.007380979442747	23.072574278737367	21.172758803111506	NA	NA	21.845105671842397	20.474929117650245
P07333	2	CSF1R	0.9887	sp|P07333|CSF1R_HUMAN	P07333	CSF1R_HUMAN	Macrophage colony-stimulating factor 1 receptor	Homo sapiens		20.069411648535347	19.644837561658495	17.99024356623527	21.182486375153	19.90964849102503	20.366995544456756	19.59378138793839	20.518283192177147	20.59376604644476	20.482072392620655	19.199691024910962	21.166573098082857	19.15384846643072	NA	NA	20.080736217416163	20.916122374839517
P07339	4	CTSD	0.9968	sp|P07339|CATD_HUMAN	P07339	CATD_HUMAN	Cathepsin D	Homo sapiens		20.31279827589721	20.217467407172183	19.608141806537986	20.53129012786062	20.601128384587888	20.498176489367463	20.09478664975262	20.070741442381223	19.77271580964259	20.320191305330766	20.167686773942176	20.611787164678326	20.656410180223073	NA	NA	20.869902178182357	19.8220950828049
P07357	12	C8A	1.0	sp|P07357|CO8A_HUMAN	P07357	CO8A_HUMAN	Complement component C8 alpha chain	Homo sapiens		27.704598282523605	28.170307415124796	27.193907459217524	27.99679235474326	27.951550997234317	27.958365737402904	27.666139061777987	28.02486932726943	28.021793351181255	28.266711964878574	27.571452835635665	28.169729593948116	28.355895685131475	NA	26.84112157023728	27.746423240550826	27.715550386032657
P07358	10	C8B	1.0	sp|P07358|CO8B_HUMAN	P07358	CO8B_HUMAN	Complement component C8 beta chain	Homo sapiens		27.72306431564391	28.25242607177722	27.38365816432137	27.89480931712558	27.916914782107167	28.13394147311135	27.88053246364353	27.89545937769611	28.142532096895827	28.37705579935017	27.717983366234005	28.158288192100425	28.132630693240287	NA	27.2916701535567	27.673953979054698	27.929063070345258
P07359	2	GP1BA	0.9995	sp|P07359|GP1BA_HUMAN	P07359	GP1BA_HUMAN	Platelet glycoprotein Ib alpha chain	Homo sapiens		23.417241552899927	22.76079465321069	25.337871784354213	20.730860272551908	23.768497813971457	23.62836473377811	23.903062861649367	22.31688826033869	23.857230481142402	21.513389142277646	23.046963428191965	21.941537743215353	21.938499890868375	NA	NA	23.521095296077412	23.685983203342857
P07360	8	C8G	1.0	sp|P07360|CO8G_HUMAN	P07360	CO8G_HUMAN	Complement component C8 gamma chain	Homo sapiens		28.955630068942064	29.451348296119093	28.489360182479476	29.149147067526613	29.01689062455249	29.144802115662923	28.80657869471134	29.218271787100527	29.399556746210862	29.47137395426192	28.78184843679875	29.313724097079966	29.267895340480283	29.397004300721356	31.94887035397707	29.028824908464	28.996526116410728
P07384	4	CAPN1	0.998	sp|P07384|CAN1_HUMAN	P07384	CAN1_HUMAN	Calpain-1 catalytic subunit	Homo sapiens		21.966026544201956	21.072540942251113	23.83304013901164	21.209968924925864	21.608446879205033	21.2488670567285	22.120799414524615	21.807520739745648	19.728905670539735	20.972583734426838	22.065591870770355	21.228471370674097	20.648453688095323	NA	NA	21.60733355251831	21.889673120854898
P07437	1	TUBB	0.9995	sp|P07437|TBB5_HUMAN	P07437	TBB5_HUMAN	Tubulin beta chain	Homo sapiens		21.979205455130362	NA	23.633184124292345	NA	22.12954092518677	NA	21.73982752850291	19.976368139100433	NA	NA	22.09313275361986	19.968379063390692	NA	NA	NA	21.846681070886262	21.974295688006244
P07451	2	CA3	1.0	sp|P07451|CAH3_HUMAN	P07451	CAH3_HUMAN	Carbonic anhydrase 3	Homo sapiens		20.81106754943304	21.594387780382668	19.465855768396636	22.235773947576284	19.890454416067165	21.918824633738506	19.709676002298423	20.869842506182252	20.60892281190221	21.29607171558062	21.450521420461705	20.79370398437004	20.383505572123536	NA	NA	20.5599685527073	20.51656321607222
P07477	3	PRSS1	1.0	sp|P07477|TRY1_HUMAN	P07477	TRY1_HUMAN	Serine protease 1	Homo sapiens		21.687964677327006	22.1968759585734	20.77788152680579	21.691305704406165	22.25218536142125	21.41119948586073	21.870147330424487	22.07975409254113	22.512318106810657	21.88707742376908	21.827901552699917	22.252209697732766	21.474894753752352	NA	NA	21.943147574611206	21.619588666467457
P07737	4	PFN1	0.9992	sp|P07737|PROF1_HUMAN	P07737	PROF1_HUMAN	Profilin-1	Homo sapiens		22.0834642046509	21.62091278373386	24.218751137017982	19.70593297790481	22.39786317975394	20.130072429175286	23.105716466515567	22.555911818933932	20.505034320120448	19.704670805440813	22.591720045489645	20.265105556911017	19.904154798309246	20.75769194596185	22.373869169269256	22.545205772770238	22.46858458617842
P07900	6	HSP90AA1	0.9998	sp|P07900|HS90A_HUMAN	P07900	HS90A_HUMAN	Heat shock protein HSP 90-alpha	Homo sapiens		23.587089929178454	23.514676981562456	25.560511369733334	23.00148748778451	24.01046100565532	22.792344686457827	23.871468019589507	22.91854312131531	22.765113000630937	22.996347388185484	24.06475712162523	22.68787626033228	22.004221673543316	25.29387231735126	NA	23.598686764755705	23.72864249864797
P07911	1	UMOD	1.0	sp|P07911|UROM_HUMAN	P07911	UROM_HUMAN	Uromodulin	Homo sapiens		20.29041546242723	NA	NA	NA	NA	NA	NA	19.42183074205849	19.58279961086538	20.585077730914954	NA	NA	NA	NA	NA	NA	NA
P07942	3	LAMB1	1.0	sp|P07942|LAMB1_HUMAN	P07942	LAMB1_HUMAN	Laminin subunit beta-1	Homo sapiens		20.447149096221857	20.775446737501284	19.952742036362068	19.812744825587256	20.68141142833913	20.687907927219754	20.549687171468324	20.14025010918351	20.80154004411225	20.618931257921997	21.164427893466353	20.811607314486427	20.85962571432802	NA	NA	20.558034736960987	20.111976227664325
P07951	3	TPM2	0.9987	sp|P07951|TPM2_HUMAN	P07951	TPM2_HUMAN	Tropomyosin beta chain	Homo sapiens		22.843378413106834	NA	23.293117278619672	NA	22.284377263186933	21.42861553643493	22.28447560841547	21.7918082386997	NA	NA	21.915741569203842	NA	NA	NA	NA	22.21183166613793	NA
P07988	2	SFTPB	1.0	sp|P07988|PSPB_HUMAN	P07988	PSPB_HUMAN	Pulmonary surfactant-associated protein B	Homo sapiens		20.6626033011511	20.074745706675458	19.947840629254944	20.557131131495883	19.629306018515873	21.991901372151066	18.97335135174097	20.696723171711366	19.507135179199576	22.019378866695824	20.320494911462266	20.824162524766784	20.914659208694115	NA	NA	19.878566002327947	19.925185066991254
P07996	26	THBS1	1.0	sp|P07996|TSP1_HUMAN	P07996	TSP1_HUMAN	Thrombospondin-1	Homo sapiens		26.756001322514418	26.388009973971442	28.85202701611866	25.61991698550519	27.303699901599625	24.410231945499923	27.22100251869225	26.99559227771709	26.367020295446615	24.679202164748038	26.985466349340314	24.503943099241784	25.960413981085203	NA	26.623991371319615	26.98407295940208	26.96954689132969
P07998	2	RNASE1	0.9946	sp|P07998|RNAS1_HUMAN	P07998	RNAS1_HUMAN	Ribonuclease pancreatic	Homo sapiens		22.484351043229566	NA	22.329539582666598	NA	NA	NA	NA	NA	NA	21.873035032086392	NA	NA	NA	NA	NA	NA	NA
P08133	2	ANXA6	0.9938	sp|P08133|ANXA6_HUMAN	P08133	ANXA6_HUMAN	Annexin A6	Homo sapiens		18.27494659930644	17.380634285769368	16.902657784401793	17.463667262025375	17.209110776895756	16.959529412816032	19.341572175038923	19.976110893635312	17.85506980928002	NA	NA	NA	NA	NA	NA	17.473062359482846	18.197978129430414
P08185	11	SERPINA6	1.0	sp|P08185|CBG_HUMAN	P08185	CBG_HUMAN	Corticosteroid-binding globulin	Homo sapiens		28.90263462716125	29.382778231592116	28.0087632169364	29.19744418276439	28.91005672584805	29.52977006338703	28.763475746171057	28.951612574171328	29.646566851731937	29.354027636566208	28.649760734329266	29.1600678070912	29.465628714198857	NA	NA	28.94584631679454	29.055715020552714
P08195	2	SLC3A2	0.9941	sp|P08195|4F2_HUMAN	P08195	4F2_HUMAN	Amino acid transporter heavy chain SLC3A2	Homo sapiens		20.48633919204884	20.98190033625952	19.645471299814194	20.928539484113394	20.435786788478367	20.893254534994522	20.117670966020153	20.68277520067033	21.227674424836803	21.12883331720383	20.168589389506593	19.996659688765234	20.504455219736005	NA	NA	20.37535395406983	20.527754882311203
P08237	1	PFKM	0.9758	sp|P08237|PFKAM_HUMAN	P08237	PFKAM_HUMAN	ATP-dependent 6-phosphofructokinase, muscle type	Homo sapiens		17.369233525616927	17.369412788157803	17.91562868386187	18.160212842853095	17.56354383836372	18.285688730867815	17.1477129269802	17.373358026163956	16.828974259037583	17.72021120491236	18.089881459264294	16.94425262237493	16.295504436926812	NA	NA	16.906042671317948	17.287266209786832
P08238	2	HSP90AB1	0.9618	sp|P08238|HS90B_HUMAN	P08238	HS90B_HUMAN	Heat shock protein HSP 90-beta	Homo sapiens		20.184151090333856	19.35277406014239	21.480401132255377	18.94389214084717	20.177311900937553	18.53871209219385	20.35754752538314	19.63000437569361	18.80268396397665	18.9512584139951	20.97690382877793	18.07029618385369	NA	NA	NA	20.29427536224946	20.389979316430885
P08246	1	ELANE	0.9914	sp|P08246|ELNE_HUMAN	P08246	ELNE_HUMAN	Neutrophil elastase	Homo sapiens		19.60016635121486	19.078473578234494	16.009186457326262	18.820479182650356	18.977233111374538	19.63828720731744	18.1961523554668	20.338069687309904	18.987891665764455	21.50245949217835	19.05095745457336	19.942250555962882	18.767682894167642	NA	NA	19.2745421839597	19.71849352338905
P08253	6	MMP2	0.9998	sp|P08253|MMP2_HUMAN	P08253	MMP2_HUMAN	72 kDa type IV collagenase	Homo sapiens		22.67602864483654	23.11523649083488	21.77277251103635	22.81167792193875	22.383499561039457	23.494207227496535	22.865439666011195	22.73798054884585	23.55303652705015	22.67594925919564	22.851520883087826	22.65884876098166	23.127536423127278	NA	NA	22.584113588257477	23.019601800365173
P08294	1	SOD3	1.0	sp|P08294|SODE_HUMAN	P08294	SODE_HUMAN	Extracellular superoxide dismutase [Cu-Zn]	Homo sapiens		18.581650345038938	19.089427557674295	18.264266517558962	18.515770217154017	18.86449059652734	19.18034031863635	17.716424315783993	18.758170361502135	18.898511163800464	19.011557029557927	18.179466163680388	19.364099311314334	19.42416035573261	NA	NA	18.6931404114865	17.795071485877212
P08311	1	CTSG	0.9986	sp|P08311|CATG_HUMAN	P08311	CATG_HUMAN	Cathepsin G	Homo sapiens		18.12338028352609	17.5519512913241	16.49626105610799	18.352090888837658	16.202725843282984	18.214488333619556	19.609071979212235	17.7055453950911	17.973434600541953	19.328420179397618	18.34683320420362	18.36775038376173	NA	NA	NA	17.74577889718073	17.521580297471477
P08514	13	ITGA2B	1.0	sp|P08514|ITA2B_HUMAN	P08514	ITA2B_HUMAN	Integrin alpha-IIb	Homo sapiens		26.140152337900666	24.78703419172969	28.34939133473073	24.039027397115465	26.139057590287493	23.48177303635689	26.55607241347183	24.603637493600715	25.185230254179988	23.39480832857129	26.237536207900025	24.459135215228933	24.965081064770246	NA	NA	25.787683637448964	25.923663825368322
P08519	27	LPA	1.0	sp|P08519|APOA_HUMAN	P08519	APOA_HUMAN	Apolipoprotein(a)	Homo sapiens		29.381403257723278	27.920366830314276	27.767798864404785	28.462119772847625	27.60872173069822	28.986293795541037	28.00006184393263	28.172169634792496	28.124162065754494	30.24100508366466	29.551609390799452	31.52112804597736	31.326809589420236	30.06905998089864	30.53832701816395	29.230132041400783	29.135740266624186
P08567	1	PLEK	1.0	sp|P08567|PLEK_HUMAN	P08567	PLEK_HUMAN	Pleckstrin	Homo sapiens		22.105570311714416	21.772643650153814	24.466537638793866	17.878669979614386	22.745807772749167	NA	23.020536694160274	21.748712166218002	19.21671668600823	18.638872228435233	23.127654727619785	19.83193387576619	18.13111093215891	20.37235944620508	NA	22.397263161550462	22.29049457378136
P08571	7	CD14	1.0	sp|P08571|CD14_HUMAN	P08571	CD14_HUMAN	Monocyte differentiation antigen CD14	Homo sapiens		25.149210948923567	26.544956569964047	24.657803579667295	24.922385401480888	24.75174294025212	25.388200697460547	25.137310318723294	25.073181884027196	24.89199630011222	24.74670032404956	25.327627753954328	25.997697343247566	25.582698117279282	NA	NA	25.367346659062438	25.44866817457009
P08575	2	PTPRC	0.9978	sp|P08575|PTPRC_HUMAN	P08575	PTPRC_HUMAN	Receptor-type tyrosine-protein phosphatase C	Homo sapiens		18.47782273878016	18.854417257008134	19.411123384966636	18.030261555084945	18.533516807534845	17.778042874443365	18.249859834290724	18.84499819020053	19.353515686925395	18.766550431615556	18.38787986624707	18.757422293552484	17.482964104927948	NA	NA	18.139939846160914	18.701983686666235
P08581	1	MET	0.9993	sp|P08581|MET_HUMAN	P08581	MET_HUMAN	Hepatocyte growth factor receptor	Homo sapiens		20.00179153605312	20.162147176532326	19.351149367164265	20.60567889886961	20.11191231903301	20.603555201589884	19.795037845109253	19.941875560308297	20.67811935460504	20.713200369279487	19.352678598792814	20.100564587688236	20.31815432049656	NA	NA	20.025561581108896	19.75586290517504
P08603	39	CFH	1.0	sp|P08603|CFAH_HUMAN	P08603	CFAH_HUMAN	Complement factor H	Homo sapiens		28.004146068757745	28.691127133709664	27.456283069537655	28.13464241377282	28.102105036015963	27.99771200886169	27.82397643481719	28.531221298207452	28.2043343015004	28.2119136362761	27.743698213469326	28.739141175810282	28.35004265281517	28.246887870007054	26.91688214643139	28.207493546960276	28.16073804280736
P08637	2	FCGR3A	0.9872	sp|P08637|FCG3A_HUMAN	P08637	FCG3A_HUMAN	Low affinity immunoglobulin gamma Fc region receptor III-A	Homo sapiens		24.19648059830382	24.647300131729555	23.833521696085178	24.398171978543747	24.03832495725583	24.539802152225953	23.61327903737519	24.53373293687654	24.568293376713708	25.035700823082443	24.816768900266936	24.04101695339889	24.078070290250437	NA	25.160196042385447	24.33604706222803	24.602347944404524
P08697	17	SERPINF2	1.0	sp|P08697|A2AP_HUMAN	P08697	A2AP_HUMAN	Alpha-2-antiplasmin	Homo sapiens		29.31318767326857	29.570224039972462	28.76201079009616	29.5341772737388	29.542896841601028	29.617162586817642	29.251599318403773	29.503712990140396	30.021169710300203	29.66420113873197	28.976636006634685	29.783178274516345	29.6429131374441	NA	NA	29.562380551782073	29.550920610093343
P08709	5	F7	1.0	sp|P08709|FA7_HUMAN	P08709	FA7_HUMAN	Coagulation factor VII	Homo sapiens		24.057981928728058	24.700291645395083	23.343902219613494	24.08482743596461	24.50580017289611	23.586868211477935	23.756813957317984	24.2974764725009	24.494942555424	24.223003582881354	23.622032179878666	25.30439157168795	24.479718801288524	NA	22.56850213551453	24.099322519730062	24.218336970821227
P08758	2	ANXA5	0.9923	sp|P08758|ANXA5_HUMAN	P08758	ANXA5_HUMAN	Annexin A5	Homo sapiens		20.737491342504722	20.98308387715386	21.6976519876895	NA	20.14218887359735	19.440745274438658	21.34877739789652	21.530607723686284	19.587132899822254	18.850069277435775	20.94708389182006	NA	NA	22.2495596199882	NA	20.513861381892188	21.438281183996693
P08779	11	KRT16	1.0	sp|P08779|K1C16_HUMAN	P08779	K1C16_HUMAN	Keratin, type I cytoskeletal 16	Homo sapiens		23.599088020202384	23.242449835313952	24.35535978483121	24.087589417237105	23.816831652419214	24.179403055740828	23.618380691814064	23.64775709511752	22.74895193367659	22.82860591616791	22.823024137959184	24.637115440191867	22.739307041834905	22.82562371708572	22.501376637511036	24.015648279658027	23.928647993413897
P08887	1	IL6R	0.9996	sp|P08887|IL6RA_HUMAN	P08887	IL6RA_HUMAN	Interleukin-6 receptor subunit alpha	Homo sapiens		19.72570741163127	NA	19.667288455877138	20.312889850171686	19.505022591904655	19.532438317328943	19.71635366067616	19.945086543792343	19.95556011641687	19.637519794347515	19.411890145969313	19.96133657549487	NA	NA	NA	NA	NA
P09105	1	HBQ1	0.994	sp|P09105|HBAT_HUMAN	P09105	HBAT_HUMAN	Hemoglobin subunit theta-1	Homo sapiens		20.851291463440308	NA	NA	NA	NA	NA	NA	NA	NA	20.239975452297138	NA	NA	NA	NA	NA	NA	NA
P09172	6	DBH	1.0	sp|P09172|DOPO_HUMAN	P09172	DOPO_HUMAN	Dopamine beta-hydroxylase	Homo sapiens		24.289823757172275	24.946718870047146	23.452356278941725	25.551909899656863	25.01081615621747	24.94609147551823	22.901287077429842	23.24100884938035	24.879906707453472	24.493916358064553	24.02451247925758	22.076217638783174	24.187234548057152	NA	NA	23.915189023936456	23.91390301028988
P09211	1	GSTP1	0.9976	sp|P09211|GSTP1_HUMAN	P09211	GSTP1_HUMAN	Glutathione S-transferase P	Homo sapiens		22.052432917655903	21.300602351493236	24.01165530968808	19.898773188222556	22.443082592344194	20.50911787245817	23.062048530074545	22.7967261182917	20.759798744781758	20.805213162289373	22.508258944762098	20.578142191759042	19.689602558464298	NA	NA	22.170951012381988	22.168791817255926
P09486	5	SPARC	1.0	sp|P09486|SPRC_HUMAN	P09486	SPRC_HUMAN	SPARC	Homo sapiens		24.395561983359787	24.37168944529023	26.206449663109478	23.191518204754946	24.98347920736394	22.139404751085262	25.051896151259363	24.693733873225632	24.1538377745758	22.32930319975504	24.726963049230232	23.078873973579523	23.687158842240986	NA	NA	24.622868502388013	24.67281730570336
P09668	2	CTSH	0.9922	sp|P09668|CATH_HUMAN	P09668	CATH_HUMAN	Pro-cathepsin H	Homo sapiens		19.820565642362826	19.87761869470018	19.29893357749363	20.321987748883146	19.892913428867786	20.458205099166133	19.628747283690974	20.209091205456307	20.199984260523813	19.272036588240358	19.9317332536754	20.362524784253292	20.695916431803752	NA	NA	20.19130965996406	19.84268126644143
P09871	14	C1S	1.0	sp|P09871|C1S_HUMAN	P09871	C1S_HUMAN	Complement C1s subcomponent	Homo sapiens		27.85885346188461	28.460838655156486	27.384892110348297	28.11408749612629	27.41553513371041	28.017102616910954	27.82709428237031	28.215055862710944	28.25964488410911	28.245741328016805	27.661017998454316	28.43785833330358	28.287302491761967	NA	NA	27.92321200839415	27.960797539362837
P09960	2	LTA4H	0.9884	sp|P09960|LKHA4_HUMAN	P09960	LKHA4_HUMAN	Leukotriene A-4 hydrolase	Homo sapiens		17.81080513252425	17.920166658386655	16.875070406068502	17.99949018717804	17.11089020662962	17.706846981208503	17.768280085713247	18.754188224470802	17.438654547259993	18.781546918637442	17.511191539453012	17.65443632740133	17.80697931840638	NA	NA	17.895737838169364	17.308044347633338
P09972	1	ALDOC	1.0	sp|P09972|ALDOC_HUMAN	P09972	ALDOC_HUMAN	Fructose-bisphosphate aldolase C	Homo sapiens		21.32037182504669	20.9136757380146	22.95915754575141	20.453783051020647	21.863084527693374	21.268392063818446	21.90988951843665	21.387388760038615	20.233242960351493	21.01970294133965	22.089321363674355	20.020456372904892	20.057184560351534	NA	NA	21.379193272218338	21.209751105299294
P0C0L4	9	C4A	1.0	sp|P0C0L4|CO4A_HUMAN	P0C0L4	CO4A_HUMAN	Complement C4-A	Homo sapiens		26.95388135059706	22.370594531744263	26.542250923868156	26.74541853801237	26.157629255547473	23.861481786855638	26.62917255921458	26.24968390713023	27.09097889663301	27.211215539888087	26.55379178455342	27.848614713727194	27.83403920705645	29.285209288525287	NA	26.93596358018596	27.497800146268784
P0C0L5	37	C4B	1.0	sp|P0C0L5|CO4B_HUMAN	P0C0L5	CO4B_HUMAN	Complement C4-B	Homo sapiens		30.6923000488009	31.119295507759304	30.54213786905486	30.673587264018312	30.17494191579758	30.307567024859154	30.41858219406825	31.006283100678456	30.835557964316568	31.300252342590802	29.961295533981684	32.05816372356803	31.389944335482678	NA	28.950155777608728	30.81773336709845	30.874773313689747
P0DJI8	3	SAA1	1.0	sp|P0DJI8|SAA1_HUMAN	P0DJI8	SAA1_HUMAN	Serum amyloid A-1 protein	Homo sapiens		24.66258112490236	23.06384773137468	19.550907212959338	21.41533663898758	20.86682801449705	21.23950838060164	21.263650236652992	22.412431299631805	22.68936099548574	26.453582743656774	NA	27.160303350952496	22.779951704052333	24.3239062705819	NA	23.023852873269576	23.406809744538045
P0DJI9	5	SAA2	1.0	sp|P0DJI9|SAA2_HUMAN	P0DJI9	SAA2_HUMAN	Serum amyloid A-2 protein	Homo sapiens		27.370588722916175	26.63123365068945	25.079902506263277	24.392421909080635	24.31203682753719	26.48568847658883	26.49023959771852	24.468855676615576	24.518159770674472	26.919872581779742	26.162091279192705	29.092135422277234	26.82532559100809	28.9290574851379	NA	26.167971744203378	25.902180006212763
P0DMV8	7	HSPA1A	0.9948	sp|P0DMV8|HS71A_HUMAN	P0DMV8	HS71A_HUMAN	Heat shock 70 kDa protein 1A	Homo sapiens	sp|P0DMV9|HS71B_HUMAN	21.972297114596913	21.277203736246058	23.6524699863751	21.734938588316393	22.152440097879452	20.684585685046688	22.8454532535874	22.41165468206071	20.903153059860013	21.707140087876176	22.294517199819797	20.718739558124305	20.600400677455713	NA	NA	21.83135388795518	22.10548618478559
P0DOY2	17	IGLC2	1.0	sp|P0DOY2|IGLC2_HUMAN	P0DOY2	IGLC2_HUMAN	Immunoglobulin lambda constant 2	Homo sapiens	sp|P0DOY3|IGLC3_HUMAN	29.6329358769473	29.661092502307877	29.159562713607855	29.279683359378573	29.861293439109396	30.19548145425421	29.460896002857236	30.20815530925844	30.574931777259195	29.608550233947728	29.81536912422313	29.59191857854477	29.942774711971847	NA	29.53618377481647	29.722696437892044	29.605525788102163
P0DP01	4	IGHV1-8	1.0	sp|P0DP01|HV108_HUMAN	P0DP01	HV108_HUMAN	Immunoglobulin heavy variable 1-8	Homo sapiens		22.263224122981665	22.446753991638918	21.872457731699274	22.905499126348968	18.918595234356367	23.35049222919045	21.430742077856035	22.819316053632505	22.652585144044703	22.059333184191857	22.362097679259257	21.746272993141265	22.696734990630127	NA	NA	22.110112930764057	22.531499541115398
P0DP23	1	CALM1	0.9792	sp|P0DP23|CALM1_HUMAN	P0DP23	CALM1_HUMAN	Calmodulin-1	Homo sapiens	sp|P0DP24|CALM2_HUMAN, sp|P0DP25|CALM3_HUMAN	20.071439579342677	19.465526890579735	21.901597647678106	18.48926370752442	20.31235378429175	18.585176496665742	20.722238544811844	18.279272422054756	NA	NA	20.50509552703227	NA	NA	NA	NA	19.469977169737227	20.020652801079994
P0DTE1	2	IGHV3-38-3	0.9877	sp|P0DTE1|HV383_HUMAN	P0DTE1	HV383_HUMAN	Probable non-functional immunoglobulin heavy variable 3-38-3	Homo sapiens		20.3973379500985	21.44528339423459	20.33608648180023	20.13665913018587	20.89930063328551	20.388178808465295	20.92979747618266	20.5323993040307	20.772596158122035	19.72919237794996	20.384151847494305	19.949306947240032	20.17037657858951	NA	NA	20.446267399468727	20.536871831982786
P10114	1	RAP2A	0.9757	sp|P10114|RAP2A_HUMAN	P10114	RAP2A_HUMAN	Ras-related protein Rap-2a	Homo sapiens	sp|P61225|RAP2B_HUMAN, sp|Q9Y3L5|RAP2C_HUMAN	21.241240610130195	19.730003762397338	22.87339547752317	19.147917803496473	20.40539616234927	NA	21.100987939807162	NA	NA	NA	21.286564110629257	NA	NA	NA	NA	NA	NA
P10124	1	SRGN	0.9997	sp|P10124|SRGN_HUMAN	P10124	SRGN_HUMAN	Serglycin	Homo sapiens		20.577770997170976	19.870574816492326	22.781347448873472	19.409163032635206	20.685164769545263	18.272508632567224	20.7305417436601	21.344536876729943	20.198815606392905	19.763959594500356	20.37780698298806	19.02369645452508	19.634951885017465	NA	NA	20.48207160221775	20.453909770277598
P10153	1	RNASE2	0.9883	sp|P10153|RNAS2_HUMAN	P10153	RNAS2_HUMAN	Non-secretory ribonuclease	Homo sapiens		20.304504234901607	NA	NA	NA	NA	NA	NA	NA	NA	18.987642683079436	NA	21.213173392194566	NA	NA	NA	NA	NA
P10321	3	HLA-C	1.0	sp|P10321|HLAC_HUMAN	P10321	HLAC_HUMAN	HLA class I histocompatibility antigen, C alpha chain	Homo sapiens		22.826072750523256	22.212691045316927	24.463554063324747	22.494320571280785	22.73790170088161	22.349659414366577	22.92019408728295	22.27287917625951	22.106708702217933	22.338547273114088	23.104390044963882	22.63430948562759	23.231462207835442	NA	NA	22.86218063024487	22.80712926758886
P10586	2	PTPRF	1.0	sp|P10586|PTPRF_HUMAN	P10586	PTPRF_HUMAN	Receptor-type tyrosine-protein phosphatase F	Homo sapiens		19.954215077772513	20.798296478324662	20.134307593555963	19.7929621859288	20.43768497612135	20.456132510385117	18.854615999980137	20.12926085374569	20.24328138555245	20.258833640270332	18.580273234372953	20.268405051643924	20.474341944771215	NA	NA	19.95779671511707	19.735117085723378
P10599	3	TXN	0.9958	sp|P10599|THIO_HUMAN	P10599	THIO_HUMAN	Thioredoxin	Homo sapiens		22.712275360844867	22.587580573223125	23.727707835391524	23.12222236307522	22.50225389104998	23.14284750530946	23.138627466882937	23.131888115977098	22.685933464819957	22.703639329271045	22.90616543655026	22.101388342869722	21.74585220309821	NA	NA	22.8522451730366	22.469341605648534
P10643	25	C7	1.0	sp|P10643|CO7_HUMAN	P10643	CO7_HUMAN	Complement component C7	Homo sapiens		27.647689352672316	28.486523872888515	26.951187514595514	28.44317020349643	28.03447718614656	27.597036138473925	27.623838824175515	27.60624831940537	27.71421698593068	27.75499474490135	27.90943432772068	28.096519707376082	28.41399898671221	26.80454256910089	28.59882665556913	27.916327545737204	27.82795099301213
P10644	2	PRKAR1A	0.9997	sp|P10644|KAP0_HUMAN	P10644	KAP0_HUMAN	cAMP-dependent protein kinase type I-alpha regulatory subunit	Homo sapiens		20.296601309975024	NA	21.70217898414556	NA	19.9894120007237	19.085379540070573	20.27333152149314	19.323272925012994	NA	NA	20.898563646830485	NA	NA	NA	NA	NA	19.205814582709955
P10645	3	CHGA	0.9767	sp|P10645|CMGA_HUMAN	P10645	CMGA_HUMAN	Chromogranin-A	Homo sapiens		21.121209165235253	21.461902172916364	20.70044983099241	20.70077131518446	20.090821387296927	20.15373546291579	20.800819981373547	20.895996986026177	20.912769093987134	20.391373497669598	20.117006761732046	22.471947256690044	20.333994364951543	NA	NA	20.72595700517058	20.793527718075907
P10646	4	TFPI	1.0	sp|P10646|TFPI1_HUMAN	P10646	TFPI1_HUMAN	Tissue factor pathway inhibitor	Homo sapiens		21.522557877525497	21.148785993198267	20.35191591627922	21.061337625887493	21.71658451779444	20.742836811982098	21.50190010354458	21.50404209389857	22.378854229288038	22.852320008386197	20.610766310520777	21.59898277001678	21.75894060076404	NA	NA	21.572511767732667	21.010641209865096
P10721	1	KIT	0.983	sp|P10721|KIT_HUMAN	P10721	KIT_HUMAN	Mast/stem cell growth factor receptor Kit	Homo sapiens		18.396432169388543	18.01241099365946	18.368365478369157	18.607534792069448	18.833300900930237	18.200375219618795	18.040616829053413	19.13729353644439	19.262075776618243	18.980505155501774	18.331977317838323	16.549735617921847	18.910437705690132	NA	NA	17.33379248013644	18.807188683128626
P10768	3	ESD	0.9907	sp|P10768|ESTD_HUMAN	P10768	ESTD_HUMAN	S-formylglutathione hydrolase	Homo sapiens		18.810242356930846	16.99907191608877	19.765105953915256	19.664267097493443	19.089889586000016	18.76352232833002	19.27752133343301	18.810242356930846	16.720490457642892	19.103842267235397	19.140032430868835	17.877281280388964	17.66346929070074	NA	NA	19.118017555897804	18.970174360501083
P10809	1	HSPD1	0.9934	sp|P10809|CH60_HUMAN	P10809	CH60_HUMAN	60 kDa heat shock protein, mitochondrial	Homo sapiens		19.66756550145958	18.032588658113376	21.8027743811313	NA	19.96243393106698	16.518739524050783	20.124724762968267	18.2127330041428	NA	15.725684240548023	19.656798758030238	NA	NA	NA	NA	19.0472444457731	19.443952458709227
P10909	12	CLU	1.0	sp|P10909|CLUS_HUMAN	P10909	CLUS_HUMAN	Clusterin	Homo sapiens		27.936053705466165	28.473733552635178	27.284616632022992	28.196912639681475	28.016729566167445	28.039409274792547	27.790254423139206	28.14158766091298	28.487375806776654	28.212166844942363	27.636802732818598	28.35872372424411	28.529978959201404	NA	27.973852705931908	28.325915041341116	28.30615517034015
P11021	7	HSPA5	1.0	sp|P11021|BIP_HUMAN	P11021	BIP_HUMAN	Endoplasmic reticulum chaperone BiP	Homo sapiens		23.909184781499494	23.92296528713084	25.27921844214551	23.590875954755603	24.21542435505882	23.67771998127899	24.359058713841158	23.71054861564639	23.72926948280836	23.776765127740084	24.295870829621684	23.859718876279256	23.945871137974624	24.151087343799507	NA	23.97837217148305	23.784630662755855
P11142	7	HSPA8	0.9992	sp|P11142|HSP7C_HUMAN	P11142	HSP7C_HUMAN	Heat shock cognate 71 kDa protein	Homo sapiens		24.177903206038657	23.336743240023345	26.388131927503906	23.232066145149936	24.462154898984327	22.563599513919723	24.802053579028406	23.706350825303552	22.091008625041493	23.303660218542067	24.84539450418763	22.420725394672697	22.244863505209572	NA	25.13766961700981	24.32482536415172	24.219736393646716
P11150	1	LIPC	0.9039	sp|P11150|LIPC_HUMAN	P11150	LIPC_HUMAN	Hepatic triacylglycerol lipase	Homo sapiens		18.464916771842304	18.00373266128004	17.11635769587591	16.88305840919874	18.778472284498356	17.30277735801219	17.126660855442502	17.906203546793375	17.24166601040204	20.470027620672006	NA	18.76244821977012	17.671001816013657	NA	NA	18.40147945353018	18.06060189535532
P11166	1	SLC2A1	0.9972	sp|P11166|GTR1_HUMAN	P11166	GTR1_HUMAN	Solute carrier family 2, facilitated glucose transporter member 1	Homo sapiens		23.86250077580993	NA	NA	24.26191369738675	NA	NA	NA	22.865657014953204	NA	23.777389610608274	NA	NA	NA	NA	NA	NA	NA
P11169	1	SLC2A3	0.9665	sp|P11169|GTR3_HUMAN	P11169	GTR3_HUMAN	Solute carrier family 2, facilitated glucose transporter member 3	Homo sapiens		17.445055541834513	NA	18.299597319832735	NA	NA	NA	NA	NA	NA	NA	17.10740651001877	NA	NA	NA	NA	16.912944250895052	NA
P11171	1	EPB41	0.9959	sp|P11171|EPB41_HUMAN	P11171	EPB41_HUMAN	Protein 4.1	Homo sapiens		19.536519749969056	18.326497522440093	19.762562121432495	21.005391957081788	18.867530246017264	20.202533000152936	19.45206986529011	19.547210667176163	18.60871675800385	20.4467051871787	20.266998590764697	17.75974030605409	18.877630140661406	NA	NA	19.273403557649324	19.712642797804072
P11215	1	ITGAM	0.9997	sp|P11215|ITAM_HUMAN	P11215	ITAM_HUMAN	Integrin alpha-M	Homo sapiens		20.46743947951865	NA	NA	NA	20.157644126976695	NA	NA	NA	NA	NA	NA	NA	NA	NA	NA	NA	NA
P11216	3	PYGB	0.9993	sp|P11216|PYGB_HUMAN	P11216	PYGB_HUMAN	Glycogen phosphorylase, brain form	Homo sapiens		21.51972054040831	20.647302254892782	23.41846075797688	19.464669404482752	21.64784776732775	20.55145007313862	22.11645848637713	20.733126412596725	20.435307060665174	21.057833214930625	22.062872108471307	20.993315867726086	20.858153626697685	NA	NA	22.116217794297523	21.07236238776095
P11226	8	MBL2	1.0	sp|P11226|MBL2_HUMAN	P11226	MBL2_HUMAN	Mannose-binding protein C	Homo sapiens		26.706315132468752	27.126183787945216	25.88546074931233	27.481210580054555	27.08090995578651	27.497289013580787	26.556023412318368	25.53906226619747	25.92672030853482	27.67067077286439	25.720910195646123	27.324381847373466	25.72151731979486	NA	NA	26.427487536850204	26.002818340154064
P11234	2	RALB	0.998	sp|P11234|RALB_HUMAN	P11234	RALB_HUMAN	Ras-related protein Ral-B	Homo sapiens		20.91313102489213	20.599011615009307	23.11747237053579	NA	21.558599904217285	19.109174427308627	21.592630943241762	19.982959981895192	18.878206524044025	17.732672517461307	21.852483997855412	NA	18.795076209030665	21.389102414965635	NA	20.902868243308834	20.9581637763816
P11277	14	SPTB	1.0	sp|P11277|SPTB1_HUMAN	P11277	SPTB1_HUMAN	Spectrin beta chain, erythrocytic	Homo sapiens		23.07591552349253	22.238728564107745	23.57600021582278	24.37320424315916	22.692676914051024	23.55185287318075	22.97584758937456	22.373693115445516	22.035190558771518	23.621160236179417	23.475709977282722	22.283921279155702	22.265287679712177	NA	NA	22.97303990863614	23.086239068844886
P11413	2	G6PD	0.9919	sp|P11413|G6PD_HUMAN	P11413	G6PD_HUMAN	Glucose-6-phosphate 1-dehydrogenase	Homo sapiens		22.6484160035107	21.972650853283742	24.610498355594295	21.682228374787776	22.253838699890967	21.405102967822305	22.348034001438876	23.263246153704404	21.361526112216552	21.252981252705542	23.520241385430893	21.41340186812006	19.56271024065541	NA	NA	22.497503066740386	22.870460278033843
P11586	1	MTHFD1	0.9966	sp|P11586|C1TC_HUMAN	P11586	C1TC_HUMAN	C-1-tetrahydrofolate synthase, cytoplasmic	Homo sapiens		20.08129886948046	20.09433629206698	19.44588697107696	21.14194522711213	NA	NA	NA	NA	NA	NA	NA	NA	NA	NA	NA	NA	NA
P11597	6	CETP	1.0	sp|P11597|CETP_HUMAN	P11597	CETP_HUMAN	Cholesteryl ester transfer protein	Homo sapiens		24.213304125208317	23.92885293724569	23.209414501495825	24.705989016354707	24.08388943270574	24.167108821050007	24.775991759505064	24.483942151248065	25.11190701289572	24.965269681447147	23.638176323944695	24.349214245796066	24.002728163004665	NA	NA	24.11494648971178	23.963593691603762
P11717	11	IGF2R	0.9998	sp|P11717|MPRI_HUMAN	P11717	MPRI_HUMAN	Cation-independent mannose-6-phosphate receptor	Homo sapiens		21.66194175919069	22.203702345682945	20.779735116164268	21.69353745946933	21.807509553621696	21.964357829859058	21.5579713017449	21.75001716159466	22.121617789986473	22.02130945791656	21.51422272850998	22.495670350925252	22.16912897697564	NA	NA	21.457832721715505	21.57334589406768
P12109	2	COL6A1	1.0	sp|P12109|CO6A1_HUMAN	P12109	CO6A1_HUMAN	Collagen alpha-1(VI) chain	Homo sapiens		20.284375977095507	20.930529762442553	19.880189891581196	19.92442289770959	20.641282719104343	20.789109473198693	20.704691558927575	19.940699426519558	20.50652040588174	20.36442387542407	20.353871089026022	20.840066290339692	20.630320261898426	NA	NA	20.6149769914826	20.113387411850972
P12111	7	COL6A3	1.0	sp|P12111|CO6A3_HUMAN	P12111	CO6A3_HUMAN	Collagen alpha-3(VI) chain	Homo sapiens		21.895149438213767	22.47122021158596	21.53133020904601	22.41756291299782	21.92128029042096	22.218299119313283	21.863820523203717	22.125179808842958	22.27321676182802	22.341185906870862	22.008806914652055	22.448871243672535	22.166638911746038	NA	22.718075100952294	21.97968186537786	21.864186063043785
P12259	18	F5	1.0	sp|P12259|FA5_HUMAN	P12259	FA5_HUMAN	Coagulation factor V	Homo sapiens		28.003529823488552	28.317512146416195	28.013241720975362	28.669259669838816	27.839787716359293	28.32868884967275	28.27303431450943	28.427318608519133	28.38561282825469	27.79932410753616	27.936555804001756	27.978841667965614	28.61810131856775	NA	28.12512476766535	28.082241281139655	28.14169020182524
P12429	2	ANXA3	0.9961	sp|P12429|ANXA3_HUMAN	P12429	ANXA3_HUMAN	Annexin A3	Homo sapiens		19.297853087319154	16.949923412775977	18.803078735863348	17.489006928454145	19.238214085621248	17.646001529647034	20.93936991350723	20.259563876160737	19.56295807478147	17.680117512613233	19.006859549679838	NA	17.3411763223888	NA	NA	19.097328507718288	19.10818473648335
P12814	21	ACTN1	1.0	sp|P12814|ACTN1_HUMAN	P12814	ACTN1_HUMAN	Alpha-actinin-1	Homo sapiens		25.972186943690215	24.86096200660736	28.10522089822557	22.07033907907824	26.086500827202283	24.27732956226442	26.4998385817952	24.29654236415012	24.12087602253586	22.22076335543487	25.9163549146239	23.84730593604624	23.385467034473916	23.061934090674068	26.437259682096	25.542502153345858	25.518647591976816
P12821	3	ACE	0.9583	sp|P12821|ACE_HUMAN	P12821	ACE_HUMAN	Angiotensin-converting enzyme	Homo sapiens		19.706324296975563	20.238716560523	18.829900256106132	20.870528172536456	20.674699607000043	19.372441561719963	19.10726378668519	19.590567710807232	20.14995879737445	20.04120691184466	19.168132032561626	19.48618115873018	20.012953471204426	NA	NA	19.359262940917468	19.799681365363476
P12830	5	CDH1	0.9999	sp|P12830|CADH1_HUMAN	P12830	CADH1_HUMAN	Cadherin-1	Homo sapiens		21.716738915668998	22.77579942027889	20.95274996157198	22.144670664926394	21.725930752122984	21.939967297272993	21.74683267063471	21.75366140499872	22.291540645720943	21.50119004739736	21.331961362848187	22.82658742079975	22.009936320610745	NA	NA	21.797726522518925	21.926447598177674
P12931	2	SRC	0.9635	sp|P12931|SRC_HUMAN	P12931	SRC_HUMAN	Proto-oncogene tyrosine-protein kinase Src	Homo sapiens		21.158672796853445	19.361851221177194	23.154992185311755	NA	21.454124527348128	18.051800372117782	21.561643665095847	20.643244970373907	NA	17.75357986541677	21.19287694319501	NA	NA	NA	NA	20.97896816964534	20.728193496754667
P12955	6	PEPD	1.0	sp|P12955|PEPD_HUMAN	P12955	PEPD_HUMAN	Xaa-Pro dipeptidase	Homo sapiens		23.316599483056983	23.39185126255729	23.23281017720775	23.46000415740191	23.38222431028623	23.486191633321297	23.29429077546898	23.40570664725728	23.859325675577104	23.970745877430588	23.43670560851239	23.220260513513722	24.16094007411108	NA	23.39015815588356	23.413759897829294	23.388785735397438
P13224	2	GP1BB	0.9776	sp|P13224|GP1BB_HUMAN	P13224	GP1BB_HUMAN	Platelet glycoprotein Ib beta chain	Homo sapiens		23.414006116204572	21.808078119028064	25.13069951915777	NA	23.60433173603431	19.645552288964353	23.530289824915986	22.05968832150872	NA	NA	22.777099469959026	20.97468514435638	NA	NA	NA	22.694981222115445	22.78135938667345
P13473	2	LAMP2	0.992	sp|P13473|LAMP2_HUMAN	P13473	LAMP2_HUMAN	Lysosome-associated membrane glycoprotein 2	Homo sapiens		19.545752590883158	20.111695621410348	19.1584584001817	20.019097873484764	19.64054841895582	20.70515101451225	19.43576278540665	19.47715307262795	19.850693406610638	19.59468543683756	19.364566873959475	19.87182342823786	19.33322934421684	NA	NA	19.53787545429095	19.27053192664998
P13497	3	BMP1	0.9998	sp|P13497|BMP1_HUMAN	P13497	BMP1_HUMAN	Bone morphogenetic protein 1	Homo sapiens		21.624668678963832	21.871526652057575	21.39197793672311	21.496361877680695	21.95023388202421	21.25933603035659	21.6317120030115	21.951684198822498	22.05361949086288	21.85121332671902	21.6017073413084	21.99315472255977	21.542502479414054	NA	NA	21.484537556228865	21.658143591567892
P13501	1	CCL5	0.9534	sp|P13501|CCL5_HUMAN	P13501	CCL5_HUMAN	C-C motif chemokine 5	Homo sapiens		19.248896277158348	18.7015390314281	21.956891325348778	NA	19.214866085362228	NA	18.109951749388877	17.566792745904678	17.52734305459956	16.870994950032994	18.31004567899048	16.031523871065872	16.83952218609444	NA	NA	19.06269833245496	19.335288607891016
P13591	7	NCAM1	0.9964	sp|P13591|NCAM1_HUMAN	P13591	NCAM1_HUMAN	Neural cell adhesion molecule 1	Homo sapiens		22.63387137887479	22.86941510095138	21.76622834651854	22.77261888452686	22.919688241033466	22.989853270888897	22.77641930511573	22.95997834887948	23.49965882965988	22.978481528312106	22.233213992526895	23.113216574758972	22.834567019893736	NA	22.691381827116068	22.523091290701306	22.826081939180863
P13611	1	VCAN	0.9863	sp|P13611|CSPG2_HUMAN	P13611	CSPG2_HUMAN	Versican core protein	Homo sapiens		20.354274890123445	20.14385997054746	NA	20.6688453993777	19.89656635316218	20.524592829645375	NA	20.02739683216139	20.666394713731208	21.119130176419798	20.427555223962216	20.28978243346305	NA	NA	NA	NA	20.36774257618512
P13645	33	KRT10	1.0	sp|P13645|K1C10_HUMAN	P13645	K1C10_HUMAN	Keratin, type I cytoskeletal 10	Homo sapiens		29.96641613528153	29.942887790746298	30.31393180734017	30.200340774821537	29.405419003335542	31.560259394732213	29.475868838059128	29.998080321256307	29.944934955766048	29.355100124138357	29.355377830539194	30.007112027123906	30.310753864910897	29.331331802976877	29.596076618814976	30.18768285593175	30.297201090669372
P13647	21	KRT5	0.9999	sp|P13647|K2C5_HUMAN	P13647	K2C5_HUMAN	Keratin, type II cytoskeletal 5	Homo sapiens		26.950104975020448	27.051929041506522	27.3234284117979	27.45490301624652	26.53757642620323	28.112945056034135	26.901827384251508	26.955772769849073	26.84371414935669	26.58330164376371	26.283564813299105	27.611906234396944	27.672115828895585	26.031214138898555	26.34834235988529	27.310064403465223	27.40793765447686
P13667	3	PDIA4	1.0	sp|P13667|PDIA4_HUMAN	P13667	PDIA4_HUMAN	Protein disulfide-isomerase A4	Homo sapiens		21.866830683199563	21.56851602701101	22.859379993843405	20.45634745453868	22.280032921624777	20.832720399872343	22.363161128824046	21.550834809990473	21.108343038840243	20.941463766420995	21.99286349356879	21.468676571015664	20.851333906481848	NA	NA	21.749871045478432	22.00616750703597
P13671	13	C6	1.0	sp|P13671|CO6_HUMAN	P13671	CO6_HUMAN	Complement component C6	Homo sapiens		28.782073796768632	29.422425551179288	28.35051928056348	28.917055307862093	28.608450896013082	28.75869417330174	28.56770394388003	29.138516678544953	29.204110586964735	29.2924788806572	28.65054679976753	29.38156273712648	29.112781447108905	NA	NA	28.724417310842824	28.618021538190945
P13716	2	ALAD	0.9998	sp|P13716|HEM2_HUMAN	P13716	HEM2_HUMAN	Delta-aminolevulinic acid dehydratase	Homo sapiens		22.489947576677675	22.468736257085965	23.53889822286198	23.181814954622116	22.225278247164738	22.36178640651839	22.129512617699817	22.909822086333005	20.84424790733941	22.806233596603512	22.317011079739892	20.888653837795065	21.308858749245584	NA	NA	21.964283684974426	21.344965010570164
P13727	2	PRG2	0.9848	sp|P13727|PRG2_HUMAN	P13727	PRG2_HUMAN	Bone marrow proteoglycan	Homo sapiens		19.652536648700636	20.399047244007026	20.077414622503856	19.606572997059295	19.78612929806848	20.04382893029841	18.526290541630622	19.607837365248272	20.128427133789735	20.568921319245913	18.274441250217713	20.109410069562387	19.7838890378141	NA	20.31935419766687	19.365266543650236	19.45936277831515
P13796	10	LCP1	1.0	sp|P13796|PLSL_HUMAN	P13796	PLSL_HUMAN	Plastin-2	Homo sapiens		24.117871843134697	24.278221572793903	24.17833783779873	23.92612333861325	23.914322038041096	23.97497944513113	24.23668639021261	24.8862872240597	24.696174340748104	24.54897635770903	24.064853332310577	24.088931026563817	24.311838841597243	24.649654799082295	NA	24.26926133346781	24.059146326126367
P14151	3	SELL	0.9917	sp|P14151|LYAM1_HUMAN	P14151	LYAM1_HUMAN	L-selectin	Homo sapiens		22.84734657276291	22.629744067908074	21.753052688817927	23.450777565572203	22.88303832710756	22.46256044492924	23.07507705175824	23.228629900648702	23.53046338235559	23.459355173822452	22.57151033729615	23.762302040010056	22.847388142462822	NA	NA	23.044309561967662	22.38456291618475
P14209	1	CD99	0.9992	sp|P14209|CD99_HUMAN	P14209	CD99_HUMAN	CD99 antigen	Homo sapiens		21.552894602829735	21.511295648943182	22.02712225426927	21.444704845257963	22.14788364178225	21.497959151468773	22.16889672901387	21.37457620469608	21.984651675319665	21.393702943312796	21.420425926470163	21.67725108846002	21.71360594787306	NA	NA	21.9194750220864	21.815392526767504
P14314	5	PRKCSH	1.0	sp|P14314|GLU2B_HUMAN	P14314	GLU2B_HUMAN	Glucosidase 2 subunit beta	Homo sapiens		22.585424323058415	22.637656589781237	22.69625469994959	22.239674099982516	22.003052799694615	22.303101341873898	22.745141009211594	22.324440035425567	22.409397291274914	22.042956958707485	22.758457829657665	23.214133638692033	23.022708696496313	NA	NA	22.331861715019496	22.705737209169744
P14384	1	CPM	1.0	sp|P14384|CBPM_HUMAN	P14384	CBPM_HUMAN	Carboxypeptidase M	Homo sapiens		18.978909121110558	19.508928634596558	18.15648207501713	19.575685601697657	19.206531582401972	19.158057854742385	18.762611573415587	19.14083086304508	19.414101551175314	19.03325600297709	19.753140250538372	19.279890460925376	19.31469766254851	NA	NA	19.280429380612045	18.905246618787725
P14543	8	NID1	0.9993	sp|P14543|NID1_HUMAN	P14543	NID1_HUMAN	Nidogen-1	Homo sapiens		23.318631991308195	23.48694055499503	24.69263015883536	22.80718946897473	23.11511734440784	21.952650263098665	22.305923418850746	23.41778938749828	23.09858389365601	23.587933002174708	22.778083454327316	23.12684225421249	23.497721595132138	NA	NA	23.471423492085314	23.52182065911107
P14618	7	PKM	1.0	sp|P14618|KPYM_HUMAN	P14618	KPYM_HUMAN	Pyruvate kinase PKM	Homo sapiens		22.868343959631172	22.248028236326654	24.90506208866344	20.849480112199046	23.14519317187048	22.41649393730662	23.34711124464751	22.554909659980236	21.594719888410584	21.70214878748126	23.24942684600252	20.9934741434149	21.529531659817746	NA	NA	22.19748306832945	22.697765471261643
P14625	10	HSP90B1	1.0	sp|P14625|ENPL_HUMAN	P14625	ENPL_HUMAN	Endoplasmin	Homo sapiens		24.091349738447988	24.01056175959346	25.710620048164355	23.71477581548303	24.351062131342523	23.36588484325504	24.27321515315714	24.084570009754326	23.426722425885742	23.557659821221055	24.348810316937087	23.948967583160407	23.69209048399621	NA	NA	23.967655511799936	24.176973140962083
P14770	2	GP9	0.9927	sp|P14770|GPIX_HUMAN	P14770	GPIX_HUMAN	Platelet glycoprotein IX	Homo sapiens		23.994817688873077	22.712678973816143	25.787296256546288	NA	23.35263247337733	19.88145240633767	23.55564543749724	22.169095551691317	NA	20.403410775434832	24.03786957183663	NA	NA	NA	NA	23.595664429859628	23.417581200715894
P14780	3	MMP9	0.9994	sp|P14780|MMP9_HUMAN	P14780	MMP9_HUMAN	Matrix metalloproteinase-9	Homo sapiens		20.260081441069254	19.958527801681445	17.703779139943137	19.50989667162487	19.647730485266955	20.497143775808098	20.233012046533045	20.19379795272065	19.809395542349908	21.57803862085988	20.073862783720948	19.88091022556839	20.137704567685514	NA	NA	19.83716124295401	20.468858266348356
P14868	2	DARS1	0.9919	sp|P14868|SYDC_HUMAN	P14868	SYDC_HUMAN	Aspartate--tRNA ligase, cytoplasmic	Homo sapiens		21.802139937088903	NA	21.97541626318536	NA	NA	NA	NA	NA	NA	NA	21.159967617719815	NA	NA	NA	NA	NA	NA
P14923	4	JUP	1.0	sp|P14923|PLAK_HUMAN	P14923	PLAK_HUMAN	Junction plakoglobin	Homo sapiens		21.607126583475356	21.608656965301705	21.91616961913339	21.864133247181478	21.325801810514037	22.984888071455373	21.044262838651097	21.334261705018186	21.63844667045286	21.4727945020033	20.977270876462594	22.031479893969088	22.32278724741183	21.473792638379706	NA	22.102928809165686	22.07797650203305
P15144	12	ANPEP	1.0	sp|P15144|AMPN_HUMAN	P15144	AMPN_HUMAN	Aminopeptidase N	Homo sapiens		23.889029426182542	23.898876747727623	23.17577005072571	24.27139246983446	24.157981218807034	24.569812591923448	23.957169529869226	24.142352579160836	24.2535100432902	24.469881788820217	23.639655032601453	23.92284356207809	23.926570670802356	NA	22.052572090382053	23.846735255997658	23.820223466829738
P15169	9	CPN1	0.9997	sp|P15169|CBPN_HUMAN	P15169	CBPN_HUMAN	Carboxypeptidase N catalytic chain	Homo sapiens		25.70715572590631	25.85910710804453	25.23519860615456	25.632729735040044	25.831881343859393	26.035961080796636	25.572911353379666	26.026649461905144	25.893110930648042	26.444480718260415	25.05017192508386	26.117484546937767	26.107650934334227	NA	NA	25.595543507219652	25.787951875178745
P15291	2	B4GALT1	0.9762	sp|P15291|B4GT1_HUMAN	P15291	B4GT1_HUMAN	Beta-1,4-galactosyltransferase 1	Homo sapiens		21.220730547342274	22.2644367538271	20.486909308495168	21.030387334579295	21.306195406673467	21.20600655620239	20.318979310011873	21.24434868973198	21.330194346576636	21.94839863896708	20.92276009355093	22.23836066571328	21.507286401404812	NA	NA	20.991402328246565	21.662251576642937
P15814	4	IGLL1	0.9771	sp|P15814|IGLL1_HUMAN	P15814	IGLL1_HUMAN	Immunoglobulin lambda-like polypeptide 1	Homo sapiens		25.226366576054133	24.759755868513878	24.68718169698476	25.312379330673746	25.805246638113964	25.294032374753915	24.411841911988315	25.591237967021197	25.3866675311706	24.662135994157197	26.19730366884486	25.092590805035154	23.908638452754957	NA	NA	26.37155765891198	25.94624873161338
P15907	1	ST6GAL1	0.9966	sp|P15907|SIAT1_HUMAN	P15907	SIAT1_HUMAN	Beta-galactoside alpha-2,6-sialyltransferase 1	Homo sapiens		20.45160885048547	20.184913265096444	20.536559600328694	20.178654471093477	20.878027087093784	20.49001339791716	20.439037132836365	21.038811848522418	20.05580234037075	21.091563032612274	20.100284906614434	21.078767487054705	20.767664379893272	NA	NA	20.555637173292926	20.274537348413592
P15924	16	DSP	1.0	sp|P15924|DESP_HUMAN	P15924	DESP_HUMAN	Desmoplakin	Homo sapiens		23.211179012424434	22.808376625857953	23.629609606127563	23.70358733585661	22.790070714009516	24.573843753049907	22.791242007426277	22.95996413318015	23.11685848043266	22.741457714333258	22.36343295229769	23.946828798450326	23.71105590326539	NA	24.063596783558072	23.613426921450188	23.647960204384162
P16035	2	TIMP2	0.9996	sp|P16035|TIMP2_HUMAN	P16035	TIMP2_HUMAN	Metalloproteinase inhibitor 2	Homo sapiens		22.132459018060786	22.673141855596143	21.832516651267515	22.51079048251983	22.201032512890098	22.740892854781034	22.06187689036912	22.03287306778014	22.94316300200958	22.212554477642342	22.332257658334782	22.07853096510797	22.493288835507236	NA	NA	22.317000677293546	22.0877626028357
P16070	4	CD44	1.0	sp|P16070|CD44_HUMAN	P16070	CD44_HUMAN	CD44 antigen	Homo sapiens		24.131850009462344	24.552977910717175	23.63477852634239	24.303337092804107	23.705116952665907	24.6290122351175	23.77763445717752	24.688289468435304	24.8608289145447	24.68595952414328	23.628689033058563	24.6365801360528	24.354840597242045	NA	NA	23.99276359891496	24.0593513770002
P16109	4	SELP	0.9914	sp|P16109|LYAM3_HUMAN	P16109	LYAM3_HUMAN	P-selectin	Homo sapiens		22.904583547614948	22.3810337684317	23.86664637988848	21.03111443795984	22.867674031228976	21.651956847112057	23.428776299570487	22.116909549494633	22.206279977922897	22.347581777894174	22.738628769999355	21.565387219147187	20.688564133214506	NA	NA	22.97879538198808	22.556606214374042
P16112	1	ACAN	0.9754	sp|P16112|PGCA_HUMAN	P16112	PGCA_HUMAN	Aggrecan core protein	Homo sapiens		21.359738838198197	NA	NA	NA	NA	NA	NA	21.247372030833123	NA	NA	NA	NA	NA	NA	NA	NA	NA
P16157	11	ANK1	0.9992	sp|P16157|ANK1_HUMAN	P16157	ANK1_HUMAN	Ankyrin-1	Homo sapiens		21.522461922680463	20.628819499518798	21.584397815701397	23.004646499141387	21.26534141550953	21.780616192228003	21.48619068963711	20.914626516866377	20.390982189283854	22.220411712791105	21.73712221779009	20.76688370854149	20.50709219390904	NA	NA	21.41433137889009	21.68875854432287
P16284	6	PECAM1	1.0	sp|P16284|PECA1_HUMAN	P16284	PECA1_HUMAN	Platelet endothelial cell adhesion molecule	Homo sapiens		22.522972165176046	22.03050638065782	24.54126465002062	20.815880849242482	23.21794342813735	20.93369239465043	23.229431920393512	21.6238186666978	21.2873374643565	21.095130892463	22.975870387391012	20.86289310532229	21.011185466664223	NA	NA	22.669502568465543	22.247588692137388
P16452	2	EPB42	0.9914	sp|P16452|EPB42_HUMAN	P16452	EPB42_HUMAN	Protein 4.2	Homo sapiens		19.478615196968118	19.599457171145396	18.941665363454007	21.119120887863172	19.386545340171125	20.19237060142144	19.94141557319338	19.407294217538777	18.561798069243377	20.327319407337015	19.976664127101966	18.926449071517453	18.4946954531618	19.748595491294743	NA	19.49637506488965	19.436712951862297
P16581	1	SELE	0.9775	sp|P16581|LYAM2_HUMAN	P16581	LYAM2_HUMAN	E-selectin	Homo sapiens		18.49554652893082	18.235528614396625	NA	18.639560847792907	17.420335888667555	18.193611999670026	17.960550359153515	17.22069131071386	17.987116489822697	20.579888147488262	17.519345994524066	17.506808679654636	18.22349279847948	NA	NA	18.08815514324143	18.284482188877817
P16885	2	PLCG2	0.9732	sp|P16885|PLCG2_HUMAN	P16885	PLCG2_HUMAN	1-phosphatidylinositol 4,5-bisphosphate phosphodiesterase gamma-2	Homo sapiens		19.736670304133366	NA	19.355534830236746	NA	NA	NA	20.194142705572588	NA	NA	NA	NA	NA	NA	NA	NA	NA	NA
P16930	7	FAH	1.0	sp|P16930|FAAA_HUMAN	P16930	FAAA_HUMAN	Fumarylacetoacetase	Homo sapiens		23.498735665528095	23.770562138781273	22.97184405242927	25.25266028194499	22.976358871135453	24.2845439303635	23.629341471998163	23.16675580557338	22.56200713072977	23.84857779987221	23.863697111241695	23.292765023793176	23.503216758451874	NA	23.25604101083452	23.77171377546879	23.78252897502512
P17174	3	GOT1	0.9993	sp|P17174|AATC_HUMAN	P17174	AATC_HUMAN	Aspartate aminotransferase, cytoplasmic	Homo sapiens		21.37884297497823	20.940585814667173	20.284133004784096	22.38415870644563	20.401038943076923	20.997829935785628	20.924158768785972	20.809995388052695	20.567332596659487	23.29737769502289	20.66842242780376	20.61975860988614	20.847986209400784	NA	NA	21.38623738570138	21.080946876070467
P17301	4	ITGA2	0.9996	sp|P17301|ITA2_HUMAN	P17301	ITA2_HUMAN	Integrin alpha-2	Homo sapiens		21.679031793517378	21.60548353113567	22.32882258355708	20.786524116885865	22.323535313465168	21.350016530241803	22.385989311916713	21.65002476753586	20.64853017265493	20.3581594835852	21.890050732949128	21.16917764146322	21.822694322180144	22.49176939351001	NA	21.21413145090938	22.013838203577688
P17813	1	ENG	1.0	sp|P17813|EGLN_HUMAN	P17813	EGLN_HUMAN	Endoglin	Homo sapiens		21.644887575405033	22.081137036398438	20.626694969572476	22.120659103058237	21.748128169522456	21.7551581036408	21.732774964331206	21.860639579740056	22.095142966888282	22.25240560655307	21.65807616122741	21.57503785439841	22.303135760280973	NA	NA	21.351902922772332	22.01944919737586
P17858	3	PFKL	0.9999	sp|P17858|PFKAL_HUMAN	P17858	PFKAL_HUMAN	ATP-dependent 6-phosphofructokinase, liver type	Homo sapiens		20.03748245285203	19.492704014330112	21.29284312671069	20.65505326242604	20.225651121921345	19.852024355423236	20.191585172386464	19.76395054249003	19.31896379074727	20.079633523958563	20.708201418508438	19.52399800737323	19.886271773708735	NA	NA	20.29673808659502	19.75959459763969
P17900	1	GM2A	0.9918	sp|P17900|SAP3_HUMAN	P17900	SAP3_HUMAN	Ganglioside GM2 activator	Homo sapiens		19.84277715438022	20.669479781258175	19.587083953006786	19.89185630285547	19.589841278928635	20.07889883566979	19.42694941618363	19.888477169913948	19.602222809162793	20.089549449473743	19.219213638625906	21.33924154581221	20.496990238031838	NA	NA	19.635175853262496	20.240862773451042
P17931	1	LGALS3	0.9777	sp|P17931|LEG3_HUMAN	P17931	LEG3_HUMAN	Galectin-3	Homo sapiens		20.261715367646577	20.25709975936914	20.232186886253135	20.189253535762564	20.3693839876197	20.432653721631183	20.01804415544272	20.581193593035287	20.15118973890081	20.990443989267117	19.818850332328843	21.240887390109656	20.272124462608133	NA	NA	20.370125615694015	20.243838616235934
P17936	5	IGFBP3	1.0	sp|P17936|IBP3_HUMAN	P17936	IBP3_HUMAN	Insulin-like growth factor-binding protein 3	Homo sapiens		25.086187883721742	25.1443884510056	24.823449330480695	25.1167597280971	25.022362928835214	24.87057865509647	25.140596221817166	25.412263171690125	25.785059982899025	25.924902724961772	24.82620796054656	25.291944564100245	25.299298014533743	NA	NA	24.93534911079003	25.45862400063914
P17987	1	TCP1	0.9259	sp|P17987|TCPA_HUMAN	P17987	TCPA_HUMAN	T-complex protein 1 subunit alpha	Homo sapiens		16.803709114418492	NA	18.420945580478865	16.216445389298137	16.59213096388137	15.734297491106433	17.237584958373592	16.03645662585859	16.500387729356362	16.072753018766853	16.152801475717133	NA	NA	NA	NA	17.017356519037676	NA
P18065	5	IGFBP2	1.0	sp|P18065|IBP2_HUMAN	P18065	IBP2_HUMAN	Insulin-like growth factor-binding protein 2	Homo sapiens		23.480401573785752	23.488588233398612	22.813438214245696	23.219048736818152	23.25089085648225	23.159219604843592	22.440655590724077	24.174734726093924	23.936716300436572	24.065877915922517	22.74921099198809	24.925352113448703	23.761769185444738	NA	NA	23.229081283030876	23.398408799169612
P18206	30	VCL	1.0	sp|P18206|VINC_HUMAN	P18206	VINC_HUMAN	Vinculin	Homo sapiens		25.755118876921046	25.132427668977066	27.93023522670147	23.35562138985953	26.00212089453719	23.700127672785303	26.430923017396992	24.926483147863063	23.94074147478008	23.524875890392554	26.455820088577507	23.842626814748193	23.770953319098968	25.10448455299438	NA	25.85366652282529	25.831345789785235
P18428	9	LBP	1.0	sp|P18428|LBP_HUMAN	P18428	LBP_HUMAN	Lipopolysaccharide-binding protein	Homo sapiens		25.72844581920287	25.706597472351323	24.891460516983337	25.341863009918374	24.89218083130547	25.370324384915207	24.378132104870136	25.61531268148468	25.007573223764762	27.3724063332799	25.48183499083395	27.080278057393247	25.565487582094562	NA	NA	25.381973631819015	25.468036269141823
P18669	4	PGAM1	0.9986	sp|P18669|PGAM1_HUMAN	P18669	PGAM1_HUMAN	Phosphoglycerate mutase 1	Homo sapiens		22.740450761727683	22.005800146759213	23.733031692607494	22.42100059739945	22.433149254973095	21.762009536474597	23.37884073460058	23.571181214868403	22.190417471580687	23.56289517064334	23.05178473859993	21.620926144722933	21.532879444465955	NA	NA	22.865304994741543	22.80963998698589
P18850	1	ATF6	0.9834	sp|P18850|ATF6A_HUMAN	P18850	ATF6A_HUMAN	Cyclic AMP-dependent transcription factor ATF-6 alpha	Homo sapiens		19.986408018596947	NA	NA	NA	NA	NA	NA	NA	NA	19.375092007453777	NA	NA	NA	NA	NA	NA	NA
P19021	4	PAM	0.9991	sp|P19021|AMD_HUMAN	P19021	AMD_HUMAN	Peptidyl-glycine alpha-amidating monooxygenase	Homo sapiens		21.219881523154314	22.04821460869623	20.862231466229524	21.614984014456336	20.37210814824695	21.750248022355418	21.211355009859602	21.50435266444623	21.65742862072865	21.45033468204841	21.332167342716335	21.55566045303278	21.722745464774693	NA	NA	21.162666626450957	21.1668378961935
P19022	1	CDH2	1.0	sp|P19022|CADH2_HUMAN	P19022	CADH2_HUMAN	Cadherin-2	Homo sapiens		20.023432403241138	20.811153176262	19.577148473124698	20.22340422783308	20.321429019210303	21.129020478697996	20.10789284154426	20.2914845882479	19.534446618529383	20.666486364321415	18.990268121510386	20.089220523523274	19.81922557721046	NA	NA	19.810018986253578	19.513035851466345
P19086	1	GNAZ	0.9865	sp|P19086|GNAZ_HUMAN	P19086	GNAZ_HUMAN	Guanine nucleotide-binding protein G(z) subunit alpha	Homo sapiens		15.601870875385732	15.644785549032468	16.84919046692484	NA	15.987583298651826	NA	15.611709368682137	NA	14.704282087371578	NA	15.322977718471044	NA	NA	NA	NA	15.494649431409506	15.456142856207952
P19320	7	VCAM1	0.9997	sp|P19320|VCAM1_HUMAN	P19320	VCAM1_HUMAN	Vascular cell adhesion protein 1	Homo sapiens		24.069844937932025	24.779508995729937	23.218038917802566	24.579293228647025	23.75911202841476	24.378839090134523	23.274968363333656	23.9575010059292	24.021188271190105	24.94083022892538	23.89365207984822	24.502124418360978	24.327863757414658	NA	NA	24.24086034180918	24.32263186022271
P19367	3	HK1	0.9959	sp|P19367|HXK1_HUMAN	P19367	HXK1_HUMAN	Hexokinase-1	Homo sapiens		22.82467870174617	21.057591221867597	25.0105901270363	NA	22.807454545593185	NA	23.129439900388736	21.30269799165783	21.617815882217283	19.349451023923454	22.863618680796208	20.386061741356095	NA	NA	NA	22.130522922522015	22.473964943965374
P19652	20	ORM2	1.0	sp|P19652|A1AG2_HUMAN	P19652	A1AG2_HUMAN	Alpha-1-acid glycoprotein 2	Homo sapiens		28.70727075062819	29.27188685239354	28.500905528280164	28.48215637756077	28.713783214933844	29.347408062936445	28.271496791164775	29.1110523390398	28.76591088071702	29.0725955629458	28.547591017835707	29.290584777907277	28.390764802468205	27.795683583112506	28.548731050528467	28.837107473905867	28.821835602235364
P19823	37	ITIH2	1.0	sp|P19823|ITIH2_HUMAN	P19823	ITIH2_HUMAN	Inter-alpha-trypsin inhibitor heavy chain H2	Homo sapiens		30.13981842887229	30.74659133904317	29.595555254583434	30.456652641030605	30.42052133477276	29.668981229683393	30.311540277357548	30.348115910845905	30.51340894460429	30.65637485950367	30.00034728412945	30.89386083047033	30.5666440936163	29.917019160825436	30.341432797249606	30.112212792304277	30.26014558925574
P19827	32	ITIH1	1.0	sp|P19827|ITIH1_HUMAN	P19827	ITIH1_HUMAN	Inter-alpha-trypsin inhibitor heavy chain H1	Homo sapiens		30.295749439559835	30.79763013366044	29.73801392982644	30.279854234529456	30.591790789899424	29.827122112266217	30.346138640112095	30.47942766951725	30.711097125872165	30.835629482100416	30.094544652806565	31.151084974086505	30.574765824061604	31.75875422236308	30.98866804583422	30.354699291034677	30.309774485012575
P20073	1	ANXA7	0.9791	sp|P20073|ANXA7_HUMAN	P20073	ANXA7_HUMAN	Annexin A7	Homo sapiens		22.634898770338623	NA	22.480087309775655	NA	NA	NA	NA	NA	NA	NA	NA	NA	NA	NA	NA	NA	NA
P20340	2	RAB6A	0.9054	sp|P20340|RAB6A_HUMAN	P20340	RAB6A_HUMAN	Ras-related protein Rab-6A	Homo sapiens		21.29599316898291	20.16213338806355	23.324679628885793	19.546474894222445	21.57619553838157	19.644469414382023	22.45506097165624	20.94971896178369	20.674846937603775	20.198455383204756	21.408224017225265	NA	20.580496829557674	NA	NA	21.03080545804584	21.128461133682233
P20618	2	PSMB1	0.9999	sp|P20618|PSB1_HUMAN	P20618	PSB1_HUMAN	Proteasome subunit beta type-1	Homo sapiens		19.464334295178432	18.263407450427177	20.57246503260296	20.229968673156883	19.071546853703005	19.427062919464635	19.745687136782358	19.41057482175122	NA	19.80412885751158	19.97707876392123	19.526637425614485	19.10505096951422	NA	NA	19.698865827235043	18.577642752111327
P20742	9	PZP	1.0	sp|P20742|PZP_HUMAN	P20742	PZP_HUMAN	Pregnancy zone protein	Homo sapiens		25.37830345631093	25.92919603163408	21.86269424001312	22.653817982138673	24.586928414945145	23.17825921793724	23.75357358683411	25.43532074446391	22.63666291761251	23.406415367899694	23.206496964645286	28.234749111875193	26.417133445532368	26.188941323899368	25.344951447765034	25.79562504121666	25.486076957740316
P20774	1	OGN	0.976	sp|P20774|MIME_HUMAN	P20774	MIME_HUMAN	Mimecan	Homo sapiens		17.95778870297795	18.92269398212874	17.466262346515236	17.58319668189707	17.357799836453776	17.26389073684142	17.548759766127983	18.694036782131572	17.72258367377479	18.348334346620987	17.77798756358619	19.511561526726272	18.71350352669691	NA	NA	17.66032002802567	17.93814442576727
P20851	7	C4BPB	0.9999	sp|P20851|C4BPB_HUMAN	P20851	C4BPB_HUMAN	C4b-binding protein beta chain	Homo sapiens		27.88945146746447	27.961040254849284	27.0811778806804	27.74687823101323	27.901638552896188	27.87827110086592	27.98854703826566	28.644297611519487	28.093188699520198	28.23539488418665	27.531690774138987	28.331613910411562	28.545709788553975	NA	NA	27.87400472354852	27.903562100045203
P20930	2	FLG	0.998	sp|P20930|FILA_HUMAN	P20930	FILA_HUMAN	Filaggrin	Homo sapiens		19.270355529207475	18.82282001242925	19.21345816176367	19.879064457544544	18.455949383154888	20.307826239071264	19.444259330021715	19.385827412220674	19.48325879909158	19.005374746877855	17.915589701735342	19.142971863816786	19.69304156132021	NA	NA	18.57229507082988	19.99367019079599
P21291	3	CSRP1	0.9999	sp|P21291|CSRP1_HUMAN	P21291	CSRP1_HUMAN	Cysteine and glycine-rich protein 1	Homo sapiens		23.490096736352992	23.075631658753096	25.595045541865268	NA	23.945145343035655	20.512607699815682	24.054968386205164	22.631540739372692	20.906856756012544	20.179150824898553	23.708280861950282	21.358240571013667	NA	NA	NA	23.11326437952768	22.91646152988947
P21333	29	FLNA	1.0	sp|P21333|FLNA_HUMAN	P21333	FLNA_HUMAN	Filamin-A	Homo sapiens		26.590837888113942	24.887249957480254	28.71025154152575	24.297864274317696	26.421125520892797	24.21087993031682	26.84857620325108	24.977949504041916	25.064086116176178	23.036806281586625	26.386595478531397	24.51843532568381	24.146964092370975	23.9745815899231	NA	26.065487623919523	26.026135179340837
P21399	1	ACO1	0.974	sp|P21399|ACOHC_HUMAN	P21399	ACOHC_HUMAN	Cytoplasmic aconitate hydratase	Homo sapiens		18.594929088578123	19.89004789809086	18.957456572515092	19.610041328506195	17.847022939423937	NA	NA	17.925512389416216	18.397735632411706	18.52084011157588	19.113712512091485	18.053542749175946	18.440993950872315	NA	NA	NA	18.97622020761561
P21549	2	AGXT	0.985	sp|P21549|AGT1_HUMAN	P21549	AGT1_HUMAN	Alanine--glyoxylate aminotransferase	Homo sapiens		19.22191760932149	18.424451712684018	NA	18.57393105278584	NA	17.99087953470042	17.87657326958859	16.987170385607886	NA	20.9116634824018	NA	NA	NA	NA	NA	17.901557903756512	NA
P22004	1	BMP6	0.9776	sp|P22004|BMP6_HUMAN	P22004	BMP6_HUMAN	Bone morphogenetic protein 6	Homo sapiens		17.680343863461985	NA	NA	NA	NA	NA	NA	NA	NA	NA	NA	NA	NA	20.86170275393874	NA	NA	NA
P22105	9	TNXB	1.0	sp|P22105|TENX_HUMAN	P22105	TENX_HUMAN	Tenascin-X	Homo sapiens		23.2250037997115	23.687207098974334	22.802200118881974	23.13868212904103	23.75341822402239	23.05006194477112	22.953394576737747	23.154286114905208	23.855360682327866	23.79530044773994	23.78069056203203	23.00451841811093	23.480471530896924	NA	NA	23.464389491799405	23.287686210793016
P22314	1	UBA1	0.9358	sp|P22314|UBA1_HUMAN	P22314	UBA1_HUMAN	Ubiquitin-like modifier-activating enzyme 1	Homo sapiens		20.30826813986173	NA	20.153456679298763	NA	NA	NA	NA	NA	NA	NA	NA	NA	NA	NA	NA	NA	NA
P22352	9	GPX3	0.9999	sp|P22352|GPX3_HUMAN	P22352	GPX3_HUMAN	Glutathione peroxidase 3	Homo sapiens		26.388667624799446	26.47021675385319	25.86150853708086	27.097764912316997	26.136096473629117	27.1966061478891	26.804179432866782	26.4122242886952	27.097328362448167	26.550263074662862	26.408725264817082	26.07683058170311	27.054682014554107	NA	NA	26.327301777532437	26.32657845894428
P22392	2	NME2	0.9941	sp|P22392|NDKB_HUMAN	P22392	NDKB_HUMAN	Nucleoside diphosphate kinase B	Homo sapiens		21.47769223388644	21.300050945489645	23.21620716942623	21.677648197268038	21.428376739758548	19.97824477482277	21.9256753279451	21.182292255310834	20.1791011953035	20.67338019921768	21.8452694702054	20.419500724113853	19.973741963380302	NA	21.944396498695273	21.81466228557069	21.494273859284426
P22692	5	IGFBP4	0.9999	sp|P22692|IBP4_HUMAN	P22692	IBP4_HUMAN	Insulin-like growth factor-binding protein 4	Homo sapiens		23.211135312739522	23.85530892402538	22.623404614186573	22.844954831120216	23.263751235424678	23.15325720901705	22.536138440101098	23.460201897802424	23.020780008737454	23.731803648178055	23.138146265483016	24.615884726852876	23.408223175149992	NA	NA	23.338889856015765	23.288451644103613
P22694	2	PRKACB	0.9993	sp|P22694|KAPCB_HUMAN	P22694	KAPCB_HUMAN	cAMP-dependent protein kinase catalytic subunit beta	Homo sapiens		20.964894379622752	NA	22.795596574275958	NA	20.936863960353897	NA	21.34766255794972	20.349269901698584	NA	18.609700129110152	21.050815849789803	19.906359260473163	NA	NA	NA	19.81533737572485	20.197310020427903
P22735	1	TGM1	0.9971	sp|P22735|TGM1_HUMAN	P22735	TGM1_HUMAN	Protein-glutamine gamma-glutamyltransferase K	Homo sapiens		20.342374485547605	NA	NA	NA	NA	21.37770388743175	NA	19.456567979168614	NA	19.767346551063103	NA	20.07353591101344	NA	NA	NA	NA	NA
P22792	9	CPN2	1.0	sp|P22792|CPN2_HUMAN	P22792	CPN2_HUMAN	Carboxypeptidase N subunit 2	Homo sapiens		28.168470691105544	28.345690579699465	27.772830663293117	28.108449786376337	28.354347329063927	28.629394735941283	28.122768899730506	28.601631331320736	28.449446630822315	28.863458594582596	27.89992771841707	28.524463231850977	28.5373202662465	NA	27.924545625253117	28.035544886909914	28.108461008853457
P22891	7	PROZ	1.0	sp|P22891|PROZ_HUMAN	P22891	PROZ_HUMAN	Vitamin K-dependent protein Z	Homo sapiens		26.12210419877227	26.116094780161568	25.720402643624368	25.873776147427947	26.13892021842012	26.188158503544738	26.461949111702925	26.4308995908226	26.329270102981877	26.602865946108405	26.2306212464357	26.09447185900144	26.614864885752198	NA	NA	26.491128935738953	26.121974186539035
P22897	6	MRC1	1.0	sp|P22897|MRC1_HUMAN	P22897	MRC1_HUMAN	Macrophage mannose receptor 1	Homo sapiens		21.299784096641318	21.634716570652202	20.655740054168678	21.772233730162473	21.178688767153737	21.52946243649332	21.051760993359487	21.34083882952059	21.904290296485847	21.585957375396024	20.77174930101986	22.375465536149047	22.055740939168736	21.899883541295775	NA	21.18641995158891	21.347263585321567
P23083	6	IGHV1-2	1.0	sp|P23083|HV102_HUMAN	P23083	HV102_HUMAN	Immunoglobulin heavy variable 1-2	Homo sapiens		24.073698269242712	24.55937708161427	24.13163651672238	24.75577875262041	22.535629423122423	25.355540474874957	24.390350028630383	23.40172100323585	24.36215798262186	23.538069290837427	24.194917748805523	24.00658322032466	24.578802383835807	NA	NA	23.831773419129206	23.977433140783802
P23141	1	CES1	0.9989	sp|P23141|EST1_HUMAN	P23141	EST1_HUMAN	Liver carboxylesterase 1	Homo sapiens		22.155185525020872	21.233360750777834	NA	20.49589082839391	19.812169104250835	24.917758005023583	NA	20.434149914384452	NA	21.301931157192865	NA	20.60005632459536	NA	NA	NA	21.877184069999576	21.072303623115918
P23142	16	FBLN1	1.0	sp|P23142|FBLN1_HUMAN	P23142	FBLN1_HUMAN	Fibulin-1	Homo sapiens		27.922108421031673	28.450528316204416	27.335408167236558	28.298081654877304	27.89980059677119	28.596304892751444	27.64840244521418	28.093032949558978	28.347659490192914	27.875903557268128	27.810175936677748	28.53529827433576	28.485813151177663	29.038307335064616	28.918803944319485	27.88717502680982	28.037365603195955
P23219	4	PTGS1	0.9995	sp|P23219|PGH1_HUMAN	P23219	PGH1_HUMAN	Prostaglandin G/H synthase 1	Homo sapiens		22.231926869984765	21.4341829349363	24.176074143566254	20.99412873578846	22.79411905964564	20.603504811936165	22.563682117092572	21.06478494366163	21.108802702976597	21.126192668706754	21.83160635544243	21.744932666450396	21.069769190605616	NA	NA	21.8332541089778	22.127665176408833
P23229	2	ITGA6	0.9991	sp|P23229|ITA6_HUMAN	P23229	ITA6_HUMAN	Integrin alpha-6	Homo sapiens		21.129252189156187	20.5471499268114	23.314281261113635	19.306789462615523	21.55465701457053	18.127479447822683	22.066083685586126	20.140992854526946	20.435159940581702	18.686251824813617	21.374750355781217	18.756059145073138	19.38373938646273	NA	NA	21.066497061454065	21.086312516424865
P23284	4	PPIB	0.9968	sp|P23284|PPIB_HUMAN	P23284	PPIB_HUMAN	Peptidyl-prolyl cis-trans isomerase B	Homo sapiens		23.341292052822936	23.237738728531166	25.27440254060011	21.74614493379297	23.69477008964485	21.363854942523407	23.850443236980343	22.99803270003098	22.05769806136931	21.5046484739789	24.34283787043478	22.31800932039816	22.079884941479182	NA	NA	23.33403254670402	23.822911902935
P23381	2	WARS1	0.9988	sp|P23381|SYWC_HUMAN	P23381	SYWC_HUMAN	Tryptophan--tRNA ligase, cytoplasmic	Homo sapiens		19.716999790766323	19.607709817955204	20.563085183139	20.09432388629525	19.825836612314795	19.336739099956244	19.557948230334926	19.888614794870655	19.64855412001812	20.0767783100532	20.182564779121083	19.38137338111532	19.615349043638002	NA	NA	20.064362479510343	20.03448999947659
P23470	5	PTPRG	1.0	sp|P23470|PTPRG_HUMAN	P23470	PTPRG_HUMAN	Receptor-type tyrosine-protein phosphatase gamma	Homo sapiens		21.84314470358557	22.283361970692585	21.4105969764355	22.069503388665005	21.72848603908362	22.13367473476392	21.39309338518935	21.9150843701831	22.50370713550969	22.23238758322153	21.793519365791976	22.529969915352325	22.228866480221896	NA	NA	22.081311268696023	22.086966225329522
P23528	2	CFL1	0.9998	sp|P23528|COF1_HUMAN	P23528	COF1_HUMAN	Cofilin-1	Homo sapiens		17.948034733002924	17.71852420130788	19.16934502358557	NA	17.216761181730455	NA	NA	17.80313897840111	17.062923725774365	NA	18.77991723933478	NA	NA	NA	20.77418858270376	NA	NA
P24043	3	LAMA2	0.9948	sp|P24043|LAMA2_HUMAN	P24043	LAMA2_HUMAN	Laminin subunit alpha-2	Homo sapiens		19.681559049786117	19.802749503258156	18.733126302759445	NA	19.983172650150564	NA	20.096547847189957	19.678863399813892	19.88111410629259	19.308229594680327	19.55235267591909	19.70499069439405	NA	NA	NA	19.88738414370201	19.952644666082236
P24539	3	ATP5PB	0.9995	sp|P24539|AT5F1_HUMAN	P24539	AT5F1_HUMAN	ATP synthase peripheral stalk subunit b, mitochondrial	Homo sapiens		20.297056407676667	18.502579505217646	22.15873596603434	16.662453868065793	20.289279500882913	18.634293382423696	20.51412032688948	18.110158609317978	18.69830642311436	17.422528164280724	19.739193420794336	17.91795335095323	NA	NA	NA	19.557244969704456	19.864212351189437
P24557	3	TBXAS1	1.0	sp|P24557|THAS_HUMAN	P24557	THAS_HUMAN	Thromboxane-A synthase	Homo sapiens		22.35525388875078	22.322161400746314	24.247753525421544	19.37697122054562	22.261093779883257	20.332538674083473	22.584267678514543	21.088524790593382	21.952328781930632	21.711464947839236	21.83972845287273	20.999881202201706	22.006620465928744	NA	NA	21.639448000299602	21.753448542719266
P24592	3	IGFBP6	1.0	sp|P24592|IBP6_HUMAN	P24592	IBP6_HUMAN	Insulin-like growth factor-binding protein 6	Homo sapiens		23.148007733216915	23.383524497113715	22.61431075517853	23.28711616603275	22.50338635468158	22.6961644486701	22.175050624331003	23.828939306883232	22.75517043578687	22.928545142738777	22.235409287712738	25.078881545520563	23.712789981237737	NA	NA	22.765724582793943	23.176179977251817
P24593	3	IGFBP5	1.0	sp|P24593|IBP5_HUMAN	P24593	IBP5_HUMAN	Insulin-like growth factor-binding protein 5	Homo sapiens		21.978906879606498	21.883784433462445	21.619930732661516	21.682774479941834	21.76921558400489	22.434791647970286	21.79251375395626	21.947416797280134	23.065084666376052	22.55128844191524	21.928433575482774	22.45430403191758	22.307923237026316	NA	NA	22.069152153947094	22.08715183137903
P24666	1	ACP1	0.9999	sp|P24666|PPAC_HUMAN	P24666	PPAC_HUMAN	Low molecular weight phosphotyrosine protein phosphatase	Homo sapiens		18.859045938767927	19.020005711734154	20.01608112889659	19.62867644894313	18.355224810843623	18.568710973851775	18.80568666231029	19.540886581448124	18.518687476557723	19.261812323837937	18.634368696313885	17.9630253878009	18.463127507425867	NA	NA	18.728956723324796	18.921155384224708
P24821	8	TNC	1.0	sp|P24821|TENA_HUMAN	P24821	TENA_HUMAN	Tenascin	Homo sapiens		22.426033116043804	23.126375878483387	22.036244031700658	22.362750533518078	22.01482093764559	22.530423017972588	22.283387004955262	22.181550891025182	23.11620668279088	23.27823606393314	22.21989457164139	22.6773211871045	22.563237266632775	NA	NA	22.534756751936992	22.581180115743337
P24844	3	MYL9	0.9948	sp|P24844|MYL9_HUMAN	P24844	MYL9_HUMAN	Myosin regulatory light polypeptide 9	Homo sapiens		23.041603131677416	21.01119564992126	24.310513517233694	NA	21.69289143767409	NA	22.396209395126142	21.316464621082844	18.3510902242302	18.08799024422483	22.72786249556833	NA	NA	NA	NA	22.237516221552085	22.71691759569871
P25311	21	AZGP1	0.9999	sp|P25311|ZA2G_HUMAN	P25311	ZA2G_HUMAN	Zinc-alpha-2-glycoprotein	Homo sapiens		30.207141295903373	30.60358235914963	29.70598095316351	30.152447284715503	30.28520035289374	29.92056698302396	30.085266254722463	30.74284947266404	30.691287580187876	30.448388541789523	30.016012207758415	31.296382156290495	30.55798268572561	31.28091277116223	NA	30.35093447816887	30.19110715309985
P25705	2	ATP5F1A	1.0	sp|P25705|ATPA_HUMAN	P25705	ATPA_HUMAN	ATP synthase F(1) complex subunit alpha, mitochondrial	Homo sapiens		21.923977595581572	20.680973992081142	23.347781533965783	NA	21.402107891286075	NA	21.883221269848242	20.645086960426823	NA	NA	20.746514265699638	21.05449435013005	NA	NA	NA	21.46076469054559	20.520047805311624
P25774	2	CTSS	1.0	sp|P25774|CATS_HUMAN	P25774	CATS_HUMAN	Cathepsin S	Homo sapiens		19.47428594393799	20.79105213131239	18.3105914545403	19.62228908897433	19.72877939496327	19.508564399057658	18.761233231238787	19.591494921028318	19.60502506801889	20.01361727303233	18.64702644302227	20.03428342497498	20.537497156778286	NA	NA	19.93418492585533	18.4695369550538
P25787	1	PSMA2	0.9999	sp|P25787|PSA2_HUMAN	P25787	PSA2_HUMAN	Proteasome subunit alpha type-2	Homo sapiens		18.62264561214376	18.410133294433688	19.377176809076804	19.75285087207664	17.50525609892004	18.837239612777687	18.731267591419343	17.292962556486845	18.22362957964136	19.18547689033084	18.09015352585953	18.259471387146657	NA	NA	NA	NA	NA
P25788	1	PSMA3	0.9188	sp|P25788|PSA3_HUMAN	P25788	PSA3_HUMAN	Proteasome subunit alpha type-3	Homo sapiens		17.985334427964343	18.015818510213077	18.089493132271112	17.388415906357434	17.0922236497517	18.37633838014376	18.110984824188133	18.4897172225121	17.686174295512238	18.471164776258096	NA	17.46813426435386	NA	NA	NA	NA	NA
P25789	1	PSMA4	0.9834	sp|P25789|PSA4_HUMAN	P25789	PSA4_HUMAN	Proteasome subunit alpha type-4	Homo sapiens		20.86610652987899	20.76073853378263	21.782197327125637	21.798916608181937	20.784878300303514	21.533545631363157	20.872513181279075	20.84521147946971	20.531707944970584	20.957896910439047	21.237023452945465	19.792518346719483	20.646121408695183	NA	NA	20.875469577612854	21.03751471794991
P25815	2	S100P	0.9982	sp|P25815|S100P_HUMAN	P25815	S100P_HUMAN	Protein S100-P	Homo sapiens		22.02555147608872	19.420389392244587	18.989070751406988	20.347792595796697	21.63049367169797	20.966023881252326	23.540034104691355	24.329734979881078	22.631066231240364	20.642734357070715	20.54959391471101	NA	19.670137456915615	NA	NA	21.868525341998943	21.856141659980757
P26038	9	MSN	1.0	sp|P26038|MOES_HUMAN	P26038	MOES_HUMAN	Moesin	Homo sapiens		23.8375111701529	23.59675071053684	25.704780620273567	22.526297805709973	23.902869810546115	22.214673523623695	24.4763134097149	24.063339233946678	22.822389155334985	22.56016349423756	24.508781590388107	22.572560570493234	22.61104046477955	NA	NA	23.948174931356597	23.570237492018038
P26639	1	TARS1	0.9956	sp|P26639|SYTC_HUMAN	P26639	SYTC_HUMAN	Threonine--tRNA ligase 1, cytoplasmic	Homo sapiens		17.27613176779945	16.28492723549591	19.108583393292303	NA	17.36604249018655	NA	17.928001046704523	16.520333009931534	15.514801632376711	15.320885997104892	17.812401513543044	NA	NA	NA	NA	17.084997449514518	15.820296916377822
P26641	2	EEF1G	1.0	sp|P26641|EF1G_HUMAN	P26641	EF1G_HUMAN	Elongation factor 1-gamma	Homo sapiens		19.93475522222764	18.66177533018447	21.702706458641703	NA	19.196600789778405	NA	20.08620490751959	18.83530978275236	NA	18.375291258848943	19.12201086685923	19.050192105983168	NA	NA	NA	19.279106460547023	19.954348703749705
P26927	17	MST1	1.0	sp|P26927|HGFL_HUMAN	P26927	HGFL_HUMAN	Hepatocyte growth factor-like protein	Homo sapiens		25.464175107395896	26.051626297728273	24.140400798308065	25.573076212895103	25.5658218736189	25.55055604197724	25.475253356513516	25.71980387165995	25.996055286278235	25.96125003941511	25.082971950914867	26.27176724356423	25.930000132514795	NA	25.435349753399993	25.537764263476323	25.558710266286166
P27105	4	STOM	0.999	sp|P27105|STOM_HUMAN	P27105	STOM_HUMAN	Stomatin	Homo sapiens		23.120627608323673	22.03011483321903	25.29881081013787	21.77863199921497	23.57043525852103	21.365820941584268	23.62611761467871	22.044003742753038	22.026898086588453	21.655986845012713	23.925600215827806	20.669257398746552	21.664056394969506	NA	NA	22.908065767851184	23.204115341134955
P27169	18	PON1	1.0	sp|P27169|PON1_HUMAN	P27169	PON1_HUMAN	Serum paraoxonase/arylesterase 1	Homo sapiens		28.11374591329705	28.532175280866607	27.523772388750796	28.56842237237379	28.552743559755395	27.445451621805216	28.485785798519487	27.6695480760183	29.157959468980927	28.03850699517873	28.569118742323603	28.419839744126776	29.04262760999754	28.10032179377039	NA	27.99791654777835	28.11374591329705
P27338	1	MAOB	0.9999	sp|P27338|AOFB_HUMAN	P27338	AOFB_HUMAN	Amine oxidase [flavin-containing] B	Homo sapiens		20.62987702978901	NA	20.475065569226043	NA	NA	NA	NA	NA	NA	NA	NA	NA	NA	NA	NA	NA	NA
P27487	2	DPP4	0.9989	sp|P27487|DPP4_HUMAN	P27487	DPP4_HUMAN	Dipeptidyl peptidase 4	Homo sapiens		22.106040596615053	21.803809642024024	21.070948432417843	22.512958974464517	22.41181526947879	22.63629393427287	22.692676605505856	22.140077288430014	22.530308695652497	22.745190557007366	21.445787236713812	22.222097007179176	22.209286791105935	NA	NA	22.21788784284365	22.131343351041103
P27797	3	CALR	1.0	sp|P27797|CALR_HUMAN	P27797	CALR_HUMAN	Calreticulin	Homo sapiens		23.543772569518122	23.505952577505067	25.655999233203815	21.87406000840387	23.81356116355078	22.24874711081594	24.143420991615123	22.924216487861422	22.265290774445695	22.355246616458246	24.08529286930666	23.631337301047523	22.021548783898858	NA	NA	23.540763443318284	23.74664951194599
P27824	5	CANX	0.9963	sp|P27824|CALX_HUMAN	P27824	CALX_HUMAN	Calnexin	Homo sapiens		24.05243185370003	22.715424910055106	26.08431163663638	21.11520084494675	24.078852994889683	22.20020773249189	24.29249642043058	22.79921834868343	23.424194491430796	22.044331757678652	24.361438696099956	22.460547995698388	23.301074765065678	NA	NA	23.704100448332674	23.479065677048904
P27918	10	CFP	0.9994	sp|P27918|PROP_HUMAN	P27918	PROP_HUMAN	Properdin	Homo sapiens		27.09289957663352	27.15725447796528	26.421531918091432	27.38263117777487	27.186910492641218	27.229578231831585	27.24590956652903	27.73243886427355	27.492093461573027	27.52817610824415	26.713939916156736	27.50296643809165	27.232929555266313	NA	27.72825725178207	27.358942699523837	27.34533765354782
P28066	1	PSMA5	0.9517	sp|P28066|PSA5_HUMAN	P28066	PSA5_HUMAN	Proteasome subunit alpha type-5	Homo sapiens		19.87586845823794	19.45633610276153	20.796326795382274	21.079698469881215	19.66215023310449	19.939809826860145	19.70996875766355	19.73136685470663	19.992408024181888	20.20680371318742	20.31726727383934	19.552513088353383	18.858352358250077	NA	NA	19.79769325284326	19.96677999253006
P28161	1	GSTM2	0.9759	sp|P28161|GSTM2_HUMAN	P28161	GSTM2_HUMAN	Glutathione S-transferase Mu 2	Homo sapiens		17.931621370996407	NA	17.53390582606656	18.554451249734775	16.89812138040765	NA	NA	NA	NA	17.76465013897676	NA	NA	NA	NA	NA	NA	NA
P28482	1	MAPK1	0.9834	sp|P28482|MK01_HUMAN	P28482	MK01_HUMAN	Mitogen-activated protein kinase 1	Homo sapiens		19.286307773398207	NA	20.533651462218984	NA	18.193850219837383	NA	18.95615041140648	NA	18.309874510607912	NA	19.30175270042515	NA	NA	NA	NA	NA	NA
P28799	3	GRN	0.999	sp|P28799|GRN_HUMAN	P28799	GRN_HUMAN	Progranulin	Homo sapiens		20.849801382497617	20.80112296744403	20.76624853293924	20.4295535681528	20.65786826657081	21.531179728272107	19.732703698654067	20.9264709618689	20.402600249524216	21.605201567280933	20.496732394973442	21.90791928348359	20.999035397275932	NA	NA	20.246694402174352	20.921081320925868
P29144	2	TPP2	0.9887	sp|P29144|TPP2_HUMAN	P29144	TPP2_HUMAN	Tripeptidyl-peptidase 2	Homo sapiens		17.26279708906425	16.76175498119729	18.917958712058397	17.34618758435738	17.185575882057634	16.843688883267912	17.585803703736985	17.29373225542268	17.189447814974315	16.169941280049322	16.6050330794938	16.923677360992432	NA	NA	NA	17.422664012797913	17.820546300545857
P29401	5	TKT	1.0	sp|P29401|TKT_HUMAN	P29401	TKT_HUMAN	Transketolase	Homo sapiens		23.83273006057056	23.562930263010312	24.270340556831755	23.84005148596576	23.454610648824403	23.722578887196047	23.255029553204167	25.059318801861824	23.981743554810638	23.260727685246387	24.05705023934394	22.245302369651665	23.566874487352383	NA	NA	23.32744638741821	23.978124680500272
P29622	12	SERPINA4	0.9992	sp|P29622|KAIN_HUMAN	P29622	KAIN_HUMAN	Kallistatin	Homo sapiens		28.318160933131832	29.02369319402011	27.85758184955708	28.854731890297572	28.405861220919036	28.647474836406364	28.44852859036693	28.757910021975917	28.692422558841034	28.54234665672241	28.201130331460416	29.04448538937065	28.733669806954364	NA	28.149526164141044	28.224359104871205	28.28911512546335
P30040	1	ERP29	0.9908	sp|P30040|ERP29_HUMAN	P30040	ERP29_HUMAN	Endoplasmic reticulum resident protein 29	Homo sapiens		18.87313716991903	18.1445685408035	20.07808021801922	NA	18.65258425254266	NA	NA	NA	18.35028481122362	NA	NA	NA	NA	NA	NA	19.231726300991106	18.52913375386788
P30041	3	PRDX6	0.9999	sp|P30041|PRDX6_HUMAN	P30041	PRDX6_HUMAN	Peroxiredoxin-6	Homo sapiens		22.503348123673508	22.466864814290822	23.947994745166344	23.132916731031422	22.426985359347718	21.68841484638695	22.897806916793552	22.447179974289458	21.418028016310053	22.786869475883442	23.311230066806004	21.151360045820827	21.46736372238104	NA	NA	22.60309528570751	22.65082500361985
P30043	2	BLVRB	0.9999	sp|P30043|BLVRB_HUMAN	P30043	BLVRB_HUMAN	Flavin reductase (NADPH)	Homo sapiens		23.97370627375011	23.75398841358483	22.57051226997235	25.00068919300448	23.0651931845068	24.562420863166068	23.218970845953823	24.66602623330583	23.585959687796326	24.523145888864782	24.21912694169424	23.153401318788113	23.948895723108805	NA	NA	24.03811724028709	24.114880613162864
P30044	2	PRDX5	0.9865	sp|P30044|PRDX5_HUMAN	P30044	PRDX5_HUMAN	Peroxiredoxin-5, mitochondrial	Homo sapiens		22.978855516894775	22.411008029504952	24.305444984083525	20.7694163879212	22.919270687335473	21.41975488203429	23.825938665375837	22.981206572445835	22.148303350049776	21.604146644001652	23.47236618363714	20.68314583845363	20.994596121045767	NA	NA	22.73117588773009	23.040605098613423
P30048	2	PRDX3	0.9949	sp|P30048|PRDX3_HUMAN	P30048	PRDX3_HUMAN	Thioredoxin-dependent peroxide reductase, mitochondrial	Homo sapiens		18.94914761763794	18.598130310427695	20.875634088665013	17.689490230794192	18.89910665760337	18.441585465328796	19.16931372572341	18.563942266552505	17.363983067876237	17.87647801748659	19.239791612225556	16.476604417289106	17.257133214963773	20.583048539043936	NA	19.320796453755804	18.607290746429022
P30085	1	CMPK1	0.9762	sp|P30085|KCY_HUMAN	P30085	KCY_HUMAN	UMP-CMP kinase	Homo sapiens		17.881675952595824	NA	18.866627037516544	17.83309984507846	17.4473288469083	17.673733254224718	NA	17.772124923586535	NA	16.301968206663616	18.275238961130928	NA	NA	NA	NA	NA	NA
P30086	1	PEBP1	1.0	sp|P30086|PEBP1_HUMAN	P30086	PEBP1_HUMAN	Phosphatidylethanolamine-binding protein 1	Homo sapiens		19.46672871239572	19.02366864520582	20.33789734282368	20.04223733317049	19.344421514036515	19.2313635993697	20.07635193966897	19.869518437347576	18.78419727528578	19.807719927752572	19.915296056332945	19.200278661262285	18.847567961721197	NA	NA	19.281703655477006	19.849752980366805
P30101	9	PDIA3	0.9972	sp|P30101|PDIA3_HUMAN	P30101	PDIA3_HUMAN	Protein disulfide-isomerase A3	Homo sapiens		23.673429878579686	23.13230595637696	25.601806659640207	21.95455815116929	24.062175855868755	22.600049927153346	24.01820183135048	22.55049408108668	22.71480659474709	22.557527047329575	24.100917588261026	22.398289987783418	22.175700076615684	NA	NA	23.72696409309849	23.84479006654553
P30273	1	FCER1G	0.9987	sp|P30273|FCERG_HUMAN	P30273	FCERG_HUMAN	High affinity immunoglobulin epsilon receptor subunit gamma	Homo sapiens		21.93127031282129	20.75528937182506	23.63790771524248	NA	21.665556091218765	NA	21.756612817240356	20.507781743056288	NA	NA	21.73375596069351	NA	NA	NA	NA	20.869594316459622	NA
P30405	1	PPIF	0.9786	sp|P30405|PPIF_HUMAN	P30405	PPIF_HUMAN	Peptidyl-prolyl cis-trans isomerase F, mitochondrial	Homo sapiens		19.356168016580312	18.782081784274016	21.13908532526137	NA	19.55851944660179	NA	19.971216984432136	18.326642683161246	17.491714749121414	17.896086416851556	19.715081977280544	NA	NA	NA	NA	18.593165809673117	18.85484915761769
P30536	1	TSPO	0.9768	sp|P30536|TSPO_HUMAN	P30536	TSPO_HUMAN	Translocator protein	Homo sapiens		19.204176910484573	18.762957322356524	21.12446576407918	17.37152989398518	19.89884665569036	18.966598419826546	20.224958559438857	18.959052658017427	17.52792605395798	18.439774662197777	19.261250088785022	17.994085144646707	17.702953839447673	NA	NA	19.28641690473283	19.265167080741953
P30740	7	SERPINB1	0.9991	sp|P30740|ILEU_HUMAN	P30740	ILEU_HUMAN	Leukocyte elastase inhibitor	Homo sapiens		22.877439697647116	22.12274466593545	23.53039587187434	20.88516766023076	22.54022943427216	21.51066940180247	23.809569967219268	24.06277586943598	22.382422601323462	21.47943321401884	22.764186983321224	21.40962216159037	20.504286485234243	22.444699461058846	NA	23.00162680336314	22.959992120841754
P30990	2	NTS	0.9999	sp|P30990|NEUT_HUMAN	P30990	NEUT_HUMAN	Neurotensin/neuromedin N	Homo sapiens		19.170510204669807	19.758480375508057	NA	19.11296827390288	19.328794617550002	NA	NA	NA	NA	18.747696342433574	NA	18.97743251012871	NA	NA	NA	19.86830865272885	NA
P31025	1	LCN1	0.9833	sp|P31025|LCN1_HUMAN	P31025	LCN1_HUMAN	Lipocalin-1	Homo sapiens	sp|Q5VSP4|LC1L1_HUMAN	18.55413613988263	18.78830446047065	NA	NA	NA	NA	NA	NA	18.87369842259382	18.115010867497297	NA	NA	NA	NA	NA	NA	NA
P31040	1	SDHA	1.0	sp|P31040|SDHA_HUMAN	P31040	SDHA_HUMAN	Succinate dehydrogenase [ubiquinone] flavoprotein subunit, mitochondrial	Homo sapiens		20.050778510438025	NA	20.442931896535217	NA	18.84931683905315	NA	NA	NA	NA	NA	NA	NA	NA	NA	NA	NA	NA
P31146	3	CORO1A	0.9981	sp|P31146|COR1A_HUMAN	P31146	COR1A_HUMAN	Coronin-1A	Homo sapiens		22.284062738121243	21.719612573734086	24.376399544875454	18.597387425808847	22.736276516017007	20.07485601092711	23.15166965138228	22.822650384963236	21.097397837954524	20.76748907391008	22.94622596482771	20.948669301059855	19.344139155872117	NA	NA	22.495044169876596	22.353161796650546
P31323	1	PRKAR2B	0.9832	sp|P31323|KAP3_HUMAN	P31323	KAP3_HUMAN	cAMP-dependent protein kinase type II-beta regulatory subunit	Homo sapiens		18.95715255116788	19.272129615111933	20.541470515657952	18.474398743435835	18.891515405616307	NA	19.556627905116116	17.87222310863027	NA	17.501182710590665	NA	18.617939926047647	19.209758972769798	NA	NA	18.949466948390096	19.47153536765702
P31944	1	CASP14	0.9993	sp|P31944|CASPE_HUMAN	P31944	CASPE_HUMAN	Caspase-14	Homo sapiens		20.336534163315854	20.5126659284295	20.090929532213586	20.940263495585672	19.367234202697585	22.23744364774608	19.653693055353077	20.57729578552509	20.835479956068617	19.85805961857275	20.024830646539908	21.013524345954924	20.66445480496694	20.59998371085008	NA	20.791899432325994	20.544501436021307
P31948	3	STIP1	0.9921	sp|P31948|STIP1_HUMAN	P31948	STIP1_HUMAN	Stress-induced-phosphoprotein 1	Homo sapiens		20.602094548627516	20.349730853383644	22.5974701641377	20.654412131682662	21.109675411646858	19.33380085425264	20.932271223645635	20.185618889526086	18.912311342372266	20.159833425400002	21.322273320578844	19.21485844330269	19.651895944205158	NA	NA	20.38880603764278	20.545454469785128
P32004	1	L1CAM	0.995	sp|P32004|L1CAM_HUMAN	P32004	L1CAM_HUMAN	Neural cell adhesion molecule L1	Homo sapiens		19.39066904207992	19.918102677346177	18.53559765420466	19.237694128769256	19.6733736875859	20.201165238470004	18.949274565303963	18.713770149568788	20.21004752472837	20.19737353123333	19.192925758696042	19.266480085955667	19.450799514341966	NA	NA	19.735021493499453	19.215376658287013
P32119	2	PRDX2	0.9768	sp|P32119|PRDX2_HUMAN	P32119	PRDX2_HUMAN	Peroxiredoxin-2	Homo sapiens		26.421524671942162	25.82871951306362	24.510508319748297	28.321044993909283	25.125338474519538	26.585503836215207	25.788924322920934	26.77175799982998	25.668221652293937	27.711102252203098	26.527607612213835	25.656488038190293	26.141952907813415	NA	NA	26.209540217269485	26.216468949621284
P33151	5	CDH5	1.0	sp|P33151|CADH5_HUMAN	P33151	CADH5_HUMAN	Cadherin-5	Homo sapiens		25.11892790512019	25.972249664375468	24.48054020294682	25.43401894098981	25.17923991835756	25.3042262980238	24.643459955097942	25.13639489747275	25.83968460599871	25.57017078624973	25.080302590327157	25.322082512074292	25.326797932304277	NA	NA	25.225098653482092	25.11030310221316
P33908	3	MAN1A1	1.0	sp|P33908|MA1A1_HUMAN	P33908	MA1A1_HUMAN	Mannosyl-oligosaccharide 1,2-alpha-mannosidase IA	Homo sapiens		22.216556489562816	22.56251284023287	21.807483930092417	22.39156631253713	22.371015100890784	22.169565514376558	21.881628448989527	22.64429000382032	22.412158263914332	22.839903432112393	22.256857918040634	22.913117243506004	22.856918837906008	NA	22.055067516656898	22.41718797618556	22.267687755796135
P34096	4	RNASE4	0.9983	sp|P34096|RNAS4_HUMAN	P34096	RNAS4_HUMAN	Ribonuclease 4	Homo sapiens		22.02925591680485	22.558407070628125	21.59055280774347	22.181744537389815	22.153468737257942	21.52615081140657	21.59636243625032	22.403557138673676	22.01197072557092	22.326028985298244	21.616772689278214	23.455894350029656	22.42126018750411	NA	NA	22.13152966510559	22.216560173932738
P34913	1	EPHX2	0.9995	sp|P34913|HYES_HUMAN	P34913	HYES_HUMAN	Bifunctional epoxide hydrolase 2	Homo sapiens		17.016508917798085	NA	17.53190463543706	16.80594547633286	16.412013404665142	16.166051237351155	17.259455442880856	NA	NA	17.049084859970517	17.453682219854702	NA	NA	NA	NA	NA	NA
P34932	3	HSPA4	0.9974	sp|P34932|HSP74_HUMAN	P34932	HSP74_HUMAN	Heat shock 70 kDa protein 4	Homo sapiens		21.568989831903068	21.93413957788656	21.88902674672228	21.962344372463697	21.882952344555537	21.50115227071489	21.42876175343828	20.327205411602293	21.049637194239274	21.129680178749428	21.95190880088149	21.08733350219465	21.520932303167395	NA	NA	21.802257349211093	21.80694695583785
P35030	1	PRSS3	0.9958	sp|P35030|TRY3_HUMAN	P35030	TRY3_HUMAN	Trypsin-3	Homo sapiens		22.734798204143246	23.4821236079081	22.159681570081077	22.761884420205632	22.91446443126422	22.743116383652925	23.006900940085576	22.87201683507624	23.40670994740237	22.88055920764886	22.89558650644721	23.266809650649336	23.15505298019108	NA	NA	22.723812128684358	22.746695460270878
P35237	1	SERPINB6	0.9998	sp|P35237|SPB6_HUMAN	P35237	SPB6_HUMAN	Serpin B6	Homo sapiens		18.128595907315617	17.379725556758395	20.00407477459883	16.85369759184121	18.60812685467501	NA	18.683983847599077	17.61645013794228	17.28933672107517	17.666392237131184	18.522019121077758	17.30482217217936	17.991302465889763	NA	NA	17.647263660234685	18.18561394179676
P35443	10	THBS4	1.0	sp|P35443|TSP4_HUMAN	P35443	TSP4_HUMAN	Thrombospondin-4	Homo sapiens		23.411945287243327	24.326473092450566	22.536023591134498	23.11354239905097	23.590353137760907	23.545077555849314	22.697763154125656	23.353051803158476	23.614770265424955	23.858561631504177	24.170193213787663	23.108063890562303	23.55681343615246	23.44574913609242	NA	23.726198559283397	23.716831783364785
P35527	21	KRT9	1.0	sp|P35527|K1C9_HUMAN	P35527	K1C9_HUMAN	Keratin, type I cytoskeletal 9	Homo sapiens		29.190426601160347	28.941102177051295	29.538376358140926	29.802276791247984	28.680129344924282	29.788121200890572	28.73421043506349	29.151181486918013	29.25389351071678	28.99242647667883	28.56487306983805	29.937420447545147	29.912767924407795	NA	NA	29.634975994297342	29.58576084366593
P35542	7	SAA4	0.9992	sp|P35542|SAA4_HUMAN	P35542	SAA4_HUMAN	Serum amyloid A-4 protein	Homo sapiens		28.92881445384465	29.453436409818224	28.25440736323978	28.63054700135392	28.61627583951185	28.9556384289959	29.14959234800245	29.1480415395191	29.427680017630006	29.466039052579976	28.893814501688947	29.72490664750745	29.3594496148592	NA	NA	29.02937750742439	29.29433953189525
P35555	9	FBN1	1.0	sp|P35555|FBN1_HUMAN	P35555	FBN1_HUMAN	Fibrillin-1	Homo sapiens		22.325270056070842	22.890545751832402	21.772834562717648	22.58415994705898	22.243772744394203	22.480400307769447	21.948043249623442	22.451575181832023	22.46735655208343	22.834406452205677	22.313145302600407	23.036207648240488	22.400763576697024	NA	NA	22.358023873826188	22.854634440642993
P35579	32	MYH9	1.0	sp|P35579|MYH9_HUMAN	P35579	MYH9_HUMAN	Myosin-9	Homo sapiens		26.96341545216128	25.41602889426667	29.06905904485568	24.018797095826695	26.941410638967962	24.56952857984618	27.562174303011673	25.37720881605257	25.632632589364974	23.662079956038106	26.919699435269532	24.90525152772006	25.39761626506549	24.907379175970544	26.084674673758933	26.492914005454082	26.53030947668302
P35590	2	TIE1	0.9955	sp|P35590|TIE1_HUMAN	P35590	TIE1_HUMAN	Tyrosine-protein kinase receptor Tie-1	Homo sapiens		20.19624403451085	20.56087989603488	20.23644750524456	20.52609232663891	20.334068510433998	20.477866971449362	20.025807177211043	20.702083788712415	20.75529879311479	20.927876253605014	20.313558960537524	19.30309534918469	19.29625262267521	NA	NA	20.167172957126734	20.080934596701383
P35858	14	IGFALS	1.0	sp|P35858|ALS_HUMAN	P35858	ALS_HUMAN	Insulin-like growth factor-binding protein complex acid labile subunit	Homo sapiens		27.420796216998777	27.099521815216367	27.48521920574945	27.28501570602963	27.229143507219092	27.11433076528885	27.626093652760222	27.53290844710861	28.17555150135238	28.21268811734658	27.425956731672	27.587770494158384	27.68448127721379	26.75025699244462	NA	27.543754154624576	27.41709102811269
P35908	32	KRT2	1.0	sp|P35908|K22E_HUMAN	P35908	K22E_HUMAN	Keratin, type II cytoskeletal 2 epidermal	Homo sapiens		28.63645323662836	28.713395185696477	29.107816591179112	28.891257773616154	28.066870476856227	30.26912574392849	28.134323295326375	28.806451666081205	28.592454391172375	27.980107860083027	28.251502904028822	28.688422133308727	28.871422892701528	29.527557584903036	28.49406157806324	28.78160763414912	28.951620095703635
P35916	1	FLT4	0.9666	sp|P35916|VGFR3_HUMAN	P35916	VGFR3_HUMAN	Vascular endothelial growth factor receptor 3	Homo sapiens		18.199326672117188	18.43669331573489	17.538587263221416	NA	NA	18.324814218239	18.228527137192714	18.650057125779174	NA	18.72855581467796	NA	17.63708760924749	18.260052828954887	NA	NA	NA	NA
P36222	3	CHI3L1	1.0	sp|P36222|CH3L1_HUMAN	P36222	CH3L1_HUMAN	Chitinase-3-like protein 1	Homo sapiens		23.405159868134053	22.33469740478959	21.188767114634295	21.656258052837526	22.26085549593408	24.501746949276175	22.784099633641954	22.391709604928813	21.22887069982905	24.340644435196708	22.299903540281335	23.0569720699666	21.850328319963957	NA	NA	22.653087821515122	22.917319982987177
P36871	4	PGM1	0.9997	sp|P36871|PGM1_HUMAN	P36871	PGM1_HUMAN	Phosphoglucomutase-1	Homo sapiens		21.163426675017476	20.68822182094703	21.93689923587903	21.628893252264152	21.25945517295456	20.949933574501305	21.799919530255963	21.312117483280524	20.229871439091987	22.245180849362672	21.214621471130553	20.36908938847321	19.585536287220137	NA	NA	20.872941493909007	21.128644996451225
P36955	11	SERPINF1	1.0	sp|P36955|PEDF_HUMAN	P36955	PEDF_HUMAN	Pigment epithelium-derived factor	Homo sapiens		27.301543877426074	27.858532427754064	26.781344709133794	27.424000287398368	27.37222602487879	27.33877291987916	26.940906041074665	27.862770077710508	27.69165472386491	27.20795750668589	27.30821136845959	28.350199858320018	27.829827741685392	NA	26.489715984207066	27.47480057454819	27.550808265616794
P36959	2	GMPR	0.9328	sp|P36959|GMPR1_HUMAN	P36959	GMPR1_HUMAN	GMP reductase 1	Homo sapiens		20.202467142212214	19.722076213568347	21.794538578586828	19.33211682286994	20.11409558875039	19.233881753415346	20.41934377043903	19.624962321690898	NA	19.92125482536596	20.99924408918882	NA	NA	NA	NA	19.75393789691557	19.97397392686282
P36980	10	CFHR2	1.0	sp|P36980|FHR2_HUMAN	P36980	FHR2_HUMAN	Complement factor H-related protein 2	Homo sapiens		25.879953115572814	26.809054549848348	25.45849800668228	25.797714471609005	25.67922112351493	24.977416886957492	25.3171761702912	26.75439843808488	25.740580409449475	25.85419510595007	25.25301952233792	27.38501583588218	25.819567746701285	NA	NA	26.036367146416065	25.7165613521557
P37802	7	TAGLN2	0.9999	sp|P37802|TAGL2_HUMAN	P37802	TAGL2_HUMAN	Transgelin-2	Homo sapiens		25.95111873486513	25.206553513043424	27.880129473878263	23.55543696137354	26.421722039728735	23.394767058608778	26.506606551875645	25.289985184664797	25.02331497528344	23.951621437035325	26.687094312073224	24.07591396001788	24.926159313221056	NA	25.800926036439726	25.805117993780954	25.953861592274407
P39060	2	COL18A1	0.9991	sp|P39060|COIA1_HUMAN	P39060	COIA1_HUMAN	Collagen alpha-1(XVIII) chain	Homo sapiens		22.5837849907099	23.399079779395304	21.540012663513135	22.747496497428582	22.372375952410582	22.740780291607965	22.07961846689344	22.57924681066796	23.017610440205488	23.157559800630207	22.30464950542385	23.93365933116601	22.833221909472194	23.285711919346916	NA	22.543642672197564	22.88377372902579
P40197	4	GP5	0.9916	sp|P40197|GPV_HUMAN	P40197	GPV_HUMAN	Platelet glycoprotein V	Homo sapiens		22.41952711461943	22.40719289775073	23.517867544912612	21.000419681232337	22.028606464704453	21.469107422330058	23.244234525762177	22.179408746222066	22.786479096010055	20.91240368760631	22.619737746332543	21.09179926009668	20.97230613017033	NA	NA	22.656505112942224	22.17353651922765
P40227	1	CCT6A	0.9824	sp|P40227|TCPZ_HUMAN	P40227	TCPZ_HUMAN	T-complex protein 1 subunit zeta	Homo sapiens		19.804705464802296	18.648562717236945	21.706658784496682	19.092701551370325	19.79004401621612	18.64456908053876	20.3864350803749	18.496127402465007	NA	17.929667608969066	20.517114138005628	18.58002042457029	NA	NA	NA	20.534929024984972	20.20768054695702
P40925	2	MDH1	0.9791	sp|P40925|MDHC_HUMAN	P40925	MDHC_HUMAN	Malate dehydrogenase, cytoplasmic	Homo sapiens		21.963722977156202	21.32854274166615	22.548377832058453	21.767074489100096	20.61469158402897	22.356156704192323	21.721176950306347	21.893651119065275	20.39441686926243	23.827003920838667	21.891603088328214	19.237424240959154	20.138243480730317	NA	NA	21.786960933452317	21.605315329598557
P41222	3	PTGDS	0.9999	sp|P41222|PTGDS_HUMAN	P41222	PTGDS_HUMAN	Prostaglandin-H2 D-isomerase	Homo sapiens		24.845566507833002	25.583795624159386	23.92622854589517	24.892460839475092	23.885487937139395	25.17410510247837	24.13001076971192	25.368390885087212	25.234454699151442	24.890685552749524	24.84821489026593	25.689684006771927	24.3859084215638	NA	NA	24.77924780624423	24.8453032524837
P41250	3	GARS1	0.9765	sp|P41250|GARS_HUMAN	P41250	GARS_HUMAN	Glycine--tRNA ligase	Homo sapiens		18.94371213586975	18.379331972799054	20.360823640526018	NA	18.843688576297023	NA	18.593589094258128	17.229205057333253	NA	16.64928902503064	19.63132151230379	NA	NA	NA	NA	18.086115552170348	NA
P42785	3	PRCP	0.9965	sp|P42785|PCP_HUMAN	P42785	PCP_HUMAN	Lysosomal Pro-X carboxypeptidase	Homo sapiens		19.514464602711865	20.143244489853785	18.353758300552496	19.805534874737834	19.23087940038099	20.405565019807305	19.6709823562069	18.994434236039044	19.237257705615534	20.11845566548814	19.35163104210975	20.23087641085875	19.28512420422605	NA	NA	18.963039391240173	19.777556362580228
P43121	3	MCAM	0.9991	sp|P43121|MUC18_HUMAN	P43121	MUC18_HUMAN	Cell surface glycoprotein MUC18	Homo sapiens		21.751077834508227	22.22597004277762	20.714087496507215	22.045057088087205	21.614889448350464	21.998106818151328	21.397410423214133	21.754120682765564	22.25792428604287	22.36926838420919	22.033768119237482	21.96073829169992	22.45303588243205	NA	NA	21.905849976409463	21.67608674744079
P43251	16	BTD	1.0	sp|P43251|BTD_HUMAN	P43251	BTD_HUMAN	Biotinidase	Homo sapiens		26.355235669505415	26.757113913402595	25.998490752771723	26.013689139653252	26.332168553053755	26.574725564587506	26.38317226004648	26.318364307883318	26.97835093631636	27.003677591300015	25.776659531052793	26.588421680508535	26.82273795800436	28.133892519580023	26.052108658341417	26.361285661517453	26.360209506014236
P43304	1	GPD2	0.9253	sp|P43304|GPDM_HUMAN	P43304	GPDM_HUMAN	Glycerol-3-phosphate dehydrogenase, mitochondrial	Homo sapiens		19.304290040406677	18.86468475943563	21.423983641820406	NA	19.733021424891543	NA	19.25666920811395	17.49913068335683	NA	17.185708200678206	19.084564721046654	18.111924223371176	NA	NA	NA	17.89420508134605	18.597009712126393
P43405	2	SYK	1.0	sp|P43405|KSYK_HUMAN	P43405	KSYK_HUMAN	Tyrosine-protein kinase SYK	Homo sapiens		19.752906081494388	NA	20.825088653165732	NA	19.306074920312174	NA	19.352401456467753	18.83319221570405	NA	18.51831656281586	19.67662233271126	NA	NA	NA	NA	NA	NA
P43652	18	AFM	1.0	sp|P43652|AFAM_HUMAN	P43652	AFAM_HUMAN	Afamin	Homo sapiens		28.336793144621485	28.99637942161013	27.6741907058784	28.580125716701286	28.31055329907306	28.882425587524978	28.51321012289731	28.283594847180026	28.315355074771414	28.525299633853823	28.455384161576116	28.611699783420658	28.787151600231148	NA	28.094098214295183	28.433138872041667	28.530900241167625
P45880	1	VDAC2	0.9944	sp|P45880|VDAC2_HUMAN	P45880	VDAC2_HUMAN	Non-selective voltage-gated ion channel VDAC2	Homo sapiens		21.22047386396508	NA	21.06566240340211	NA	NA	NA	NA	NA	NA	NA	NA	NA	NA	NA	NA	NA	NA
P46109	1	CRKL	0.9986	sp|P46109|CRKL_HUMAN	P46109	CRKL_HUMAN	Crk-like protein	Homo sapiens		20.0997182846375	NA	20.320128182577864	NA	19.281440413700246	NA	NA	NA	NA	NA	NA	NA	NA	NA	NA	NA	NA
P48059	2	LIMS1	0.986	sp|P48059|LIMS1_HUMAN	P48059	LIMS1_HUMAN	LIM and senescent cell antigen-like-containing domain protein 1	Homo sapiens		24.530279702906263	23.14085173339765	26.698554967795527	NA	24.801874507243227	21.224775915541873	25.330549144474446	23.59380629337855	22.061314655320796	21.481578666790735	25.135265813769767	22.483161655987097	NA	22.943860101739002	NA	24.24723496576554	24.456956684127142
P48426	1	PIP4K2A	0.9849	sp|P48426|PI42A_HUMAN	P48426	PI42A_HUMAN	Phosphatidylinositol 5-phosphate 4-kinase type-2 alpha	Homo sapiens		20.84829600524596	20.62469032190359	23.02615539779132	20.31787600701183	21.185874464464963	19.380774802951635	21.456218282911124	20.184014577559864	19.255314759911773	19.527667115000753	21.82921412093348	19.443474576657522	19.116884192007902	NA	NA	20.856872392127762	21.00833812679745
P48637	2	GSS	0.9947	sp|P48637|GSHB_HUMAN	P48637	GSHB_HUMAN	Glutathione synthetase	Homo sapiens		21.353884199614317	21.368307271969517	21.977964517496066	21.87412961747078	21.01671517899883	21.508453580405675	21.608140337427553	21.106369119494722	21.214641391558654	21.686405004783953	22.077650216074325	21.137305528150517	21.34407855612408	NA	NA	21.502277244597778	21.798477423179662
P48643	4	CCT5	0.9914	sp|P48643|TCPE_HUMAN	P48643	TCPE_HUMAN	T-complex protein 1 subunit epsilon	Homo sapiens		20.40796808538843	20.365531061366937	22.35252663485552	20.366935150322835	20.537031086929808	19.238402748911458	21.109796650012644	19.726767900108683	18.92759844607209	19.59554893286257	20.995920379898898	19.905203201012526	18.583232060279347	NA	NA	20.667407643551204	20.414933062037786
P48668	1	KRT6C	0.9963	sp|P48668|K2C6C_HUMAN	P48668	K2C6C_HUMAN	Keratin, type II cytoskeletal 6C	Homo sapiens		23.044663882054795	22.887907197065765	23.66829527744998	24.033128007266374	23.409430401561192	24.106769346484597	22.88078455298416	22.821835876976596	21.817146339047923	21.909688859358806	21.866104788756477	23.795524561950195	22.989838786276817	NA	NA	23.749217527916784	23.534335184237005
P48735	5	IDH2	0.9996	sp|P48735|IDHP_HUMAN	P48735	IDHP_HUMAN	Isocitrate dehydrogenase [NADP], mitochondrial	Homo sapiens		21.84062212113879	20.554171240156425	23.94264228415093	18.967415887932834	21.67808716900243	18.80647738486365	22.31244976364311	20.56640526482995	20.553809715300883	19.619598539365455	21.70893995739025	19.90671596152322	18.798390904830587	NA	NA	21.00896458058491	21.624934915894734
P48740	13	MASP1	1.0	sp|P48740|MASP1_HUMAN	P48740	MASP1_HUMAN	Mannan-binding lectin serine protease 1	Homo sapiens		25.356142338390857	25.833773568477692	24.685612577967902	26.040577712997635	25.382110799341035	25.70568417470036	25.657142793137396	25.25214690946439	25.926945788826647	25.186894632404794	25.61104508607084	25.75418611439413	25.959783092414472	NA	26.14439224345584	25.446374768564763	25.33811067492973
P49257	1	LMAN1	0.9882	sp|P49257|LMAN1_HUMAN	P49257	LMAN1_HUMAN	Protein ERGIC-53	Homo sapiens		19.304178815873424	18.398133097711398	21.559660448657368	18.237248538297578	18.948051130110706	NA	19.56633910644801	17.58631298451218	NA	17.09494300955525	19.590485302675958	17.37057424850152	NA	NA	NA	19.267417052487943	19.39732341666909
P49368	1	CCT3	0.9992	sp|P49368|TCPG_HUMAN	P49368	TCPG_HUMAN	T-complex protein 1 subunit gamma	Homo sapiens		20.227691144490155	NA	20.59892932948481	NA	NA	NA	NA	NA	NA	NA	NA	19.82815956675176	NA	NA	NA	NA	NA
P49407	1	ARRB1	0.9995	sp|P49407|ARRB1_HUMAN	P49407	ARRB1_HUMAN	Beta-arrestin-1	Homo sapiens		19.920250493389492	NA	20.138616003663593	NA	NA	NA	NA	NA	NA	NA	20.010882243254194	NA	NA	NA	NA	NA	NA
P49411	2	TUFM	0.9809	sp|P49411|EFTU_HUMAN	P49411	EFTU_HUMAN	Elongation factor Tu, mitochondrial	Homo sapiens		21.066924705437906	NA	22.250846638424314	NA	20.813717595839062	NA	21.645769326789328	19.662086252482226	NA	NA	20.21616811778524	NA	NA	NA	NA	20.357819958553424	NA
P49641	1	MAN2A2	0.9842	sp|P49641|MA2A2_HUMAN	P49641	MA2A2_HUMAN	Alpha-mannosidase 2x	Homo sapiens		18.356406296363975	18.67122499905888	18.02043474892906	NA	NA	NA	NA	NA	NA	18.2377359921534	NA	18.610921661933364	NA	NA	NA	NA	NA
P49720	1	PSMB3	0.9971	sp|P49720|PSB3_HUMAN	P49720	PSB3_HUMAN	Proteasome subunit beta type-3	Homo sapiens		19.569216371961893	19.58322550011138	20.55987350671257	20.749243744500347	19.03494140340638	19.339022051713407	19.507235563966137	18.128871559068507	18.700838562119557	19.858134295320255	19.897368663106924	19.39036796657185	NA	NA	NA	NA	19.797781354154022
P49747	16	COMP	1.0	sp|P49747|COMP_HUMAN	P49747	COMP_HUMAN	Cartilage oligomeric matrix protein	Homo sapiens		25.577562238212515	26.106391490905022	24.977538778450718	25.34031884248716	25.549904711048054	25.872091622596322	25.50125358025348	25.705896818396877	26.158766163196383	26.31885414009454	25.875622929839707	25.31481647662778	25.945458045816395	NA	27.34742134670244	25.636334355745486	25.604122297371163
P49908	7	SELENOP	1.0	sp|P49908|SEPP1_HUMAN	P49908	SEPP1_HUMAN	Selenoprotein P	Homo sapiens		27.93552973822898	28.833859196410405	27.142114249139652	28.367498533234965	28.034848780383363	28.017085640107517	28.072631189907202	28.16034101539914	28.56129566203285	27.622813066046696	27.65508548107687	28.372774876059825	28.673450935786743	NA	NA	27.99975117968146	28.02588954940876
P49913	5	CAMP	1.0	sp|P49913|CAMP_HUMAN	P49913	CAMP_HUMAN	Cathelicidin antimicrobial peptide	Homo sapiens		23.04366645830212	23.45737223354999	21.68481813948262	22.603755790879102	22.104293840573167	22.017740846429913	23.25135417945223	22.864531571902187	22.897767389066644	24.381030250083832	22.383934469837076	22.711973550866475	23.018265396143487	NA	21.55398345058877	22.968722983989235	23.308009402816552
P50148	1	GNAQ	0.9965	sp|P50148|GNAQ_HUMAN	P50148	GNAQ_HUMAN	Guanine nucleotide-binding protein G(q) subunit alpha	Homo sapiens		18.465496514148942	18.841485810270015	19.34506768441937	18.1448526402429	18.958020871466772	18.04746764753518	18.63153292222755	18.56118252380094	18.46928574565467	18.669667006292553	18.35327926731163	19.038029661708617	18.23738937669745	NA	NA	18.40954569662125	18.282767053978446
P50395	2	GDI2	0.9966	sp|P50395|GDIB_HUMAN	P50395	GDIB_HUMAN	Rab GDP dissociation inhibitor beta	Homo sapiens		19.76962996524033	19.76945070269945	21.07521163676412	20.09928604592722	19.932777389764723	19.198995243680084	20.34903368463818	19.451907247152075	19.173737854939954	19.184679924181196	20.633949238270635	19.782835785199428	18.445715349452822	NA	NA	19.66015661255002	19.765835816078337
P50402	1	EMD	0.9773	sp|P50402|EMD_HUMAN	P50402	EMD_HUMAN	Emerin	Homo sapiens		20.771215485276723	NA	20.61640402471376	NA	NA	NA	NA	NA	NA	NA	NA	NA	NA	NA	NA	NA	NA
P50502	2	ST13	1.0	sp|P50502|F10A1_HUMAN	P50502	F10A1_HUMAN	Hsc70-interacting protein	Homo sapiens	sp|Q8IZP2|ST134_HUMAN	21.01991227669346	20.129866076093688	21.86241233241689	21.932041702969997	21.07016111751933	21.164885048743457	21.631086286886948	21.066616201898306	20.1481524243946	21.265454769364176	20.99740017688073	21.427717292406225	20.295674745202792	NA	NA	21.112653047520286	20.976087452515337
P50552	6	VASP	1.0	sp|P50552|VASP_HUMAN	P50552	VASP_HUMAN	Vasodilator-stimulated phosphoprotein	Homo sapiens		22.037459782369552	21.307739158340745	24.06644739196247	NA	22.28641779116579	19.31101321437034	22.460451200244623	20.783886746291945	19.41699956050652	18.232169680732422	22.032769041262352	19.71709970548219	19.829001533367755	NA	NA	21.30084957448522	21.160401628870225
P50851	3	LRBA	0.9903	sp|P50851|LRBA_HUMAN	P50851	LRBA_HUMAN	Lipopolysaccharide-responsive and beige-like anchor protein	Homo sapiens		20.512934689312534	19.047532410309312	22.635392515820314	17.721309421492784	20.31935673817727	NA	20.3311488316859	19.482383427527136	19.076949620386827	18.97476401808886	20.914091113277	19.24585445027495	NA	NA	NA	20.00950035752676	20.290671749090443
P50990	3	CCT8	1.0	sp|P50990|TCPQ_HUMAN	P50990	TCPQ_HUMAN	T-complex protein 1 subunit theta	Homo sapiens		21.264769234210462	20.17932747172273	23.306834956447506	21.177076513675367	21.478749903667598	19.678717675468985	21.55719503861739	19.98395799150628	20.242357968178414	20.455308536960022	21.516997825433517	18.589629222045062	NA	NA	NA	21.131550629044412	21.58671679746437
P50995	1	ANXA11	0.9151	sp|P50995|ANX11_HUMAN	P50995	ANX11_HUMAN	Annexin A11	Homo sapiens		16.56071005067027	NA	17.66033303970554	NA	16.477257932882512	NA	16.575662725133256	17.021749599170928	NA	14.34003474012149	16.128867821702	NA	NA	NA	NA	15.378931725697768	NA
P51149	2	RAB7A	1.0	sp|P51149|RAB7A_HUMAN	P51149	RAB7A_HUMAN	Ras-related protein Rab-7a	Homo sapiens		20.214754236667357	19.437581053448397	22.357926385015205	NA	20.28287154508123	17.561651161731454	20.780298627424656	19.15064694811211	18.263188049007745	17.674863490137984	20.669429767716387	18.1608046328158	NA	NA	NA	19.932709263130157	19.915637136250993
P51572	4	BCAP31	0.9914	sp|P51572|BAP31_HUMAN	P51572	BAP31_HUMAN	B-cell receptor-associated protein 31	Homo sapiens		22.104142588115916	20.16263128546022	24.11919893102635	NA	21.671059029017226	20.57369633085868	22.32245399436079	20.21307470756861	21.602417944553586	19.873054298354738	21.79524826642587	NA	NA	NA	NA	20.780744711604157	20.117232062661724
P51659	2	HSD17B4	0.9935	sp|P51659|DHB4_HUMAN	P51659	DHB4_HUMAN	Peroxisomal multifunctional enzyme type 2	Homo sapiens		18.97639983504629	17.99615942389342	21.259026494306536	NA	19.54902377134674	17.402023262905825	19.529667408477476	18.364104684064202	16.732114714639895	17.32594358403094	19.465382977870313	18.57438047669096	16.91998162182728	NA	NA	17.954626213889973	18.81469433429561
P51884	7	LUM	0.9998	sp|P51884|LUM_HUMAN	P51884	LUM_HUMAN	Lumican	Homo sapiens		26.72459628534276	27.29013307839768	26.276106618284253	26.314644826946324	27.296392818520847	26.941032410239732	26.800196294446867	26.92343147904351	27.21194697664928	27.018834245028824	26.63277706338914	26.76079230211769	27.38391628594389	NA	NA	26.881965337826284	26.819073143446712
P52209	1	PGD	0.997	sp|P52209|6PGD_HUMAN	P52209	6PGD_HUMAN	6-phosphogluconate dehydrogenase, decarboxylating	Homo sapiens		22.317819293792045	NA	22.16300783322908	NA	NA	NA	NA	NA	NA	NA	NA	NA	NA	NA	NA	NA	NA
P52333	1	JAK3	0.9969	sp|P52333|JAK3_HUMAN	P52333	JAK3_HUMAN	Tyrosine-protein kinase JAK3	Homo sapiens		17.74484249557367	16.438467407573008	19.952576348938706	16.86676054699242	17.159671645630908	NA	17.66798538766865	17.029533860712075	16.572073415701706	15.731569142339504	18.765250684857836	NA	NA	NA	NA	16.81516042886024	17.188104094612914
P52565	2	ARHGDIA	0.9988	sp|P52565|GDIR1_HUMAN	P52565	GDIR1_HUMAN	Rho GDP-dissociation inhibitor 1	Homo sapiens		21.84015400894214	21.56151000642854	23.546585877610223	20.43233283409841	22.288555406805507	20.66435462101809	22.33080936128561	22.162202232070474	21.25876436000485	20.202621801182946	22.799329518457494	20.357524952332913	NA	NA	NA	21.553269514515765	21.8106889323346
P52566	3	ARHGDIB	0.9938	sp|P52566|GDIR2_HUMAN	P52566	GDIR2_HUMAN	Rho GDP-dissociation inhibitor 2	Homo sapiens		23.384525614802644	22.370470027830148	24.754432324420346	20.934577022880447	23.396557484361026	21.319537401804606	24.314941127029915	24.098630539933236	22.399038823273813	21.03549566573089	23.778782762868826	NA	NA	NA	NA	23.577687396819787	23.236643212501228
P52848	1	NDST1	0.9953	sp|P52848|NDST1_HUMAN	P52848	NDST1_HUMAN	Bifunctional heparan sulfate N-deacetylase/N-sulfotransferase 1	Homo sapiens		24.89610387281558	25.654687803325796	24.259900480284763	25.260237308679134	24.982363664805284	25.11157606027744	24.817768904924637	24.787234824795494	25.45625875832732	25.331234244174034	25.015338462604504	24.899748698532992	25.698253814597425	NA	NA	24.98286194948207	24.899312272947896
P52888	1	THOP1	0.9998	sp|P52888|THOP1_HUMAN	P52888	THOP1_HUMAN	Thimet oligopeptidase	Homo sapiens		18.50866525224099	NA	NA	NA	18.01026351516479	NA	NA	18.404849172688092	18.22021369069325	18.38522369828447	NA	NA	NA	NA	NA	NA	NA
P52907	4	CAPZA1	1.0	sp|P52907|CAZA1_HUMAN	P52907	CAZA1_HUMAN	F-actin-capping protein subunit alpha-1	Homo sapiens		22.038188951138153	20.637177378386667	24.088200615703126	20.32547273828762	22.39744251244164	19.131547701148946	22.845662527306473	21.376546688973168	20.445652507492383	20.156594832965936	22.83955149537645	20.248577376306834	20.212240265948815	NA	NA	22.007778802106035	21.757218761332588
P53396	2	ACLY	0.9863	sp|P53396|ACLY_HUMAN	P53396	ACLY_HUMAN	ATP-citrate synthase	Homo sapiens		20.62875773370215	19.876461407213203	22.274062003258415	20.785695606599063	20.763833746529244	20.33238184748772	20.835545157029443	19.82892957835839	19.553878903023783	19.693292867747147	21.175948169541634	19.471188174779154	19.427347192373762	NA	NA	21.052395409866207	20.68623414751177
P53634	1	CTSC	1.0	sp|P53634|CATC_HUMAN	P53634	CATC_HUMAN	Dipeptidyl peptidase 1	Homo sapiens		19.863857533692443	19.710853404387095	20.801368374898054	20.058048765407616	19.88336384593747	20.27099419659003	19.89265858321868	19.8290586819273	20.15427269840197	20.005198607235993	20.22229663444918	19.206797252495072	18.493560051258747	NA	NA	20.038992600927113	20.588311566095456
P53990	1	IST1	0.9737	sp|P53990|IST1_HUMAN	P53990	IST1_HUMAN	IST1 homolog	Homo sapiens		20.757677969864083	NA	21.4448407642833	NA	19.667844520632368	NA	NA	19.967578939498406	NA	NA	NA	NA	NA	NA	NA	NA	NA
P54108	6	CRISP3	0.9996	sp|P54108|CRIS3_HUMAN	P54108	CRIS3_HUMAN	Cysteine-rich secretory protein 3	Homo sapiens		24.88133946339763	25.293523672824268	23.891028528939415	24.840887136915306	24.49201007954962	24.975171777101313	24.34020292185644	25.40825841461905	25.472005485933536	25.791074375283912	24.114720511074832	25.347778532782087	25.552685578253783	NA	NA	25.162208061164197	25.00497728793926
P54289	3	CACNA2D1	1.0	sp|P54289|CA2D1_HUMAN	P54289	CA2D1_HUMAN	Voltage-dependent calcium channel subunit alpha-2/delta-1	Homo sapiens		21.08977871242047	21.745903786974615	20.469352668795068	21.45899697670431	21.30963623787582	21.22591511722667	21.301746138121644	21.410460295742645	21.28294501160877	21.45005819182329	20.364017374480238	21.106825981150944	21.17783597947206	NA	NA	21.141207448238745	20.867936146189823
P54578	1	USP14	0.9988	sp|P54578|UBP14_HUMAN	P54578	UBP14_HUMAN	Ubiquitin carboxyl-terminal hydrolase 14	Homo sapiens		17.499951384707572	17.00998253519951	18.801935254002338	18.126442658063358	16.930436852100392	17.341102629638293	17.9112842711672	17.736114617495268	16.586305936120585	17.93995445854336	17.645418183431687	16.194117801578372	NA	NA	NA	16.90073129059404	17.380765021160144
P54725	2	RAD23A	0.9998	sp|P54725|RD23A_HUMAN	P54725	RD23A_HUMAN	Lysine-specific demethylase RAD23A	Homo sapiens		20.90387702935221	NA	19.933642921340418	21.03848866539193	NA	NA	NA	20.973819925259797	21.03394161762898	20.728389541261723	NA	NA	NA	NA	NA	NA	NA
P54802	1	NAGLU	0.9926	sp|P54802|ANAG_HUMAN	P54802	ANAG_HUMAN	Alpha-N-acetylglucosaminidase	Homo sapiens		18.095135202365025	18.603349780186573	16.07156870272988	18.188630173697476	18.293409824771594	19.109989458589535	18.48522985042693	18.16284058136664	18.51387052974532	18.198670952405227	18.204645630868825	18.239973339329886	18.73279631196776	NA	NA	18.219805732794647	18.221783676343186
P55056	5	APOC4	0.9998	sp|P55056|APOC4_HUMAN	P55056	APOC4_HUMAN	Apolipoprotein C-IV	Homo sapiens		27.569510271091666	28.846355767981816	26.275009449985372	27.51842315633293	28.096847667611147	25.922462252709323	27.968591833603046	28.025307708036305	27.59063824145166	27.56149526596605	26.93221169485733	29.271673457507223	27.013436569071214	NA	26.461029334935997	27.733205613198194	27.48485256496696
P55058	9	PLTP	1.0	sp|P55058|PLTP_HUMAN	P55058	PLTP_HUMAN	Phospholipid transfer protein	Homo sapiens		24.780695287611124	25.32122097568668	24.01299460668614	25.06249895490896	24.789408203091952	25.28533617507822	24.734758203408546	24.182253013250307	24.834361906137243	24.95810173213049	25.125099915750287	25.645365470434427	25.201565256488987	NA	NA	24.574715938137714	24.575505824509616
P55072	5	VCP	0.9997	sp|P55072|TERA_HUMAN	P55072	TERA_HUMAN	Transitional endoplasmic reticulum ATPase	Homo sapiens		22.13828996281568	21.12796347174565	24.224005136704022	21.703217827736534	22.10585821193101	20.43672880663853	22.522792418990534	21.519572721576715	20.335519682386995	21.55021522687391	22.58733987081063	20.02125638316097	NA	NA	NA	21.89573495821008	21.618093881443095
P55084	1	HADHB	0.9902	sp|P55084|ECHB_HUMAN	P55084	ECHB_HUMAN	Trifunctional enzyme subunit beta, mitochondrial	Homo sapiens		18.28831769893792	17.213463513306547	20.81401013848099	14.785604338815327	18.598593898491153	16.660517287380898	19.240953547839652	16.703907618057883	NA	15.92849000599251	18.5940844205415	15.942440616809156	NA	NA	19.04001762449823	18.029556202845175	17.888438339668596
P55103	4	INHBC	1.0	sp|P55103|INHBC_HUMAN	P55103	INHBC_HUMAN	Inhibin beta C chain	Homo sapiens		23.092429743938553	23.861485805552306	22.986231252216935	23.299159559810196	23.371451657713077	23.421106968963045	23.236465113119852	23.294076700966393	22.878012993396556	23.20340401431954	23.758890603338145	23.49480813895538	23.78286549807874	NA	22.345006056895272	23.107872993020738	23.254149416842356
P55209	2	NAP1L1	1.0	sp|P55209|NP1L1_HUMAN	P55209	NP1L1_HUMAN	Nucleosome assembly protein 1-like 1	Homo sapiens		21.043359893531523	20.61963588467915	23.35345938021963	16.84016837339276	21.413470239578132	18.469429757893675	21.69334732461091	20.124726881252126	18.89581126427899	19.149800560219226	21.835364015830855	18.951203332732597	17.41916657580466	19.894988689055968	NA	21.074114398278233	20.82390308709436
P55268	2	LAMB2	0.9388	sp|P55268|LAMB2_HUMAN	P55268	LAMB2_HUMAN	Laminin subunit beta-2	Homo sapiens		21.723779665525775	22.088776198909212	21.536724500759973	22.128738268419255	NA	NA	NA	NA	NA	21.302613248147843	NA	NA	NA	NA	NA	NA	NA
P55290	1	CDH13	0.9986	sp|P55290|CAD13_HUMAN	P55290	CAD13_HUMAN	Cadherin-13	Homo sapiens		17.040138872517417	17.599977351816246	NA	17.238409485570248	17.48906430376209	17.32247084764956	16.342166220573894	17.274829245465046	17.91380773362852	17.774856731123396	16.274907035704857	17.05052022187649	16.599019728791315	NA	NA	16.811313025111744	16.29168775449084
P55957	1	BID	0.9997	sp|P55957|BID_HUMAN	P55957	BID_HUMAN	BH3-interacting domain death agonist	Homo sapiens		19.852980993686902	19.310494951767108	21.81198183577947	18.9790762201416	20.179298955815035	18.269343775805833	20.201997435290675	20.118947504202943	18.03860001965524	18.21512164123027	20.5577222651121	18.44966816534891	NA	NA	NA	20.300695020792883	19.710839809893102
P58166	2	INHBE	0.9877	sp|P58166|INHBE_HUMAN	P58166	INHBE_HUMAN	Inhibin beta E chain	Homo sapiens		20.198559631670406	20.026036491788908	19.74264455457315	19.65414438576536	20.58011097010524	21.64781522960668	20.066706982685375	20.255116914698416	19.665478154490046	20.769707886835466	20.279686238476135	20.271097988142174	20.433028047866735	NA	NA	20.387820576138406	19.81811501075928
P58335	2	ANTXR2	0.9992	sp|P58335|ANTR2_HUMAN	P58335	ANTR2_HUMAN	Anthrax toxin receptor 2	Homo sapiens		22.73231424623628	22.928027522740354	22.096254422606904	23.012913327842607	22.833882415311255	22.72530747065829	22.568714633436844	22.76366986885856	23.84886150508742	23.277948904312037	22.494684228301992	22.895706967411076	23.297818360842307	NA	NA	22.92450563550231	22.853266740849097
P58546	3	MTPN	0.9956	sp|P58546|MTPN_HUMAN	P58546	MTPN_HUMAN	Myotrophin	Homo sapiens		22.169503664324726	21.839511475296444	24.14032601849914	21.614914291758257	22.433992393048733	21.06554455582954	22.730526999197483	22.17408963165854	20.585376100351024	21.47214875690943	23.255601598764635	20.792604098395373	19.905494691158445	NA	NA	22.27476009864883	22.29697798509412
P59998	4	ARPC4	0.9702	sp|P59998|ARPC4_HUMAN	P59998	ARPC4_HUMAN	Actin-related protein 2/3 complex subunit 4	Homo sapiens		22.763856423174044	21.71353965040006	24.7779772227914	19.2240311191598	23.028866376819618	20.603430006245365	22.842819378673212	22.174247030999073	NA	20.280958395254615	23.263743405442124	18.67154957055348	NA	21.20546050125338	NA	22.649300802251332	22.650986715612348
P60174	2	TPI1	0.9999	sp|P60174|TPIS_HUMAN	P60174	TPIS_HUMAN	Triosephosphate isomerase	Homo sapiens		23.547393778504947	23.30930251232932	25.10099558350334	23.32308173576153	23.413592682692347	22.745593416312538	24.418378396194353	23.85196518594787	22.357593674009486	23.449309081488416	24.398767705970783	22.102161224040938	21.77137145955506	NA	NA	23.79378656505904	23.82335903138484
P60660	5	MYL6	0.9999	sp|P60660|MYL6_HUMAN	P60660	MYL6_HUMAN	Myosin light polypeptide 6	Homo sapiens		23.904035861273204	22.269937141818062	25.79188365353427	19.94055092756925	23.662763615630553	NA	24.22767466710466	22.732100429548083	21.641519230281958	19.997998944647286	23.45171298302982	21.071645325163413	NA	NA	NA	23.34667164243539	23.587334133998233
P60709	20	ACTB	1.0	sp|P60709|ACTB_HUMAN	P60709	ACTB_HUMAN	Actin, cytoplasmic 1	Homo sapiens		30.054511051349955	28.7308002299662	32.16059846471904	26.975675384567747	29.817168912292207	27.376515920264904	30.494758947009707	28.81915117457604	27.38100908007018	26.942924419726914	30.027168975734256	27.466348532004755	28.369796082274217	29.14100129679123	33.19172479749809	29.7260919060183	29.56965042780732
P60842	1	EIF4A1	0.9117	sp|P60842|IF4A1_HUMAN	P60842	IF4A1_HUMAN	Eukaryotic initiation factor 4A-I	Homo sapiens		18.849613910892955	NA	18.725174284437852	NA	18.655491143702484	NA	NA	18.5776009879811	NA	NA	NA	NA	NA	NA	NA	NA	NA
P60891	2	PRPS1	0.9963	sp|P60891|PRPS1_HUMAN	P60891	PRPS1_HUMAN	Ribose-phosphate pyrophosphokinase 1	Homo sapiens		17.425030681790947	17.075717454796187	17.666891477298844	18.36750078238442	17.395814197204203	17.196384464351066	16.646400043082384	17.376135563422146	16.61281983552323	17.85928600962708	17.25128191610868	NA	NA	NA	NA	17.581820816669264	17.63825028704162
P60900	1	PSMA6	0.9998	sp|P60900|PSA6_HUMAN	P60900	PSA6_HUMAN	Proteasome subunit alpha type-6	Homo sapiens		20.403337970920667	19.778034669437837	21.45459419179097	21.50355534384896	20.08719323581199	20.541949351468833	20.370279600995165	20.049013050520355	19.911712999754183	20.96543637442777	20.745316368666316	19.72363993225757	19.545644757667826	NA	NA	20.653673259603845	20.624661973681462
P61006	2	RAB8A	0.9995	sp|P61006|RAB8A_HUMAN	P61006	RAB8A_HUMAN	Ras-related protein Rab-8A	Homo sapiens		19.89244283259946	19.270255612496122	22.01429144674248	17.063050909763007	20.055492239312947	18.104274227557514	20.10042588624702	18.736610996773955	17.52300405721134	18.249776794829994	20.710369315543854	18.54002405084151	17.88685025442876	NA	NA	19.86044615969172	20.04060755673434
P61088	1	UBE2N	0.9999	sp|P61088|UBE2N_HUMAN	P61088	UBE2N_HUMAN	Ubiquitin-conjugating enzyme E2 N	Homo sapiens	sp|Q5JXB2|UE2NL_HUMAN	19.22116463083895	NA	19.5530647278553	NA	NA	NA	18.94986100149699	18.657609794444824	NA	NA	NA	NA	NA	NA	NA	NA	20.107886146395263
P61106	2	RAB14	0.9953	sp|P61106|RAB14_HUMAN	P61106	RAB14_HUMAN	Ras-related protein Rab-14	Homo sapiens		20.595111929110924	19.460904553572554	21.80108482752699	17.776056256688356	20.83311805858755	18.180060253735906	21.331411130736125	19.88934278161189	NA	18.230827046973896	20.419599196894854	17.612325959064712	NA	NA	NA	20.677870122035397	20.643925009534946
P61158	2	ACTR3	0.9987	sp|P61158|ARP3_HUMAN	P61158	ARP3_HUMAN	Actin-related protein 3	Homo sapiens		21.87907464634437	20.971591322025873	23.94770204411082	NA	22.361995567245973	20.279819649455987	22.23046236987087	21.461371764311295	20.069986729535316	20.087821502487934	22.185540559556348	20.12248785979973	NA	NA	NA	21.803341267749246	21.896281893247913
P61160	1	ACTR2	0.9986	sp|P61160|ARP2_HUMAN	P61160	ARP2_HUMAN	Actin-related protein 2	Homo sapiens		20.818857830646465	19.57898555699174	23.093499296551624	18.14943692133995	21.4782818581119	NA	21.693159007743848	19.984078626387447	19.265802502496854	18.886654031795707	21.281055360668717	18.562967746548455	18.07807555760854	NA	NA	20.665480603800454	20.902587312011537
P61163	1	ACTR1A	0.9969	sp|P61163|ACTZ_HUMAN	P61163	ACTZ_HUMAN	Alpha-centractin	Homo sapiens		19.591908527564957	NA	21.196157039901774	NA	18.882540021888314	NA	19.69324946729958	NA	17.71462223108943	17.830317207023878	18.322025617612397	NA	NA	NA	NA	NA	NA
P61204	4	ARF3	0.9979	sp|P61204|ARF3_HUMAN	P61204	ARF3_HUMAN	ADP-ribosylation factor 3	Homo sapiens	sp|P84077|ARF1_HUMAN	20.264096002982814	19.930994972607802	22.144898341992146	18.457122932081635	20.58144788358418	18.754037643988294	20.973245548296347	20.190324077691574	18.87511063129863	19.12910007241798	21.20545202721275	18.626642924920915	19.125461480451964	NA	NA	20.618783569943417	20.497794244212045
P61604	2	HSPE1	0.9865	sp|P61604|CH10_HUMAN	P61604	CH10_HUMAN	10 kDa heat shock protein, mitochondrial	Homo sapiens		21.2835479997914	NA	23.19265244588196	NA	20.748253793743658	NA	20.539601857743108	NA	19.43095820593399	NA	20.610519450445135	NA	NA	NA	NA	20.719535464075157	20.445029885425452
P61626	7	LYZ	0.9987	sp|P61626|LYSC_HUMAN	P61626	LYSC_HUMAN	Lysozyme C	Homo sapiens		27.674450792373268	28.080843178272385	27.307145277839084	27.67099333199501	27.076225830623926	27.853344792080236	27.115166415058436	28.17478909187781	27.69488032096637	28.23002294595231	26.985487081198862	29.382279206214506	27.401071680926496	NA	28.554584661758216	27.646848471622697	27.515144932686464
P61769	1	B2M	0.998	sp|P61769|B2MG_HUMAN	P61769	B2MG_HUMAN	Beta-2-microglobulin	Homo sapiens		21.330224303342128	22.27729968118679	20.77388454575148	21.34385878039391	21.19939820776093	21.677326533941514	20.797152304862262	21.458943701994848	21.42626240868979	21.258180639328426	20.99958510278092	22.813723408749468	21.49313778688997	NA	NA	21.037288419867977	22.10841555588852
P61981	2	YWHAG	1.0	sp|P61981|1433G_HUMAN	P61981	1433G_HUMAN	14-3-3 protein gamma	Homo sapiens		21.373117878776544	20.52556089346466	23.35790341490761	20.455977311464363	21.671374220521766	19.75479394330835	21.773441408362128	20.656956007599568	20.709012986737374	21.002892172739312	21.506702243838337	20.249202202775606	19.359368762497045	21.645049607711567	NA	21.210724652800405	21.497611554178775
P62136	2	PPP1CA	0.9725	sp|P62136|PP1A_HUMAN	P62136	PP1A_HUMAN	Serine/threonine-protein phosphatase PP1-alpha catalytic subunit	Homo sapiens		20.994571221587098	19.844012745345864	22.07239917453255	NA	20.897864174782892	18.77241351814771	21.891330147595987	20.019323431179213	NA	18.93784887525681	20.946508219539012	19.31648691121765	19.313766205550603	NA	NA	21.121329054359364	21.076825024381055
P62258	6	YWHAE	0.9993	sp|P62258|1433E_HUMAN	P62258	1433E_HUMAN	14-3-3 protein epsilon	Homo sapiens		23.778377621676395	23.1907290616039	25.838484733573324	23.104586850784273	24.005856651175012	22.27208407148272	24.411106207072642	23.44053315806746	21.088334585640055	23.536339177932813	24.033779242797966	22.01434670632329	20.108268074707027	NA	26.023216253937935	23.9407230915365	23.813827319182067
P62333	2	PSMC6	0.9948	sp|P62333|PRS10_HUMAN	P62333	PRS10_HUMAN	26S proteasome regulatory subunit 10B	Homo sapiens		19.862234488489737	NA	21.33333625186982	20.26637986090066	19.877173271657874	18.91966061124792	19.68660952828559	20.314315383537586	NA	19.83858480494267	NA	18.636151664147	19.77584515585729	NA	NA	18.57891285545274	19.187725301256126
P62491	2	RAB11A	0.9999	sp|P62491|RB11A_HUMAN	P62491	RB11A_HUMAN	Ras-related protein Rab-11A	Homo sapiens	sp|Q15907|RB11B_HUMAN	21.177785713126855	20.33296675393102	23.40889223685963	18.659950304588417	20.996941828340404	19.4718278387015	21.67905108121977	20.19815398439258	19.779775385452414	18.468732965330823	21.31545204659202	19.148493344497897	19.312196210322103	NA	NA	20.638882480534765	21.657920461089052
P62805	1	H4C1	0.9924	sp|P62805|H4_HUMAN	P62805	H4_HUMAN	Histone H4	Homo sapiens		19.13506460471718	19.087971323247363	19.73228252039299	18.827140045157545	16.673571336964322	19.126066766955017	20.912883924749487	18.02191676354966	NA	19.03879973130975	19.840102970748116	19.51209300271652	NA	NA	NA	18.991236332694477	18.863440101165263
P62820	1	RAB1A	0.9995	sp|P62820|RAB1A_HUMAN	P62820	RAB1A_HUMAN	Ras-related protein Rab-1A	Homo sapiens		19.93011617813312	19.585508944869364	22.08868518646903	18.425866978219908	20.21216112467945	18.67602256552044	20.68201629963874	19.754335521721618	18.490506541187635	18.579208427218383	20.565237409571555	19.297798716385824	17.68241108505049	NA	NA	20.022415465819634	20.174963150907576
P62826	2	RAN	0.9943	sp|P62826|RAN_HUMAN	P62826	RAN_HUMAN	GTP-binding nuclear protein Ran	Homo sapiens		20.02728055883496	19.607169894728223	20.627705855131545	21.204513940755824	19.590581036048217	20.1463532764781	20.165181209137614	20.539663984784596	19.276739071865887	20.481385486956913	20.488906117617056	19.078509389565163	19.497444746311434	NA	NA	20.139355934685895	20.131025011003736
P62879	2	GNB2	0.9993	sp|P62879|GBB2_HUMAN	P62879	GBB2_HUMAN	Guanine nucleotide-binding protein G(I)/G(S)/G(T) subunit beta-2	Homo sapiens		18.83946170116688	19.274906864358595	20.0293054833672	17.300382051476447	18.749458770593105	17.045193914654625	19.757842087884928	17.978316363227812	17.63989271303827	17.89706409417277	19.011913617122282	17.355015653074563	16.57102206054056	NA	NA	18.378475198687116	19.081242981684074
P62937	6	PPIA	0.9999	sp|P62937|PPIA_HUMAN	P62937	PPIA_HUMAN	Peptidyl-prolyl cis-trans isomerase A	Homo sapiens		24.25898253636524	23.6451421390802	26.130482567807316	23.327313593811418	24.607497184613763	22.850935736305868	24.74433490845907	24.650913059296016	23.179745242281616	23.25745396867107	24.994930724565663	22.610591170944183	22.491240443696014	NA	NA	24.273331357932108	24.4151324376072
P62942	1	FKBP1A	1.0	sp|P62942|FKB1A_HUMAN	P62942	FKB1A_HUMAN	Peptidyl-prolyl cis-trans isomerase FKBP1A	Homo sapiens		20.25605200959054	19.98514292223025	21.565895711367585	19.27696263720995	20.67556230798787	18.69208992691152	21.16727600493411	20.913467918652778	19.708189086015537	19.523775106058213	21.191923690364575	19.397273277483524	19.102867540104164	NA	NA	20.608204279587717	20.58218531964565
P62979	3	RPS27A	0.9957	sp|P62979|RS27A_HUMAN	P62979	RS27A_HUMAN	Ubiquitin-40S ribosomal protein S27a	Homo sapiens		22.081523369187607	21.751832938359676	22.795065295607976	22.92893305143408	21.89823024154699	22.357359472716333	21.980802317349497	22.359824809664516	21.591733658949234	22.439182020261192	22.671126207933984	21.269294724073138	21.636760825693273	NA	NA	22.33484194921126	22.262433853488478
P62993	1	GRB2	1.0	sp|P62993|GRB2_HUMAN	P62993	GRB2_HUMAN	Growth factor receptor-bound protein 2	Homo sapiens		16.737678727230293	16.035330389938704	18.12353426520278	NA	16.17261903578095	NA	16.424380749962474	16.880220904281998	NA	NA	15.997141974116287	NA	NA	NA	NA	NA	16.609991516191236
P63104	2	YWHAZ	1.0	sp|P63104|1433Z_HUMAN	P63104	1433Z_HUMAN	14-3-3 protein zeta/delta	Homo sapiens		26.434050150717848	25.526875494302057	27.573326815918925	NA	NA	NA	25.901474822000793	NA	NA	24.0783929371366	26.36855827769767	NA	NA	NA	NA	NA	NA
P63241	3	EIF5A	0.9938	sp|P63241|IF5A1_HUMAN	P63241	IF5A1_HUMAN	Eukaryotic translation initiation factor 5A-1	Homo sapiens		21.73864641433163	21.31680626297583	23.561612569619616	21.545533349243943	21.565483651468696	20.274119052689528	22.474443264689217	22.079080399341287	20.38091155707602	21.49772453373331	22.39136679202999	20.422857981470337	20.311412959249584	NA	NA	21.995824616178673	21.989328864983122
P63261	1	ACTG1	1.0	sp|P63261|ACTG_HUMAN	P63261	ACTG_HUMAN	Actin, cytoplasmic 2	Homo sapiens		21.798317309672555	NA	23.48404707143769	NA	21.299948260398637	NA	21.568621881535126	20.60587026953429	NA	NA	21.26075649688312	NA	NA	NA	NA	21.24870325062159	21.27684107797274
P67936	4	TPM4	0.997	sp|P67936|TPM4_HUMAN	P67936	TPM4_HUMAN	Tropomyosin alpha-4 chain	Homo sapiens		27.267544946029584	25.664714540182086	29.48644284903666	NA	27.42188278624558	NA	27.608938182187106	26.046912563349093	NA	23.092719440041165	27.388253467883207	23.564590309953527	24.23007528808141	25.24028937548856	NA	26.88144936133257	26.86022339421303
P68032	4	ACTC1	0.9997	sp|P68032|ACTC_HUMAN	P68032	ACTC_HUMAN	Actin, alpha cardiac muscle 1	Homo sapiens	sp|P68133|ACTS_HUMAN	23.747558531292427	21.821931639073668	23.95440661529612	NA	21.466402938909038	25.016482954175377	24.29927462774347	22.458192548252427	22.63973008832751	25.404510441085435	23.484347468922582	NA	NA	NA	25.836991814252002	22.04799064429811	22.883708728338696
P68104	3	EEF1A1	0.9954	sp|P68104|EF1A1_HUMAN	P68104	EF1A1_HUMAN	Elongation factor 1-alpha 1	Homo sapiens	sp|Q5VTE0|EF1A3_HUMAN	20.07189243057572	19.379391525816157	21.920054053140092	19.86129618848561	20.059339159033584	19.665605363749034	20.25584347408382	20.306927102008903	19.34409768410703	19.43220530985251	20.16508656768808	19.93131195011453	18.997768603663747	NA	20.24345889021993	20.209471744087644	20.320040947927318
P68366	8	TUBA4A	1.0	sp|P68366|TBA4A_HUMAN	P68366	TBA4A_HUMAN	Tubulin alpha-4A chain	Homo sapiens		25.224935968339906	24.05455950390085	27.51197727081682	22.858865194378527	25.597474947266743	22.422770112822562	25.63255562197987	24.033348762798056	23.16031377499676	21.723647354422724	25.439119305324866	22.78824002989953	22.077087973857584	23.459893301283007	NA	24.8909185845787	24.974391237162088
P68371	1	TUBB4B	0.9181	sp|P68371|TBB4B_HUMAN	P68371	TBB4B_HUMAN	Tubulin beta-4B chain	Homo sapiens		21.977557759559595	NA	NA	NA	NA	NA	22.23944340436506	NA	NA	NA	NA	NA	NA	NA	NA	NA	NA
P68871	38	HBB	1.0	sp|P68871|HBB_HUMAN	P68871	HBB_HUMAN	Hemoglobin subunit beta	Homo sapiens		31.128320990339535	30.651848770123852	29.006249012564595	32.82406197600277	29.936597108159212	31.58516411794883	30.278863462927355	31.70119047150239	30.50206915027896	32.35543650786656	31.008284404039003	30.19828489722569	30.77426259352886	NA	31.172595498303487	30.99006031475988	30.906002290913207
P69891	1	HBG1	0.9936	sp|P69891|HBG1_HUMAN	P69891	HBG1_HUMAN	Hemoglobin subunit gamma-1	Homo sapiens	sp|P69892|HBG2_HUMAN	19.79906339435694	NA	NA	20.58423792492209	NA	20.429846437601995	19.394662662341187	19.07074685468799	NA	19.51012792769411	20.06283053386368	NA	NA	NA	NA	NA	NA
P69905	12	HBA2	1.0	sp|P69905|HBA_HUMAN	P69905	HBA_HUMAN	Hemoglobin subunit alpha	Homo sapiens		30.161949625226647	29.802009084909102	27.693466195906634	31.96732145903363	28.968610767607014	30.543913131657526	29.421415179957094	30.670689120196247	29.65528767218875	31.427933357111733	30.25356939918174	29.404876842363485	29.78882509111631	NA	29.565179594237986	30.08192525840502	29.810201393349065
P78324	1	SIRPA	0.9945	sp|P78324|SHPS1_HUMAN	P78324	SHPS1_HUMAN	Tyrosine-protein phosphatase non-receptor type substrate 1	Homo sapiens		20.27708011563734	19.281146572599898	20.092137015688188	20.144506910812233	20.67378521199417	20.391911818868998	19.756233597929757	20.750929653300176	20.171070982475687	20.646099298693404	19.899236351885268	21.756608391323553	20.85112567203984	NA	NA	19.99410920688462	20.348704026180087
P78371	2	CCT2	0.9997	sp|P78371|TCPB_HUMAN	P78371	TCPB_HUMAN	T-complex protein 1 subunit beta	Homo sapiens		21.990182332847933	21.324747931138283	23.38605298838727	21.466088993513644	21.79546146630084	21.353727074588132	21.990979542564382	21.914776302629768	21.615973563921226	21.014676796912124	22.899827408312714	NA	20.31368841465754	NA	23.499404357472457	21.840922354572267	22.00788702970111
P78417	1	GSTO1	0.9999	sp|P78417|GSTO1_HUMAN	P78417	GSTO1_HUMAN	Glutathione S-transferase omega-1	Homo sapiens		20.70149573244842	20.088140452825932	21.984498126936316	19.98325947401343	NA	21.077127539387238	21.61662924635619	20.769345579590016	20.88687118932299	20.957390345618705	21.218181698394517	20.115027556993162	20.814804622252144	NA	NA	19.85834729603681	19.946069405110773
P80108	21	GPLD1	1.0	sp|P80108|PHLD_HUMAN	P80108	PHLD_HUMAN	Phosphatidylinositol-glycan-specific phospholipase D	Homo sapiens		27.248702031743022	27.450487496660138	25.995199907967184	27.90997173744829	27.281491760197607	27.701944975653337	27.7620302338758	27.59997574901868	27.947270411178128	27.269141687936518	27.424392144121985	27.689247257388693	27.449966236302572	NA	29.708754056539345	27.334880955171492	27.220853922629594
P80188	1	LCN2	1.0	sp|P80188|NGAL_HUMAN	P80188	NGAL_HUMAN	Neutrophil gelatinase-associated lipocalin	Homo sapiens		19.284535649140935	19.278024869152866	17.609196515633357	19.48941980646471	18.634091554803355	18.269172825454646	17.688747243567065	19.541273025777915	19.459819506624747	20.267006511087256	NA	20.717362869658906	19.62875266112372	NA	NA	20.00370688784328	19.1147005315342
P80723	3	BASP1	0.9983	sp|P80723|BASP1_HUMAN	P80723	BASP1_HUMAN	Brain acid soluble protein 1	Homo sapiens		22.23475063921674	22.325848858616894	21.986219146477247	22.23984661043098	22.076057565560266	22.338523142006316	22.41398590126042	22.915858008529682	22.59812806719103	22.63698234673799	22.021047263145327	22.837421156347585	22.457194856884474	NA	NA	22.349555755460525	22.230412927449006
P98160	12	HSPG2	1.0	sp|P98160|PGBM_HUMAN	P98160	PGBM_HUMAN	Basement membrane-specific heparan sulfate proteoglycan core protein	Homo sapiens		22.584744453921193	22.856871332987446	22.282681678270823	22.78494171598381	22.763372125938652	23.03757033273002	22.76477251838464	22.521759732075395	23.290041015850125	23.040241294643955	22.171265314968764	23.063174501570746	22.813079572735973	NA	22.97646139350653	22.67915020977485	22.805156477807266
Q00610	3	CLTC	0.9994	sp|Q00610|CLH1_HUMAN	Q00610	CLH1_HUMAN	Clathrin heavy chain 1	Homo sapiens		22.186030868210572	NA	23.658632980210257	NA	21.915044666102812	20.61173879617332	22.161383637862116	NA	NA	NA	20.928160281101015	NA	NA	NA	NA	21.610055611250385	21.20758304727601
Q00765	2	REEP5	0.9956	sp|Q00765|REEP5_HUMAN	Q00765	REEP5_HUMAN	Receptor expression-enhancing protein 5	Homo sapiens		21.294314409687512	20.839612182943814	23.45077338589679	18.660653351555883	21.96341970045876	19.495686502097886	21.79508075512994	20.484629916707686	20.603679841535048	19.854757545174916	20.80293205641696	20.116283120393298	20.119235454128667	NA	NA	21.19199916632597	21.275994752949014
Q01433	1	AMPD2	0.9948	sp|Q01433|AMPD2_HUMAN	Q01433	AMPD2_HUMAN	AMP deaminase 2	Homo sapiens		18.90460217890829	18.134819218530684	21.274858332318168	15.458084560858662	19.518158411703602	16.67361061933382	19.3543679749433	18.94615907148668	17.41107240223924	17.14722830980183	19.353539720533114	17.749752128570144	16.708239441615458	NA	NA	19.0266213456671	18.849338636604266
Q01459	2	CTBS	0.9978	sp|Q01459|DIAC_HUMAN	Q01459	DIAC_HUMAN	Di-N-acetylchitobiase	Homo sapiens		20.709488678021795	21.227722422274734	19.731860320309725	20.90539515071291	21.041308332513744	21.47194873471316	20.282849945586804	20.944391813027167	21.064985918033056	21.066243719457173	21.22184780489841	21.075375234699127	21.008712892939556	NA	21.72914802725985	20.66505050259229	21.004727470890508
Q01469	1	FABP5	0.9035	sp|Q01469|FABP5_HUMAN	Q01469	FABP5_HUMAN	Fatty acid-binding protein 5	Homo sapiens		22.44179166852016	22.112336492850442	23.96963814547499	22.891216550426854	21.633965280990655	22.743631687298723	21.704697878879085	22.34075549845856	21.757896646086547	21.61138863025192	21.73889376640919	23.653086444846366	22.58468630290856	NA	NA	23.07041917375359	22.778991707823323
Q01518	7	CAP1	0.9999	sp|Q01518|CAP1_HUMAN	Q01518	CAP1_HUMAN	Adenylyl cyclase-associated protein 1	Homo sapiens		24.775182194706858	23.9221042380628	26.744619036929066	20.49956121896506	24.84529025908829	21.586050099910032	25.267781634948452	23.54757917097081	NA	21.81733843047447	25.037154020739457	22.34724049781273	21.148734955468903	22.505583343239614	NA	24.481839550326452	24.719148969819283
Q01638	1	IL1RL1	0.9961	sp|Q01638|ILRL1_HUMAN	Q01638	ILRL1_HUMAN	Interleukin-1 receptor-like 1	Homo sapiens		22.475699667864856	NA	NA	NA	NA	NA	NA	NA	NA	21.864383656721685	NA	NA	NA	NA	NA	NA	NA
Q01813	5	PFKP	0.9998	sp|Q01813|PFKAP_HUMAN	Q01813	PFKAP_HUMAN	ATP-dependent 6-phosphofructokinase, platelet type	Homo sapiens		20.67707148119496	19.40532696649158	22.321541610748998	18.813351763867743	21.25330110886744	19.387362498819293	21.399332733153035	20.05764009183458	19.44759089459478	19.79820271623689	20.915446851784974	19.45142982719578	19.034997658204297	NA	NA	20.757543849295324	20.53468954142066
Q02413	2	DSG1	0.9993	sp|Q02413|DSG1_HUMAN	Q02413	DSG1_HUMAN	Desmoglein-1	Homo sapiens		22.560881937049558	22.778499836443153	22.966160619837048	23.095435353060395	22.294288573244888	24.48936188280491	21.936656678290326	21.967768474369276	22.585462203281402	21.797641351265444	20.928695354575183	22.811514723646145	22.411717666672683	NA	NA	23.140471002519572	22.912151382935615
Q02747	1	GUCA2A	0.9967	sp|Q02747|GUC2A_HUMAN	Q02747	GUC2A_HUMAN	Guanylin	Homo sapiens		19.085627657757264	19.579627558136274	17.80781585519826	18.091730319982492	18.16003122997951	18.467842886189946	18.40457531434832	18.97000789502498	19.706295852604548	18.92484260963414	NA	21.61869386034859	19.249221687874034	NA	NA	17.591299062272814	19.197640602458634
Q02985	2	CFHR3	0.9919	sp|Q02985|FHR3_HUMAN	Q02985	FHR3_HUMAN	Complement factor H-related protein 3	Homo sapiens		25.50178471524383	NA	NA	NA	NA	NA	NA	25.720650829482853	NA	24.45978854374435	NA	NA	NA	NA	NA	NA	NA
Q03154	2	ACY1	0.9538	sp|Q03154|ACY1_HUMAN	Q03154	ACY1_HUMAN	Aminoacylase-1	Homo sapiens		20.623974908991666	20.80563272816775	19.749240965030687	22.54068857506341	19.504712326825356	20.186235805705227	19.79993863117219	NA	NA	20.716237924820927	20.59090506004478	NA	NA	NA	NA	20.870730823891282	20.118704567996097
Q03167	1	TGFBR3	0.9975	sp|Q03167|TGBR3_HUMAN	Q03167	TGBR3_HUMAN	Transforming growth factor beta receptor type 3	Homo sapiens		20.927144440920095	NA	NA	NA	NA	NA	NA	NA	NA	20.561271327902702	NA	21.06812824690489	NA	NA	NA	NA	NA
Q03591	1	CFHR1	0.9995	sp|Q03591|FHR1_HUMAN	Q03591	FHR1_HUMAN	Complement factor H-related protein 1	Homo sapiens		21.45011216806399	22.80664782541966	21.41563489125918	21.732606052785812	20.901658623578584	19.47038861876853	22.066447158031938	22.528857202288698	21.39768463984876	21.60001046835819	21.828787411382137	22.30924974190299	21.152325880644295	NA	22.124672373335457	21.516767806121955	21.548900212221856
Q04637	1	EIF4G1	0.975	sp|Q04637|IF4G1_HUMAN	Q04637	IF4G1_HUMAN	Eukaryotic translation initiation factor 4 gamma 1	Homo sapiens		20.066979323886557	NA	19.91216786332359	NA	NA	NA	NA	NA	NA	NA	NA	NA	NA	NA	NA	NA	NA
Q04695	3	KRT17	0.9947	sp|Q04695|K1C17_HUMAN	Q04695	K1C17_HUMAN	Keratin, type I cytoskeletal 17	Homo sapiens		21.206712683374562	21.175711503579922	21.823418147031813	21.579156662025284	21.024346809177995	22.07707783004546	21.25459055508151	21.14925463904247	20.166185859151504	20.370879114112274	20.075665456553494	22.77344069393266	21.66272511760827	NA	NA	21.412158610219493	21.577168326486312
Q04721	1	NOTCH2	0.9618	sp|Q04721|NOTC2_HUMAN	Q04721	NOTC2_HUMAN	Neurogenic locus notch homolog protein 2	Homo sapiens		15.03483441922595	NA	NA	15.284163322824906	NA	NA	NA	15.332295637641478	14.824358477730478	NA	NA	NA	NA	NA	NA	NA	NA
Q04756	13	HGFAC	1.0	sp|Q04756|HGFA_HUMAN	Q04756	HGFA_HUMAN	Hepatocyte growth factor activator serine protease	Homo sapiens		25.93140965300884	25.95453863551244	25.735804733409818	25.527702070673275	25.974154553806155	25.484047294524533	26.21293317103776	26.339998129596193	26.74179492152111	26.1668913081269	26.2077034922055	25.979273157040467	26.81556446523761	27.642579836701874	NA	26.036810308483368	25.997758403370778
Q04917	2	YWHAH	0.9871	sp|Q04917|1433F_HUMAN	Q04917	1433F_HUMAN	14-3-3 protein eta	Homo sapiens		20.541749560189363	20.38915899816545	22.001824026898365	NA	19.09870015315203	NA	20.468258741484092	19.812502212957668	NA	NA	20.22033189763682	NA	NA	NA	NA	19.682023242279794	19.83489353664786
Q05315	2	CLC	0.9884	sp|Q05315|LEG10_HUMAN	Q05315	LEG10_HUMAN	Galectin-10	Homo sapiens		15.03483441922595	11.618149952894651	12.14527172576036	12.570709710343111	16.23662350520264	12.416157454559336	15.243524048513994	16.9007615381319	17.115652604063236	12.660958561313887	13.007083757359103	13.137416747503003	14.285441641928722	NA	NA	14.790310367068358	14.791441965603209
Q05682	5	CALD1	1.0	sp|Q05682|CALD1_HUMAN	Q05682	CALD1_HUMAN	Caldesmon	Homo sapiens		21.980026125306818	20.65096136880257	23.452959840341297	NA	21.87638179397614	19.633304516246145	21.824649132623108	21.01054404453797	20.22324820610226	19.331605970376646	22.354207655377067	20.04492471290645	18.71601187001413	20.666838436314414	NA	21.365437074349412	21.286053678047544
Q06033	8	ITIH3	1.0	sp|Q06033|ITIH3_HUMAN	Q06033	ITIH3_HUMAN	Inter-alpha-trypsin inhibitor heavy chain H3	Homo sapiens		28.259295174456405	28.63629184713264	27.725553309975304	28.605247034348604	28.197208663640353	28.509907715463672	27.80794797227723	28.3924444326866	28.337940598145295	28.957017918056454	28.20553330569569	29.47104511662152	29.089515777437576	29.376291565140747	27.67321371110933	28.234617008671588	27.939035051776518
Q06124	1	PTPN11	0.9933	sp|Q06124|PTN11_HUMAN	Q06124	PTN11_HUMAN	Tyrosine-protein phosphatase non-receptor type 11	Homo sapiens		19.007155416055145	NA	NA	NA	NA	NA	NA	NA	NA	NA	NA	NA	NA	NA	22.952012837247032	NA	NA
Q06830	3	PRDX1	0.9983	sp|Q06830|PRDX1_HUMAN	Q06830	PRDX1_HUMAN	Peroxiredoxin-1	Homo sapiens		21.154595442629947	20.800837702684632	22.419782694209776	21.959371595319883	20.849452528935323	21.286627661252908	21.33696960337511	21.1209678460726	20.099673365484616	21.2287050843206	21.376230474258936	20.75743771245762	20.658118850469748	NA	NA	21.18451082504454	21.429122486318036
Q07507	3	DPT	0.9809	sp|Q07507|DERM_HUMAN	Q07507	DERM_HUMAN	Dermatopontin	Homo sapiens		21.86691982130521	22.43411675151672	21.53531373244948	21.731961734057226	22.126524531871567	22.169595910203213	21.15023579802392	22.174674632684706	22.366507100951214	21.543941897019064	21.569709006187278	23.390822605926388	22.078662238520156	NA	NA	21.943999648314193	21.811888624731434
Q07954	8	LRP1	1.0	sp|Q07954|LRP1_HUMAN	Q07954	LRP1_HUMAN	Prolow-density lipoprotein receptor-related protein 1	Homo sapiens		22.405153344034513	22.665109698453513	21.604482359283693	22.70493957595357	22.75411382521818	22.595259713592323	22.35522975456146	22.660072947373113	22.839784533067732	23.135845058413334	22.151367916151223	22.499735374570587	22.974792437953244	22.450848714745003	NA	22.1306225666434	22.204942552581986
Q08188	2	TGM3	0.9998	sp|Q08188|TGM3_HUMAN	Q08188	TGM3_HUMAN	Protein-glutamine gamma-glutamyltransferase E	Homo sapiens		20.473885351770925	20.183339704911944	20.79493455642892	20.700591566501107	20.200941293123513	22.012914596289303	20.09320475824844	20.649797746556935	20.468066946060446	20.317170006943254	19.134600570863885	20.952477160497768	20.771422559312576	NA	NA	20.90234131198992	20.606762678001463
Q08257	1	CRYZ	0.9944	sp|Q08257|QOR_HUMAN	Q08257	QOR_HUMAN	Zeta-crystallin	Homo sapiens		16.29111042985185	15.30849905619765	16.339874996804372	17.974360117999765	15.816626449635933	16.16311152180083	15.89694588153071	15.572747332439127	15.82978964520748	17.420648379288433	16.40891931955842	16.110753111766886	15.781102286201241	NA	NA	16.17191074713899	16.499325108764484
Q08380	17	LGALS3BP	1.0	sp|Q08380|LG3BP_HUMAN	Q08380	LG3BP_HUMAN	Galectin-3-binding protein	Homo sapiens		26.291034201242145	26.730037479150447	24.56525455716298	26.898239485341634	26.925459101959397	26.659649058674336	26.740872773503924	25.7370815028507	25.96710535075569	25.62444768894021	26.50655264418615	27.571986698365386	26.555114765008557	27.175385606628446	26.451222499843304	26.70604049665992	26.44941485693322
Q08495	1	DMTN	0.9972	sp|Q08495|DEMA_HUMAN	Q08495	DEMA_HUMAN	Dematin	Homo sapiens		19.689902329000493	18.41369902349939	22.05942995900375	19.50126353741514	20.10156816124402	18.32739124196383	20.189821503573878	19.06902814643137	NA	18.16705286199663	20.369650759492995	17.27022355852987	17.647675636036237	19.63215589327947	NA	20.075838187623496	19.584279325799066
Q08554	2	DSC1	0.9999	sp|Q08554|DSC1_HUMAN	Q08554	DSC1_HUMAN	Desmocollin-1	Homo sapiens		19.984488940910406	19.864355039043932	20.32046326897938	20.44210866842385	19.503561377799883	21.732927132182503	19.771989595682797	20.134430466033173	19.96776735518641	19.642146523880516	19.558778996465335	20.355973096720962	20.305096206061876	NA	20.32830558568043	20.073039163934034	20.20755050526504
Q08830	3	FGL1	0.9995	sp|Q08830|FGL1_HUMAN	Q08830	FGL1_HUMAN	Fibrinogen-like protein 1	Homo sapiens		21.25692406053457	20.547382281715972	21.133456046162944	21.57582764941878	21.258277670390704	21.596572528061465	20.876195188755513	21.230470743213516	20.472082433979505	21.018650462002107	20.93558262779573	20.383706781149748	21.714770031087266	NA	NA	21.173905872847858	20.936483899558198
Q0ZGT2	2	NEXN	0.97	sp|Q0ZGT2|NEXN_HUMAN	Q0ZGT2	NEXN_HUMAN	Nexilin	Homo sapiens		20.531391360733362	NA	21.751218444011204	NA	19.672254044237345	NA	19.274057350396816	NA	NA	NA	19.710796654042806	NA	NA	NA	NA	NA	NA
Q10588	3	BST1	1.0	sp|Q10588|BST1_HUMAN	Q10588	BST1_HUMAN	ADP-ribosyl cyclase/cyclic ADP-ribose hydrolase 2	Homo sapiens		21.391328410584787	21.61012916580478	20.76493997125961	22.057553707803166	21.760573271060544	20.316209968639466	20.722817398115303	21.594655486744102	21.85969109712319	22.202188040651766	21.550273872406287	21.887366040552855	20.82866798210557	NA	23.24211229066571	21.67767625557973	21.679278425096182
Q12794	3	HYAL1	0.9997	sp|Q12794|HYAL1_HUMAN	Q12794	HYAL1_HUMAN	Hyaluronidase-1	Homo sapiens		20.047233245651054	20.764034374772812	19.12164542329264	20.468688688313062	20.33236684081843	20.43595063389798	20.343944622292156	20.25211949776963	20.687620725620512	19.93638081477013	19.850759914064163	20.627924190677955	20.60874172589011	NA	NA	20.02847388724665	19.96623626664444
Q12805	12	EFEMP1	1.0	sp|Q12805|FBLN3_HUMAN	Q12805	FBLN3_HUMAN	EGF-containing fibulin-like extracellular matrix protein 1	Homo sapiens		26.440150285020128	26.905975104424076	25.977550801886597	26.600719136028985	26.597225271385273	27.059901752255552	25.793992984123022	26.734272071665025	26.66069896231653	26.566974771972273	26.068561298628	27.58193678725568	26.68908536386095	NA	NA	26.502899258053276	26.21585082447004
Q12841	1	FSTL1	0.9379	sp|Q12841|FSTL1_HUMAN	Q12841	FSTL1_HUMAN	Follistatin-related protein 1	Homo sapiens		19.138682583712324	19.52688352868199	18.65636108743736	19.317143045919984	19.218291320945376	19.483338181505417	18.845265656791742	19.22600324903001	19.4418563458154	19.812831643146733	18.63819852520571	19.910894704685685	19.592826901213666	NA	NA	19.189850597088018	19.012176300753342
Q12860	1	CNTN1	0.9856	sp|Q12860|CNTN1_HUMAN	Q12860	CNTN1_HUMAN	Contactin-1	Homo sapiens		20.498073828030737	20.766694546545338	19.747447080503584	20.88813029956368	21.069506181306174	20.526381546894232	20.607250201592752	20.653260540138703	20.809151733532694	20.582592426049782	20.409243724589782	21.256833242748765	20.838122317410605	NA	NA	20.91221674130989	20.372735393534366
Q12866	1	MERTK	0.9943	sp|Q12866|MERTK_HUMAN	Q12866	MERTK_HUMAN	Tyrosine-protein kinase Mer	Homo sapiens		19.841092432979366	20.215562822642987	NA	20.181446911285747	19.28519832455576	20.690194607672982	20.310523046830863	19.250860037671085	20.104520683332158	20.26301451765125	NA	20.163912616348156	19.17799026537732	NA	NA	NA	19.60949040329317
Q12884	1	FAP	0.9948	sp|Q12884|SEPR_HUMAN	Q12884	SEPR_HUMAN	Prolyl endopeptidase FAP	Homo sapiens		21.241634231821244	20.93091025974821	NA	NA	NA	NA	21.261045540523675	20.546878273044445	NA	21.59307022277616	NA	NA	NA	NA	NA	NA	NA
Q12907	2	LMAN2	0.9809	sp|Q12907|LMAN2_HUMAN	Q12907	LMAN2_HUMAN	Vesicular integral-membrane protein VIP36	Homo sapiens		20.798198642165087	20.501242258893384	20.766519630999024	20.629033403110864	20.344130413237515	21.112505085004024	20.75838300508146	20.78675398999336	21.373095301278997	21.044221453711167	21.3377404209653	21.3953652637459	20.953987808813213	NA	NA	21.221335385962632	20.372323229198724
Q12913	4	PTPRJ	1.0	sp|Q12913|PTPRJ_HUMAN	Q12913	PTPRJ_HUMAN	Receptor-type tyrosine-protein phosphatase eta	Homo sapiens		22.976707552380034	23.414193617346008	23.427272914019564	22.94750347530056	23.369517056491688	23.165883713749245	23.173130793845374	23.24432479089265	23.396678319821785	23.260512550762275	22.847434255914134	22.957898868293903	22.928878893875375	NA	23.168507976824646	23.062055672696008	23.244675967666513
Q13093	3	PLA2G7	0.9999	sp|Q13093|PAFA_HUMAN	Q13093	PAFA_HUMAN	Platelet-activating factor acetylhydrolase	Homo sapiens		22.096557775506508	23.124129442549528	21.905278427262928	22.098052211831483	22.482231673084293	22.078248018090353	20.822187216470738	22.626321167867253	22.54391809718454	22.32785538836983	22.168058537285027	22.429135540886858	22.322483639695953	NA	23.27642370931452	22.225738653972343	22.37971146666226
Q13103	1	SPP2	0.9976	sp|Q13103|SPP24_HUMAN	Q13103	SPP24_HUMAN	Secreted phosphoprotein 24	Homo sapiens		23.1825100523664	23.47706002627955	22.5671515458777	23.237060933612625	23.821989881086637	23.24264337509989	23.387194915432303	23.124328874419245	22.916723346451644	23.949974336791705	21.577683111512364	23.78626998978571	24.178500049031367	NA	NA	22.960978737155713	23.009566465843438
Q13201	10	MMRN1	0.9998	sp|Q13201|MMRN1_HUMAN	Q13201	MMRN1_HUMAN	Multimerin-1	Homo sapiens		24.094390001725422	23.435050928810416	25.942018687769	22.5524520224051	24.31076590969994	21.742694192455794	24.131146777487857	23.66075512671532	22.70803651856796	21.63959359175889	23.94158817585666	22.175087580953637	22.792591358524813	NA	NA	23.95987041334415	24.281020001988804
Q13228	1	SELENBP1	0.9145	sp|Q13228|SBP1_HUMAN	Q13228	SBP1_HUMAN	Methanethiol oxidase	Homo sapiens		19.49040687006573	19.354092059939845	18.645276673941293	21.310143937671043	18.774744657393956	19.80718691490725	18.67426599016863	19.63916095535998	19.02874256797543	20.42084933489466	19.626651839322527	19.098198579266786	18.777546510599503	NA	NA	19.606216536557817	19.566102204320874
Q13275	1	SEMA3F	0.999	sp|Q13275|SEM3F_HUMAN	Q13275	SEM3F_HUMAN	Semaphorin-3F	Homo sapiens		18.305870709861	NA	NA	18.378037413393056	17.844333580733757	18.49517796909465	NA	NA	18.605638760821435	17.98886283658932	NA	NA	NA	NA	NA	NA	NA
Q13319	1	CDK5R2	0.9847	sp|Q13319|CD5R2_HUMAN	Q13319	CD5R2_HUMAN	Cyclin-dependent kinase 5 activator 2	Homo sapiens		20.67461125050187	21.15507075292286	20.09916879450219	20.970723819460307	20.66238044925619	20.615610682320415	20.684016025798037	20.672426286517375	21.55130022381536	20.983683221827576	20.912217122297147	20.750816944190465	21.622957504544978	NA	NA	20.70659469096213	20.759316940101137
Q13404	1	UBE2V1	0.9816	sp|Q13404|UB2V1_HUMAN	Q13404	UB2V1_HUMAN	Ubiquitin-conjugating enzyme E2 variant 1	Homo sapiens		19.150588181588123	18.995460085801305	20.49052912502587	19.790116722219373	18.97424049981395	18.771389274666742	19.43271875698067	19.494469065560157	17.974305114318675	19.240556186682976	20.11769312033854	17.912357124092892	18.052850319471382	NA	NA	19.37617096699147	19.044157124047935
Q13418	9	ILK	0.9997	sp|Q13418|ILK_HUMAN	Q13418	ILK_HUMAN	Scaffold protein ILK	Homo sapiens		24.391458813916692	23.16036368486082	25.87848216030837	22.744689831120514	24.452002109859816	22.846047938170386	24.643861740920865	23.231661364589943	20.643747627224716	20.530950197230364	24.585040253118475	21.716487713265458	20.99894603460319	21.735178999797583	NA	24.22591058139927	24.20534573474555
Q13423	2	NNT	0.9976	sp|Q13423|NNTM_HUMAN	Q13423	NNTM_HUMAN	NAD(P) transhydrogenase, mitochondrial	Homo sapiens		20.395058389431	NA	21.083669515336492	NA	NA	NA	19.892360525510647	19.679672082331983	NA	NA	19.888096877160596	NA	NA	NA	NA	NA	NA
Q13449	2	LSAMP	1.0	sp|Q13449|LSAMP_HUMAN	Q13449	LSAMP_HUMAN	Limbic system-associated membrane protein	Homo sapiens		20.381027532064195	20.896812465346216	20.055053779746554	20.36445527347084	19.993451794574636	20.69566966865321	19.81847306731523	20.60664518632552	20.993943659275164	20.4391217548678	20.895835804311	20.3501905290573	21.095896937704538	NA	NA	20.180673985915103	20.367483766440653
Q13477	1	MADCAM1	0.9825	sp|Q13477|MADCA_HUMAN	Q13477	MADCA_HUMAN	Mucosal addressin cell adhesion molecule 1	Homo sapiens		16.950624653556204	17.00680217964998	NA	17.822767437586574	17.09861604953718	17.213085800262665	16.593181145940093	17.25810228556968	17.204250878421192	17.132288671915717	NA	17.184896093027998	16.896155085378545	NA	NA	NA	16.13026858107175
Q13508	1	ART3	0.995	sp|Q13508|NAR3_HUMAN	Q13508	NAR3_HUMAN	Ecto-ADP-ribosyltransferase 3	Homo sapiens		21.270784644554457	NA	NA	NA	NA	21.60781695028343	NA	21.014748552201688	NA	NA	NA	NA	NA	NA	NA	NA	NA
Q13510	1	ASAH1	0.999	sp|Q13510|ASAH1_HUMAN	Q13510	ASAH1_HUMAN	Acid ceramidase	Homo sapiens		16.734135039198026	17.06429531725738	17.986233771881505	15.933613884404119	16.481910529549754	17.76981240205508	16.691527880576512	16.631493075782448	16.738114481530143	15.58285208494571	16.80294555535316	16.781609799987997	NA	NA	NA	16.034095054076296	NA
Q13576	1	IQGAP2	0.9996	sp|Q13576|IQGA2_HUMAN	Q13576	IQGA2_HUMAN	Ras GTPase-activating-like protein IQGAP2	Homo sapiens		17.75175745365344	17.340991733444344	19.482669357863603	NA	16.762794485944255	NA	17.591258723793967	16.38212589170993	NA	NA	16.85514411832326	NA	NA	NA	NA	17.726561925298423	NA
Q13740	1	ALCAM	0.9823	sp|Q13740|CD166_HUMAN	Q13740	CD166_HUMAN	CD166 antigen	Homo sapiens		18.822109064938207	18.91760154927347	NA	NA	NA	19.10327049772382	19.08716916764416	NA	18.46535994224756	19.070578975767194	NA	18.816609701321134	NA	NA	NA	NA	NA
Q13790	7	APOF	1.0	sp|Q13790|APOF_HUMAN	Q13790	APOF_HUMAN	Apolipoprotein F	Homo sapiens		25.276135213913552	25.584795696614123	24.80696537500421	24.62348616496198	25.43640867694611	24.97276321089589	25.671798814452053	25.36976899413759	25.976417792416868	25.850016204535123	24.559939561306425	25.864579261975532	26.138293784217094	26.456762242545615	NA	25.304094119905237	25.273850401061328
Q13822	3	ENPP2	0.9998	sp|Q13822|ENPP2_HUMAN	Q13822	ENPP2_HUMAN	Autotaxin	Homo sapiens		20.95946751417509	20.614707435291063	20.20446089995123	21.416391736516008	21.08878530179473	21.501124018470822	20.536803971224934	21.18162259199602	21.684171478811155	21.319745265062448	21.059972210367196	20.638373278587522	21.28829538974204	NA	NA	21.293894293245483	21.706826437422837
Q13835	1	PKP1	0.9445	sp|Q13835|PKP1_HUMAN	Q13835	PKP1_HUMAN	Plakophilin-1	Homo sapiens		20.06529244405303	19.74301516399583	20.375315382136858	20.759295920051553	19.885882662093117	21.387448783423746	20.098714040102557	20.22153176732905	20.066259636508384	19.95906073458624	19.37835176255308	20.844939666650617	20.719733110112685	NA	19.141754294695648	20.354868491066284	20.55386970947093
Q13867	1	BLMH	0.9901	sp|Q13867|BLMH_HUMAN	Q13867	BLMH_HUMAN	Bleomycin hydrolase	Homo sapiens		20.73883468929692	21.69889509689886	21.731279209807447	21.16750151584263	19.912037921903007	21.92817302424461	20.790744460938363	20.124628880166572	20.622963302547234	20.620566651284207	19.89181600934041	20.90900154340754	19.479928215002822	NA	NA	20.827288458535712	21.18363600540927
Q14019	1	COTL1	0.9926	sp|Q14019|COTL1_HUMAN	Q14019	COTL1_HUMAN	Coactosin-like protein	Homo sapiens		21.124051681784902	20.729739884415523	22.905176382044566	19.014485196156123	21.001632903338287	19.242961448938765	21.998234745667727	21.609667089933193	20.506888597948475	18.845106987977555	21.880213565720805	20.093838509082186	NA	NA	NA	21.6824104628532	21.305705447022586
Q14126	3	DSG2	1.0	sp|Q14126|DSG2_HUMAN	Q14126	DSG2_HUMAN	Desmoglein-2	Homo sapiens		21.354290688362084	21.179741467518582	21.182509717646937	21.402544167147152	21.052020554084116	21.760951478172707	20.49417665459192	21.763425955868197	21.984109976369343	21.565937067823445	21.68677930359856	22.06502402404472	21.895556884385176	NA	NA	21.182548314321767	21.366780570024655
Q14203	1	DCTN1	0.9961	sp|Q14203|DCTN1_HUMAN	Q14203	DCTN1_HUMAN	Dynactin subunit 1	Homo sapiens		19.747775366978782	19.898210772414746	19.804563739481395	20.12891494279294	NA	NA	19.692764742578145	20.00665854631031	NA	NA	NA	NA	NA	NA	NA	NA	NA
Q14204	1	DYNC1H1	0.9861	sp|Q14204|DYHC1_HUMAN	Q14204	DYHC1_HUMAN	Cytoplasmic dynein 1 heavy chain 1	Homo sapiens		16.272131033666785	16.40102860324615	17.391979525368782	15.889803523081735	16.49227872210986	16.481321694608603	16.851630091211895	16.80668919786993	15.985830434533058	15.51741328074804	16.6774083460929	15.886712221545292	15.7629739927858	NA	NA	15.346995317237932	17.221028820617672
Q14247	4	CTTN	0.9999	sp|Q14247|SRC8_HUMAN	Q14247	SRC8_HUMAN	Src substrate cortactin	Homo sapiens		22.524234993368246	21.27270391426189	24.73856937806907	19.992621470770423	22.484984546612964	20.231526456294194	22.75434965264193	21.09238734915924	21.48482790177889	21.178618537439405	22.716099090781015	20.861357170848734	NA	NA	NA	21.94405516757065	21.990042776910766
Q14254	2	FLOT2	0.9442	sp|Q14254|FLOT2_HUMAN	Q14254	FLOT2_HUMAN	Flotillin-2	Homo sapiens		18.417677423911403	18.205892763701797	20.225685000258245	18.150820704199365	18.431102722734458	18.050851689943798	19.026208307630615	18.395340381358064	18.215627513443376	17.9426582680276	18.803369609488854	17.42922469016533	17.48089996258365	NA	NA	18.378563792402076	18.363761361513898
Q14314	1	FGL2	0.9837	sp|Q14314|FGL2_HUMAN	Q14314	FGL2_HUMAN	Fibroleukin	Homo sapiens		20.1679257440457	20.250904870771418	19.64577384358732	20.594461245007857	19.686857696654247	20.306814179289496	19.525453214718432	20.317853844718925	20.624611898544057	21.4403363694114	20.066508370065538	20.149148582917395	20.85548549545506	NA	20.383503280851613	20.50850467081907	20.713186417255226
Q14515	9	SPARCL1	1.0	sp|Q14515|SPRL1_HUMAN	Q14515	SPRL1_HUMAN	SPARC-like protein 1	Homo sapiens		21.96900137790058	22.26653637719219	20.82149030357316	22.21393188197038	21.70396005103436	22.326870949814552	21.9302446423087	21.88061294115082	22.43108579863401	22.592944025796527	21.937319241381918	22.811223372913744	22.366856176058675	NA	NA	21.956471325736175	21.782818471552318
Q14520	10	HABP2	1.0	sp|Q14520|HABP2_HUMAN	Q14520	HABP2_HUMAN	Factor VII-activating protease	Homo sapiens		26.22046946659011	27.17190073712766	25.413566276344813	26.671671743976948	26.499776468773987	25.849232764535238	26.234320025789273	26.65624489967922	26.694900203993548	26.178703275523418	26.010853260258155	27.12823383805601	26.431829709864758	NA	26.09111764132854	26.361722734756047	26.41557202877241
Q14554	1	PDIA5	0.9837	sp|Q14554|PDIA5_HUMAN	Q14554	PDIA5_HUMAN	Protein disulfide-isomerase A5	Homo sapiens		20.623897050638295	20.22968615757589	23.032257106028652	17.722994265059405	20.420792465985983	19.210300028833927	21.961196828566145	19.7538005640833	18.994904737059517	18.684700529877563	20.609381492804232	18.907086360190288	18.612613386855227	NA	NA	21.014446738056787	20.978637244493804
Q14624	27	ITIH4	1.0	sp|Q14624|ITIH4_HUMAN	Q14624	ITIH4_HUMAN	Inter-alpha-trypsin inhibitor heavy chain H4	Homo sapiens		30.029181538523815	30.359514976966153	29.549655254350423	29.88483454395142	30.30320320136086	29.780611891041236	29.81373207583576	30.282100418742406	30.543480336534067	30.59418378144309	29.68011479801143	30.81899706174536	30.53501529681264	NA	29.246018154381606	30.090441019704954	30.15764927214124
Q14643	1	ITPR1	0.997	sp|Q14643|ITPR1_HUMAN	Q14643	ITPR1_HUMAN	Inositol 1,4,5-trisphosphate-gated calcium channel ITPR1	Homo sapiens		19.337443222059584	NA	19.659212500749106	NA	18.311114621802183	NA	NA	NA	NA	NA	NA	NA	NA	NA	NA	NA	NA
Q14644	1	RASA3	0.9989	sp|Q14644|RASA3_HUMAN	Q14644	RASA3_HUMAN	Ras GTPase-activating protein 3	Homo sapiens		19.95123625715532	NA	20.520363875114725	NA	19.657808622185804	NA	19.530207439593447	NA	NA	NA	20.060579839361402	NA	NA	NA	NA	NA	NA
Q14677	1	CLINT1	0.9997	sp|Q14677|EPN4_HUMAN	Q14677	EPN4_HUMAN	Clathrin interactor 1	Homo sapiens		17.17237405582673	16.770569715967746	19.11695151800999	NA	17.252249356265324	15.806435147880514	18.033718591053812	16.369280406839636	15.840894399639742	NA	17.207121676967912	15.198023470545825	NA	NA	NA	17.228367075712068	16.88080867854945
Q14696	1	MESD	0.9944	sp|Q14696|MESD_HUMAN	Q14696	MESD_HUMAN	LRP chaperone MESD	Homo sapiens		18.983046396853528	18.294679923282416	20.639751532019734	NA	18.669568904680816	NA	18.528002143789717	NA	NA	NA	19.363958980394692	NA	NA	NA	NA	17.82166988538652	17.939937134199095
Q14697	5	GANAB	0.9858	sp|Q14697|GANAB_HUMAN	Q14697	GANAB_HUMAN	Neutral alpha-glucosidase AB	Homo sapiens		22.55020110527102	22.79806825373063	24.050249977967145	22.132283884526245	22.781359006660495	22.300686246370027	22.95112239884682	22.210834232325247	21.942459163504303	22.16951688055516	22.759715423155175	22.510504255335835	21.97052571650398	NA	NA	22.762809918587994	22.532750280267777
Q14766	11	LTBP1	0.9999	sp|Q14766|LTBP1_HUMAN	Q14766	LTBP1_HUMAN	Latent-transforming growth factor beta-binding protein 1	Homo sapiens		23.92237706841386	22.75804055952874	25.68449436880811	22.354340086268667	24.214795354641524	21.886850642613318	24.459891402525663	23.593161766857786	23.122009324969373	22.15490437611112	23.98173395197188	22.591391110829274	22.894252482279676	22.67818067577627	24.951542670109095	23.538163852659984	23.79716808211051
Q14847	5	LASP1	0.9984	sp|Q14847|LASP1_HUMAN	Q14847	LASP1_HUMAN	LIM and SH3 domain protein 1	Homo sapiens		23.874377376326333	22.965367679645343	25.37383776147736	22.00051580441224	24.321981001839394	21.57517881693393	24.2257344535617	23.932095834359917	22.644032751428785	21.108168865910798	24.440004073611107	21.5208948005784	21.712230783808284	21.339629494749687	NA	23.805154797014495	23.483395484512968
Q14982	1	OPCML	0.9792	sp|Q14982|OPCM_HUMAN	Q14982	OPCM_HUMAN	Opioid-binding protein/cell adhesion molecule	Homo sapiens	sp|Q9P121|NTRI_HUMAN	17.684872007861497	18.346733685106415	NA	18.404811791542343	16.678538487948927	NA	17.970114995721758	17.865262805920956	NA	17.623472947998323	17.975229828264805	18.026021568068053	18.076645101145562	NA	NA	NA	18.245288523126398
Q15019	1	SEPTIN2	0.9673	sp|Q15019|SEPT2_HUMAN	Q15019	SEPT2_HUMAN	Septin-2	Homo sapiens		20.609126242356446	19.38077942817627	22.73106350224049	NA	20.684507019052486	16.818888658801622	21.150890097200705	19.297010031189046	NA	NA	20.917501500233456	17.882599904161317	NA	NA	NA	20.014456824934566	20.192259287280667
Q15063	3	POSTN	0.9999	sp|Q15063|POSTN_HUMAN	Q15063	POSTN_HUMAN	Periostin	Homo sapiens		22.364732763694427	22.82241183859081	21.632254367824366	22.546054843099398	22.571762067752505	22.606242151340023	22.80499568209472	22.071426014102705	23.101228632853868	22.64740902776786	22.76868332014039	22.39035390960115	22.89635674517987	NA	NA	22.54546643024457	22.362969504629383
Q15084	1	PDIA6	0.9454	sp|Q15084|PDIA6_HUMAN	Q15084	PDIA6_HUMAN	Protein disulfide-isomerase A6	Homo sapiens		15.03483441922595	13.94558159952197	17.334337130520243	11.85159878222104	15.738365908547909	13.287336434491518	15.856419002536901	14.552990518746014	14.156312960033787	12.604362387051982	15.859817745988872	13.426082891483057	13.157039766294465	NA	NA	15.228815855989373	14.741139955813324
Q15113	4	PCOLCE	0.9996	sp|Q15113|PCOC1_HUMAN	Q15113	PCOC1_HUMAN	Procollagen C-endopeptidase enhancer 1	Homo sapiens		23.17015520469338	23.519583981884754	22.5747719656684	23.118162656807893	23.391542564911415	22.87540896264344	23.054725450184236	23.721877204481462	23.52709679628712	23.04698081060189	22.97339653792659	24.103130047792625	24.552870588839227	NA	23.843222595974503	23.383980952495996	23.15887232714513
Q15166	5	PON3	0.9986	sp|Q15166|PON3_HUMAN	Q15166	PON3_HUMAN	Serum paraoxonase/lactonase 3	Homo sapiens		24.523553668961945	24.951155593261664	24.230396705389314	24.691903507310144	24.49964953009088	25.178078882614425	24.565479285543933	24.852289328827922	25.018405439427163	25.07144139971844	23.969377493251386	24.795328607777254	25.04420597536941	21.925202796723845	23.401137573531464	24.333333450575193	24.2287786093128
Q15363	1	TMED2	0.9857	sp|Q15363|TMED2_HUMAN	Q15363	TMED2_HUMAN	Transmembrane emp24 domain-containing protein 2	Homo sapiens		16.83860547372105	NA	17.158984641750845	NA	NA	NA	NA	16.01287882380095	NA	NA	NA	NA	NA	NA	NA	NA	NA
Q15365	3	PCBP1	0.9998	sp|Q15365|PCBP1_HUMAN	Q15365	PCBP1_HUMAN	Poly(rC)-binding protein 1	Homo sapiens		24.018765741639747	22.464217402010313	24.127386788403786	NA	23.416105291367813	NA	23.928354904187305	23.583873481096756	NA	22.943407981248928	24.268294935626848	NA	NA	NA	NA	22.433954355326065	23.721953950585213
Q15404	3	RSU1	0.9976	sp|Q15404|RSU1_HUMAN	Q15404	RSU1_HUMAN	Ras suppressor protein 1	Homo sapiens		23.223254897250996	21.40022088127181	25.125129323553807	NA	23.578407181122266	NA	23.739098246634374	21.972464909469718	NA	18.889944138444736	23.84838703264331	20.178697828634263	NA	NA	NA	22.808683787409926	23.096873305453034
Q15465	1	SHH	0.9883	sp|Q15465|SHH_HUMAN	Q15465	SHH_HUMAN	Sonic hedgehog protein	Homo sapiens		19.28982126199442	20.258223140385077	18.7466169535672	18.99173588949245	19.20754944358683	19.412450969695023	19.2068921971627	19.41806740258307	20.11370636319624	19.655852593793412	19.372821882497743	19.720938147543464	19.348769011982238	NA	NA	19.830873361879757	18.956791900554975
Q15485	9	FCN2	1.0	sp|Q15485|FCN2_HUMAN	Q15485	FCN2_HUMAN	Ficolin-2	Homo sapiens		23.998619399969222	23.8293784775552	23.960205496653334	23.731854541469378	22.81809422252734	24.703400535926725	24.649547402020513	25.073694078889133	25.057860278949036	23.225148905565906	23.999065940979108	24.316575449782345	24.266007672460127	NA	NA	24.18835532015617	24.213581406481204
Q15555	2	MAPRE2	0.9999	sp|Q15555|MARE2_HUMAN	Q15555	MARE2_HUMAN	Microtubule-associated protein RP/EB family member 2	Homo sapiens		22.656038187303558	21.693519242350764	24.037603264682314	20.5584715269319	22.73503827673009	NA	22.840007003312078	20.22981845209362	NA	20.003683753175284	22.328221409785154	NA	NA	NA	NA	22.44349824681946	21.889757781992262
Q15582	9	TGFBI	1.0	sp|Q15582|BGH3_HUMAN	Q15582	BGH3_HUMAN	Transforming growth factor-beta-induced protein ig-h3	Homo sapiens		24.218840830411658	24.65096103427385	23.754442506585843	24.642667634805406	24.41091453285997	24.621980954833614	24.060608326590874	24.595998304682688	24.420755067920798	24.507020875216035	24.286830985281547	24.40797279177406	24.49685815607838	NA	NA	24.338459861124196	24.45743827189389
Q15746	1	MYLK	0.9517	sp|Q15746|MYLK_HUMAN	Q15746	MYLK_HUMAN	Myosin light chain kinase, smooth muscle	Homo sapiens		20.00353273514425	NA	NA	NA	NA	NA	20.26541837994971	NA	NA	NA	NA	NA	NA	NA	NA	NA	NA
Q15833	3	STXBP2	0.9942	sp|Q15833|STXB2_HUMAN	Q15833	STXB2_HUMAN	Syntaxin-binding protein 2	Homo sapiens		20.61030588212706	NA	21.932482814076764	NA	20.120921518774377	NA	20.115184754805874	19.458364753372013	20.35698871503755	NA	20.408564685680002	NA	NA	NA	NA	20.42116164841108	20.23074772763902
Q15848	3	ADIPOQ	1.0	sp|Q15848|ADIPO_HUMAN	Q15848	ADIPO_HUMAN	Adiponectin	Homo sapiens		23.879053628543666	23.138505857488113	23.323395716138347	23.805904893352032	23.02145820340769	24.807097717505727	23.429199249927336	23.615554687632375	24.56684297534522	24.845095510184688	23.339406209675044	24.652998601152866	24.06497295146129	NA	NA	23.838340602980722	23.50869340039324
Q15942	1	ZYX	0.9992	sp|Q15942|ZYX_HUMAN	Q15942	ZYX_HUMAN	Zyxin	Homo sapiens		21.077745999704117	19.81037822140862	23.208010929026113	NA	20.829551964193065	NA	21.099341546503005	19.310394931508526	NA	16.415592361248663	20.982520077781498	NA	NA	NA	NA	20.499079999463387	20.766663010951685
Q16181	2	SEPTIN7	0.9786	sp|Q16181|SEPT7_HUMAN	Q16181	SEPT7_HUMAN	Septin-7	Homo sapiens		21.3024227482198	20.583205290727417	23.28771717273045	NA	21.241279897252113	19.43644283407995	21.79613978676045	20.526400375837124	19.487327237726706	18.67993734852032	21.36473492522053	NA	NA	NA	NA	20.90486277952641	21.075581240546164
Q16531	1	DDB1	0.9935	sp|Q16531|DDB1_HUMAN	Q16531	DDB1_HUMAN	DNA damage-binding protein 1	Homo sapiens		18.37538508175966	16.855170219744185	20.078535267056186	18.651494292723164	18.35603638161784	17.668635629916636	18.431259089053036	18.273009846269417	NA	18.389551169127476	18.905837031652112	17.10864675245524	17.22947672883207	NA	NA	18.516971239176172	18.715386291419833
Q16610	19	ECM1	1.0	sp|Q16610|ECM1_HUMAN	Q16610	ECM1_HUMAN	Extracellular matrix protein 1	Homo sapiens		27.552538505965565	27.79969237807962	27.31429875101585	27.703459637447185	28.279268704799204	27.80853003624838	27.771376270673738	27.617586015076306	28.1790451963322	27.551286759092918	27.127303104742975	27.73863618417594	27.72268654272579	NA	NA	27.479221203338437	27.461695243452297
Q16643	3	DBN1	1.0	sp|Q16643|DREB_HUMAN	Q16643	DREB_HUMAN	Drebrin	Homo sapiens		21.300167678291658	19.211837147178244	23.25893305921512	20.332993194923983	21.942563520167955	20.090774538985485	22.00471467731515	20.63284625472024	19.618373654448405	19.68886690576496	21.352102580484303	20.54861054143401	NA	22.01537689500104	NA	20.878224203044443	20.76159285955096
Q16658	1	FSCN1	0.9048	sp|Q16658|FSCN1_HUMAN	Q16658	FSCN1_HUMAN	Fascin	Homo sapiens		16.827191340354485	15.948112819204562	17.167469486820327	17.56151503203508	15.72134583618521	17.61813251397668	16.419115706364263	17.455660297669862	16.593629200518624	17.282278270088888	17.065566040385207	16.910724497286203	17.221331441227225	NA	NA	16.361827952517686	17.501448106228953
Q16698	1	DECR1	0.9909	sp|Q16698|DECR_HUMAN	Q16698	DECR_HUMAN	2,4-dienoyl-CoA reductase [(3E)-enoyl-CoA-producing], mitochondrial	Homo sapiens		17.309747351391817	16.844102349615728	19.522741577522098	16.16914618404269	17.575960284327167	16.610532391535973	18.13101302957157	16.596636332018157	16.100074687989775	16.094015788690783	17.629865752000022	16.055688304272444	16.224983877721353	NA	NA	17.526709223413043	17.35922238189899
Q16706	3	MAN2A1	0.9999	sp|Q16706|MA2A1_HUMAN	Q16706	MA2A1_HUMAN	Alpha-mannosidase 2	Homo sapiens		21.324982348172774	21.686448461651196	21.288183956116523	21.553102931905133	21.147594403133695	21.476199341375015	21.185462893888918	21.789318478845914	21.541105223910698	21.337091061841367	20.767309434923796	21.78725536376597	21.81420556814638	NA	NA	21.04464213861058	21.313697706687236
Q16853	3	AOC3	0.9998	sp|Q16853|AOC3_HUMAN	Q16853	AOC3_HUMAN	Amine oxidase [copper-containing] 3	Homo sapiens		22.36200840849044	22.838844480369072	21.786739352215694	23.285903216368105	23.072651567853853	22.662810288210704	22.42143965577571	21.997290537511326	22.281821080718483	22.10308355439053	22.660281368791377	22.860197619243397	23.227541185921112	NA	NA	22.15819474794749	22.452932352656454
Q16891	1	IMMT	0.9766	sp|Q16891|MIC60_HUMAN	Q16891	MIC60_HUMAN	MICOS complex subunit MIC60	Homo sapiens		17.02131640411863	NA	18.23701438816627	NA	16.474222008189663	NA	16.372370788434107	15.085145801888808	NA	NA	17.204886738733553	NA	NA	NA	NA	NA	NA
Q17RQ9	1	NKPD1	0.9852	sp|Q17RQ9|NKPD1_HUMAN	Q17RQ9	NKPD1_HUMAN	NTPase KAP family P-loop domain-containing protein 1	Homo sapiens		19.559826833525946	19.941112728410317	NA	19.47724221545058	19.015411037652385	19.80280876074217	18.766742131483515	20.319213513164897	19.745071123489232	19.819727547556433	NA	NA	NA	NA	NA	NA	18.869701257464204
Q27J81	6	INF2	1.0	sp|Q27J81|INF2_HUMAN	Q27J81	INF2_HUMAN	Inverted formin-2	Homo sapiens		21.733734195290555	19.58012368603808	23.303669510566614	21.154150771083767	21.063454828737576	20.82867850957042	22.09602981169575	19.050475969090314	NA	19.81343124989829	21.96512595883171	NA	NA	NA	NA	21.036802405018186	20.872851772966275
Q2TV78	1	MST1L	0.9964	sp|Q2TV78|MST1L_HUMAN	Q2TV78	MST1L_HUMAN	Putative macrophage stimulating 1-like protein	Homo sapiens		23.47657854078514	24.021560904293228	21.962430196165997	23.43331457003515	23.472453470065	23.387055095191492	23.668533584239277	23.865246796925078	24.101091974884174	23.880936796871968	23.47446630369714	24.220730032804667	23.832289654188475	NA	NA	23.74118499810539	23.711854516761473
Q3SY84	1	KRT71	0.9994	sp|Q3SY84|K2C71_HUMAN	Q3SY84	K2C71_HUMAN	Keratin, type II cytoskeletal 71	Homo sapiens	sp|Q7RTS7|K2C74_HUMAN, sp|Q86Y46|K2C73_HUMAN	23.629779815530668	23.379921468059912	24.024979634762605	24.09030797876887	23.24692372834372	25.917726700417667	23.222367027444935	23.55268956074231	23.64953648729932	23.04699877106372	22.520469894211967	23.619819606828752	24.000979225199547	NA	22.586925526887118	23.829012602823518	23.710154251257766
Q3ZCW2	2	LGALSL	0.9864	sp|Q3ZCW2|LEGL_HUMAN	Q3ZCW2	LEGL_HUMAN	Galectin-related protein	Homo sapiens		19.78558610903929	19.287617898180166	21.56450398951174	16.37364507572151	19.930248280297302	17.914436142419042	20.359838114891904	18.87094382172285	NA	17.051494699447602	20.726812461476804	17.352301341527042	16.951082939103767	18.301519931079802	NA	20.19216478762956	19.464129295187877
Q4G0F5	1	VPS26B	1.0	sp|Q4G0F5|VP26B_HUMAN	Q4G0F5	VP26B_HUMAN	Vacuolar protein sorting-associated protein 26B	Homo sapiens		20.24351090752181	NA	21.316343709648294	NA	20.173946730365692	NA	18.45246331553076	18.047890594269578	NA	NA	NA	NA	NA	NA	NA	NA	NA
Q4KMQ2	1	ANO6	0.9802	sp|Q4KMQ2|ANO6_HUMAN	Q4KMQ2	ANO6_HUMAN	Anoctamin-6	Homo sapiens		17.86060129025185	16.735967157354843	20.05259449154261	NA	18.260209188504977	15.025445943476067	18.186712136354977	16.929411323527106	16.038463157370273	16.420780763465913	18.27752451196506	16.796335884823172	NA	NA	NA	17.820630851450392	17.623649784719465
Q5D862	2	FLG2	0.9993	sp|Q5D862|FILA2_HUMAN	Q5D862	FILA2_HUMAN	Filaggrin-2	Homo sapiens		20.30328067405304	20.524447823279665	19.706583941346484	20.1129366359233	19.385986647327034	21.525839735273344	19.954082086358888	20.702860033236604	20.161500011693956	19.506498578494778	19.65131680014419	20.17483935220287	20.044651130872083	NA	NA	20.16668969652433	20.694709244186342
Q5JSH3	3	WDR44	0.9997	sp|Q5JSH3|WDR44_HUMAN	Q5JSH3	WDR44_HUMAN	WD repeat-containing protein 44	Homo sapiens		22.064126197866145	NA	22.964052047982502	NA	21.694875822794742	NA	21.91367266662722	NA	NA	NA	21.965094571148608	NA	NA	NA	NA	21.501519161564136	NA
Q5SQ64	1	LY6G6F	0.9999	sp|Q5SQ64|LY66F_HUMAN	Q5SQ64	LY66F_HUMAN	Lymphocyte antigen 6 complex locus protein G6f	Homo sapiens		18.63039482244319	NA	20.28663665928498	NA	17.902042848899388	NA	18.69479314948378	NA	NA	NA	18.193862074921682	NA	NA	NA	NA	16.860373530375462	16.850837954471828
Q5T1M5	1	FKBP15	0.9719	sp|Q5T1M5|FKB15_HUMAN	Q5T1M5	FKB15_HUMAN	FK506-binding protein 15	Homo sapiens		16.261101616614123	NA	17.847396331944903	NA	15.824407728616885	NA	16.051039035709294	14.94782135976192	NA	NA	14.605091098858855	NA	NA	NA	NA	15.425219968641175	NA
Q5VY43	3	PEAR1	1.0	sp|Q5VY43|PEAR1_HUMAN	Q5VY43	PEAR1_HUMAN	Platelet endothelial aggregation receptor 1	Homo sapiens		20.551789727919378	20.52401813332976	21.78215788806758	19.82325958776238	20.514223121590103	20.491532255479818	20.55099251820293	20.452470235899526	20.817526145847115	20.561300011134495	20.800160992190975	20.41209801119635	20.29494194625335	NA	NA	20.746030141802645	20.639806736334027
Q6E0U4	3	DMKN	0.9983	sp|Q6E0U4|DMKN_HUMAN	Q6E0U4	DMKN_HUMAN	Dermokine	Homo sapiens		21.79596104996113	22.019524998998985	21.308173154808465	22.19413437042045	22.073566721958255	21.9732944434146	21.339747702432106	22.39154452786436	22.53737799617346	21.841368382371062	21.50327545347446	23.2895418445617	22.313511800962146	21.496721410042504	NA	21.902131816214933	21.424886623632087
Q6EMK4	2	VASN	0.9999	sp|Q6EMK4|VASN_HUMAN	Q6EMK4	VASN_HUMAN	Vasorin	Homo sapiens		21.911175983875008	22.60212692591	21.274240348470542	22.154110940524948	22.086721577616917	21.96022816611671	21.753174106447354	22.187242351838478	22.462790590366872	22.08242841566838	21.78907688759531	22.918076031372177	22.2252781408712	NA	NA	22.03373637616922	21.54998538805427
Q6GPI1	1	CTRB2	0.9827	sp|Q6GPI1|CTRB2_HUMAN	Q6GPI1	CTRB2_HUMAN	Chymotrypsinogen B2	Homo sapiens		20.79629605853297	NA	NA	NA	NA	21.045779146608716	NA	20.743487760656194	NA	NA	NA	NA	NA	NA	NA	21.265868655704114	NA
Q6KB66	2	KRT80	0.9952	sp|Q6KB66|K2C80_HUMAN	Q6KB66	K2C80_HUMAN	Keratin, type II cytoskeletal 80	Homo sapiens		22.093735656135415	21.709630315459385	22.025779285627827	22.58905181883981	21.35839594129289	23.27418387921268	21.582551819645456	22.045605373791375	21.78137674679449	21.129029639857155	21.230880142526615	22.466184296071074	22.648139332029423	NA	NA	22.700725316271352	22.44097363342181
Q6PJW8	1	CNST	0.9935	sp|Q6PJW8|CNST_HUMAN	Q6PJW8	CNST_HUMAN	Consortin	Homo sapiens		20.1585579173479	NA	21.29923732759954	NA	18.835839297410566	NA	19.75279055556697	18.79576450658812	NA	NA	NA	NA	NA	NA	NA	NA	NA
Q6Q788	3	APOA5	1.0	sp|Q6Q788|APOA5_HUMAN	Q6Q788	APOA5_HUMAN	Apolipoprotein A-V	Homo sapiens		21.58503118568102	21.51036936228112	20.423043157193547	20.760210017455528	21.393075855620605	19.82633406512308	20.49559448151483	20.98380510444319	21.520096478898402	23.348688460885388	20.984544360494755	22.209415830624803	20.92834363328766	NA	NA	21.189977611317218	21.187805965519175
Q6UWP8	2	SBSN	0.9997	sp|Q6UWP8|SBSN_HUMAN	Q6UWP8	SBSN_HUMAN	Suprabasin	Homo sapiens		20.607649760408435	20.742502327586823	20.364911848223958	21.183199845345886	20.251580952104757	21.45673865876922	20.021534636101098	21.128813614332817	21.04440655777459	20.592890575222043	20.052375498851756	21.634092923971895	20.60482772042436	NA	21.20231625785473	20.373113574109762	20.39942327117826
Q6UX71	1	PLXDC2	0.9997	sp|Q6UX71|PXDC2_HUMAN	Q6UX71	PXDC2_HUMAN	Plexin domain-containing protein 2	Homo sapiens		19.633308473310347	20.358733891831005	19.460259827049438	20.23569521183217	19.824906646853925	19.961469758026972	19.385026733540442	19.57672093383378	20.193962015402267	19.74163793212685	19.73182859024961	20.189005382573107	19.595826334868676	NA	NA	19.49617130592368	19.686002351516894
Q6UXB8	3	PI16	1.0	sp|Q6UXB8|PI16_HUMAN	Q6UXB8	PI16_HUMAN	Peptidase inhibitor 16	Homo sapiens		22.385582811318688	23.05476368854288	21.826985123428095	23.16493784266371	22.176889765892444	22.738812316737633	22.095479340684683	21.33380531999484	23.2370020398275	22.27468216705264	22.863819741086193	23.126026694285493	22.985302938105477	NA	NA	22.491854284665305	22.502840057803564
Q6UY14	2	ADAMTSL4	0.9846	sp|Q6UY14|ATL4_HUMAN	Q6UY14	ATL4_HUMAN	ADAMTS-like protein 4	Homo sapiens		21.51541603055547	22.56158283572631	20.90424215420717	21.393730327307406	21.541506420108234	21.892860845328908	NA	21.380110349416093	21.80250595538922	21.52862850131021	21.483982621513075	21.510242866585447	NA	NA	NA	21.362313078808434	21.84211219862041
Q6V0I7	2	FAT4	0.9995	sp|Q6V0I7|FAT4_HUMAN	Q6V0I7	FAT4_HUMAN	Protocadherin Fat 4	Homo sapiens		19.237147511035264	NA	NA	NA	NA	NA	NA	NA	NA	18.78456683802339	NA	NA	20.034007670565547	NA	NA	NA	NA
Q6YHK3	3	CD109	0.999	sp|Q6YHK3|CD109_HUMAN	Q6YHK3	CD109_HUMAN	CD109 antigen	Homo sapiens		22.974344799247802	23.411731020790327	22.853780052778504	22.79966690814778	23.413980794420603	22.399011710270507	22.386932392670943	22.800264875954888	23.813718976126548	23.002475043623402	23.159800914900163	22.724251011902712	23.246842523407942	NA	NA	22.98338373219352	23.16801773582719
Q71U36	1	TUBA1A	0.9988	sp|Q71U36|TBA1A_HUMAN	Q71U36	TBA1A_HUMAN	Tubulin alpha-1A chain	Homo sapiens		22.011112574433575	NA	23.11655873888144	NA	20.76994039040466	NA	21.907652730277984	20.180766758662877	NA	NA	NA	NA	NA	NA	NA	NA	NA
Q76LX8	7	ADAMTS13	1.0	sp|Q76LX8|ATS13_HUMAN	Q76LX8	ATS13_HUMAN	A disintegrin and metalloproteinase with thrombospondin motifs 13	Homo sapiens		22.6873991788505	22.605421850250977	21.64692609030747	22.769258518272117	23.207198189633072	23.01371837388213	22.5982907482877	22.744358939344636	23.39968813358346	22.6444652712286	22.59509770181367	22.434997063639308	23.10644763543291	NA	NA	22.758869049392203	23.12867975826161
Q7KZF4	1	SND1	0.9861	sp|Q7KZF4|SND1_HUMAN	Q7KZF4	SND1_HUMAN	Staphylococcal nuclease domain-containing protein 1	Homo sapiens		18.182715273955626	18.350563271117224	19.031455244346088	18.845039964145652	18.93307787722994	18.15959575620631	18.115949430601642	18.276382973051252	16.69556901321496	18.181073420126463	18.568489746398846	18.762352496901585	17.372174790399438	NA	NA	17.635590030326068	18.053768696425088
Q7LDG7	4	RASGRP2	0.9978	sp|Q7LDG7|GRP2_HUMAN	Q7LDG7	GRP2_HUMAN	RAS guanyl-releasing protein 2	Homo sapiens		21.798819179436013	21.191675100217857	23.276645664606278	NA	21.495038361576626	NA	22.65984159811289	20.82275978398042	NA	19.627763802561397	23.17146831518711	19.733019333428555	20.415499952205426	NA	NA	20.973032251343763	20.88577681779815
Q7LGC8	1	CHST3	0.9991	sp|Q7LGC8|CHST3_HUMAN	Q7LGC8	CHST3_HUMAN	Carbohydrate sulfotransferase 3	Homo sapiens		18.187389965100508	NA	NA	NA	17.552520558332404	18.218804768446223	NA	18.15062309605674	18.634373190157305	17.677782375588446	NA	NA	NA	NA	NA	NA	NA
Q7Z3B1	1	NEGR1	1.0	sp|Q7Z3B1|NEGR1_HUMAN	Q7Z3B1	NEGR1_HUMAN	Neuronal growth regulator 1	Homo sapiens		19.236772005329232	19.695883787005783	18.26708838646691	18.9717002912134	19.6094122643353	18.87410060571773	19.154792983312902	19.87496630937567	20.052313685536376	19.278330978335486	18.513525603667247	20.407447998976117	19.697259373301048	NA	NA	19.40687687232805	18.883080231899097
Q7Z3Y9	1	KRT26	0.9902	sp|Q7Z3Y9|K1C26_HUMAN	Q7Z3Y9	K1C26_HUMAN	Keratin, type I cytoskeletal 26	Homo sapiens		19.33059571856225	NA	18.851571807686113	19.942269736507953	NA	20.712032243803336	NA	18.913154269754983	NA	18.707525424995563	18.777893259573208	18.799388997329643	NA	NA	NA	NA	NA
Q7Z4W1	2	DCXR	0.9951	sp|Q7Z4W1|DCXR_HUMAN	Q7Z4W1	DCXR_HUMAN	L-xylulose reductase	Homo sapiens		22.91105266951556	23.099945874802653	22.41879803986987	25.37306590130755	22.120500849272	23.080369736515728	22.278538381021853	21.699457511476737	20.92476423095601	23.653541533793085	22.791536911814593	21.474189830716956	21.712740411834822	NA	NA	22.378791199454565	22.877932715763563
Q7Z794	1	KRT77	0.9995	sp|Q7Z794|K2C1B_HUMAN	Q7Z794	K2C1B_HUMAN	Keratin, type II cytoskeletal 1b	Homo sapiens		20.77990652989078	21.847929825307425	20.252930739178776	20.872233842423007	19.493187552675305	23.156272981557663	19.917327543603754	20.698886626600967	20.63106710322221	19.822251082027286	18.57333406822657	21.14737389796526	19.97090734442163	NA	NA	21.04927556894562	21.016412079016476
Q7Z7G0	2	ABI3BP	0.9996	sp|Q7Z7G0|TARSH_HUMAN	Q7Z7G0	TARSH_HUMAN	Target of Nesh-SH3	Homo sapiens		22.486561213857435	23.03635892455473	21.685877075880335	22.7530620180606	22.603078209041627	23.09165923463012	22.22549993485041	22.90235204865847	23.105803618613926	22.92687678720444	22.125401498549614	22.5927072206477	22.50765419021486	NA	NA	22.5054649498392	22.670290234371063
Q7Z7M0	3	MEGF8	0.9998	sp|Q7Z7M0|MEGF8_HUMAN	Q7Z7M0	MEGF8_HUMAN	Multiple epidermal growth factor-like domains protein 8	Homo sapiens		20.23930561794676	20.42733149733733	19.298596748045966	20.49468800214703	20.536652714344736	20.0613023455676	20.19622874282975	20.25558180850378	20.405679468452014	20.600299456321345	19.92441181900942	20.80697362654692	20.782545716750207	NA	NA	20.21294500131918	20.66539207018229
Q86SF2	1	GALNT7	0.9881	sp|Q86SF2|GALT7_HUMAN	Q86SF2	GALT7_HUMAN	N-acetylgalactosaminyltransferase 7	Homo sapiens		17.67599966046165	NA	NA	NA	18.203513942448215	NA	NA	16.629737283386547	18.08998802693757	16.14224218322638	NA	NA	NA	NA	NA	NA	NA
Q86UX7	6	FERMT3	1.0	sp|Q86UX7|URP2_HUMAN	Q86UX7	URP2_HUMAN	Fermitin family homolog 3	Homo sapiens		25.719908975832286	24.8475723544127	27.491779441551266	21.84558674544906	25.632731267731536	25.158176481138305	26.19493858882109	24.192358642672307	25.367158125233722	21.39879103852767	26.14126615845595	23.669272854704932	24.215180592401342	23.74544379214085	NA	25.494685184160538	25.389707727864668
Q86VB7	7	CD163	1.0	sp|Q86VB7|C163A_HUMAN	Q86VB7	C163A_HUMAN	Scavenger receptor cysteine-rich type 1 protein M130	Homo sapiens		23.42657087465306	24.005250198007193	21.97470181372504	23.99743824443261	23.326901937793817	23.301677712470376	22.935062481123435	22.972803561899156	24.141591506078946	23.611950860643077	23.11470725126841	23.921138790216727	24.19049459891985	NA	NA	23.584531411844566	23.71168438884203
Q86YZ3	9	HRNR	1.0	sp|Q86YZ3|HORN_HUMAN	Q86YZ3	HORN_HUMAN	Hornerin	Homo sapiens		24.473068638024014	24.324742268491686	24.649316981522663	25.270792738238995	24.15499737161978	24.736351510807904	24.041289484381622	24.715083352809977	24.45269632239934	24.177753237132087	23.704449312451974	25.395034923699395	25.226244509714828	25.3561354554837	25.152716681132354	25.28736301151864	25.491546385427878
Q8IWL1	1	SFTPA2	0.9957	sp|Q8IWL1|SFPA2_HUMAN	Q8IWL1	SFPA2_HUMAN	Pulmonary surfactant-associated protein A2	Homo sapiens	sp|Q8IWL2|SFTA1_HUMAN	18.38711371991573	NA	NA	NA	17.056939471337518	18.40674940904932	NA	18.652977818713058	NA	18.43576806537138	NA	18.40636231863686	NA	NA	NA	NA	NA
Q8IXL6	5	FAM20C	0.9973	sp|Q8IXL6|FA20C_HUMAN	Q8IXL6	FA20C_HUMAN	Extracellular serine/threonine protein kinase FAM20C	Homo sapiens		21.142522510762632	21.219204591979178	20.945410831969312	21.529679016563954	21.145221040226165	21.475888382059775	21.26196139758525	21.168857716923174	21.496690749005076	21.579669814799768	21.52363796061611	21.077512728310673	21.702513735581825	NA	NA	20.905334770270194	20.931655288790996
Q8IYS5	1	OSCAR	0.9999	sp|Q8IYS5|OSCAR_HUMAN	Q8IYS5	OSCAR_HUMAN	Osteoclast-associated immunoglobulin-like receptor	Homo sapiens		18.29005437398201	19.01314414841382	17.86537366969307	18.52819464679982	17.908282669807907	18.70213902342575	16.24671276165933	18.88464430511076	18.249561956957475	19.211091169044266	17.933206964457494	19.107019861237667	18.285564604019154	NA	NA	17.80933735921705	18.372568020070485
Q8IZF2	1	ADGRF5	0.9963	sp|Q8IZF2|AGRF5_HUMAN	Q8IZF2	AGRF5_HUMAN	Adhesion G protein-coupled receptor F5	Homo sapiens		19.271324474982833	NA	NA	19.115819122709034	19.006054453935292	19.65853853998291	18.390975391229972	19.015853139995155	18.220184917271464	20.170183367656204	19.795812580432216	19.863311256720234	19.357470515958195	NA	NA	19.711027421141285	NA
Q8N149	1	LILRA2	0.9981	sp|Q8N149|LIRA2_HUMAN	Q8N149	LIRA2_HUMAN	Leukocyte immunoglobulin-like receptor subfamily A member 2	Homo sapiens		17.744970356057085	18.604508286814905	NA	18.514977638960833	17.20492293939936	NA	NA	NA	18.067132269319835	16.873441978900516	NA	17.64580948171039	NA	NA	NA	18.33109703814204	NA
Q8N1N4	4	KRT78	0.9999	sp|Q8N1N4|K2C78_HUMAN	Q8N1N4	K2C78_HUMAN	Keratin, type II cytoskeletal 78	Homo sapiens		21.036813944001022	20.846609178420167	21.20615898345801	21.45449921350414	20.25616649699513	22.81903366366539	20.77200388790459	21.122244226669633	20.943266374892502	20.390190845234468	20.223896898207514	21.04604426014081	20.75276177467445	NA	NA	21.133339407017754	21.151706200699508
Q8N392	1	ARHGAP18	0.9992	sp|Q8N392|RHG18_HUMAN	Q8N392	RHG18_HUMAN	Rho GTPase-activating protein 18	Homo sapiens		18.629012826173277	NA	19.3719081063569	NA	NA	NA	18.570123270901117	NA	NA	NA	18.976253709484574	18.870641998282082	NA	21.1227170820567	NA	NA	NA
Q8N5M9	1	JAGN1	0.9952	sp|Q8N5M9|JAGN1_HUMAN	Q8N5M9	JAGN1_HUMAN	Protein jagunal homolog 1	Homo sapiens		18.34641781347205	NA	19.441148508475308	NA	18.32654151468515	NA	17.509916454900868	NA	NA	NA	NA	NA	NA	NA	NA	17.917518184922724	17.798496486909333
Q8N6C8	1	LILRA3	0.9348	sp|Q8N6C8|LIRA3_HUMAN	Q8N6C8	LIRA3_HUMAN	Leukocyte immunoglobulin-like receptor subfamily A member 3	Homo sapiens		20.815489622602907	20.028036731560434	19.261814848135735	22.301661718354342	20.99302157515374	20.955357174882877	19.312535977375347	20.459002116991662	20.401494717390662	21.570661130524147	19.919570404644844	22.17148334345828	21.20503610057442	NA	NA	20.8989329688624	20.995161951597645
Q8NBJ4	3	GOLM1	0.9883	sp|Q8NBJ4|GOLM1_HUMAN	Q8NBJ4	GOLM1_HUMAN	Golgi membrane protein 1	Homo sapiens		20.455941719152463	20.761098158577095	20.016969796004876	21.714623249629405	21.004930241426475	20.52462033780301	19.80541812186842	20.265148249050398	20.51470170937375	20.65775445672266	20.62130667041099	20.647853619581667	20.81064798200381	NA	NA	20.508179154254474	20.614268238444026
Q8NBP7	1	PCSK9	0.9739	sp|Q8NBP7|PCSK9_HUMAN	Q8NBP7	PCSK9_HUMAN	Proprotein convertase subtilisin/kexin type 9	Homo sapiens		20.449651010153268	20.96527004923733	19.050818480726512	20.60526751081431	20.87948362275784	20.82286545866432	20.893312974572662	20.876941607555594	20.96697426718892	20.541543029639143	19.720053187175477	20.6406127956726	21.11106952449653	NA	NA	20.602644111307335	20.619513835453294
Q8NE71	1	ABCF1	0.9994	sp|Q8NE71|ABCF1_HUMAN	Q8NE71	ABCF1_HUMAN	ATP-binding cassette sub-family F member 1	Homo sapiens		17.938402753594456	NA	18.83293650999942	NA	16.851568607899566	NA	NA	NA	NA	NA	NA	NA	NA	NA	NA	16.9888810376235	NA
Q8NG06	1	TRIM58	0.9887	sp|Q8NG06|TRI58_HUMAN	Q8NG06	TRI58_HUMAN	E3 ubiquitin-protein ligase TRIM58	Homo sapiens		16.76060788219171	15.909010029719036	18.369488848624833	16.189609554958714	17.186445765786246	NA	17.326189334317775	16.45721671713811	15.949771117152213	15.77197337791831	17.247064102612704	16.428945648628254	NA	NA	NA	16.8526013087388	16.242524760041878
Q8NI99	1	ANGPTL6	0.942	sp|Q8NI99|ANGL6_HUMAN	Q8NI99	ANGL6_HUMAN	Angiopoietin-related protein 6	Homo sapiens		17.949206992549414	18.754060262740918	NA	18.60475164526086	18.5569164638103	17.88601756935825	18.323564327186862	17.015418995967234	18.29757001264223	17.161048262680687	17.379784184063762	18.936011341179814	18.633101382007585	NA	NA	17.61397714986827	NA
Q8TDL5	3	BPIFB1	1.0	sp|Q8TDL5|BPIB1_HUMAN	Q8TDL5	BPIB1_HUMAN	BPI fold-containing family B member 1	Homo sapiens		21.309390090355915	20.9797851233132	21.057339773910535	21.48850056144726	20.36421761552267	22.057458730092893	19.638121070890765	21.123331197272968	21.121873490074226	22.751986196576656	21.80292897424691	21.306614192423535	21.205817549092476	23.77000556183985	NA	21.23721145878914	21.22567811815245
Q8TF42	2	UBASH3B	0.9745	sp|Q8TF42|UBS3B_HUMAN	Q8TF42	UBS3B_HUMAN	Ubiquitin-associated and SH3 domain-containing protein B	Homo sapiens		19.980561926750415	19.320075242666373	22.156173058294637	18.87748182855801	20.428943814805354	18.315776994360725	20.624680790743774	18.752015137242346	17.605084837389796	17.89799238697322	20.41264445942084	19.211839049824455	19.48840421609569	NA	19.60083577655624	19.755112217906348	19.5856430935998
Q8WUM4	2	PDCD6IP	0.995	sp|Q8WUM4|PDC6I_HUMAN	Q8WUM4	PDC6I_HUMAN	Programmed cell death 6-interacting protein	Homo sapiens		19.129360261596194	18.22256379798088	20.67813727008871	18.270628491346645	19.34490437570048	19.065813297824114	19.471790996403914	18.779565229605293	19.208585565757613	18.73112575758623	19.321238835367385	17.881977165996425	18.53507776686759	NA	NA	18.7436757655579	18.936806996370485
Q8WVV4	1	POF1B	0.9953	sp|Q8WVV4|POF1B_HUMAN	Q8WVV4	POF1B_HUMAN	Protein POF1B	Homo sapiens		16.866191047074707	16.85193564266288	17.554220106426495	17.24419502447957	15.375784407999689	18.250683904700487	NA	16.75065403168062	16.06630488884561	16.50439177635999	NA	16.432703251161133	16.86350890814568	NA	NA	17.049745899232438	17.936233894428703
Q8WWA1	1	TMEM40	1.0	sp|Q8WWA1|TMM40_HUMAN	Q8WWA1	TMM40_HUMAN	Transmembrane protein 40	Homo sapiens		17.103019532360797	NA	18.320138470455042	NA	15.898946815719741	NA	17.31685962211445	16.303730215752758	NA	NA	NA	NA	16.269289554277716	NA	NA	NA	NA
Q8WWU7	1	ITLN2	1.0	sp|Q8WWU7|ITLN2_HUMAN	Q8WWU7	ITLN2_HUMAN	Intelectin-2	Homo sapiens		19.806871913928475	20.219008734475143	20.371255850005458	19.872289217929218	18.861152294656918	NA	NA	19.153745935680554	21.249776191327037	NA	NA	NA	19.859528843013724	NA	NA	19.161716774973694	NA
Q8WWZ8	4	OIT3	0.9786	sp|Q8WWZ8|OIT3_HUMAN	Q8WWZ8	OIT3_HUMAN	Oncoprotein-induced transcript 3 protein	Homo sapiens		21.66898155886027	22.214794138305763	21.159194521491056	21.96715126467073	21.82068813038616	21.543304584425602	21.603484480073714	21.810221416131846	21.23429522580302	22.335283209584663	22.00022108469723	22.66607490823643	22.276787856644003	NA	NA	21.40735562537374	21.161937753983956
Q8WY22	1	BRI3BP	0.9999	sp|Q8WY22|BRI3B_HUMAN	Q8WY22	BRI3B_HUMAN	BRI3-binding protein	Homo sapiens		17.130677136195548	15.86427270928022	18.69075242422932	15.947609445665998	17.07862920648918	NA	17.587187010652695	NA	NA	NA	17.24284441088388	NA	NA	NA	NA	17.025276350945294	16.538232071424385
Q8WZ75	1	ROBO4	0.9976	sp|Q8WZ75|ROBO4_HUMAN	Q8WZ75	ROBO4_HUMAN	Roundabout homolog 4	Homo sapiens		19.226701130801167	20.099029282145132	18.522413675977017	19.497800392909987	19.274625708880333	19.520242435708564	18.812956412982068	19.401264125725735	19.213219586238317	19.95337082036367	19.64826594497745	19.546055674231475	19.565081925830356	NA	NA	18.763272875770244	19.246356543129135
Q92496	6	CFHR4	0.9999	sp|Q92496|FHR4_HUMAN	Q92496	FHR4_HUMAN	Complement factor H-related protein 4	Homo sapiens		26.02008982703373	27.386918344978415	25.325266452022202	25.8237853129749	25.148249100414038	25.4557925011389	25.52325547412769	27.37556769679729	26.561168333248737	25.671775213976197	25.412199088066377	26.33810107155842	26.403004041743007	NA	NA	26.094207616252337	26.14396819937881
Q92530	1	PSMF1	0.993	sp|Q92530|PSMF1_HUMAN	Q92530	PSMF1_HUMAN	Proteasome inhibitor PI31 subunit	Homo sapiens		15.74808729972498	15.343079600838943	15.586923289233715	16.83509909387671	15.66838515602989	16.308155307498495	15.622873242512629	16.41214393137642	15.554191791790029	16.641059725488542	16.358090347977882	15.354469025059107	15.449737466878352	NA	17.314040510091182	14.330362842454798	16.254724065715823
Q92619	2	ARHGAP45	0.9996	sp|Q92619|HMHA1_HUMAN	Q92619	HMHA1_HUMAN	Rho GTPase-activating protein 45	Homo sapiens		21.770720585790166	NA	21.747613263951195	NA	21.138436149211575	NA	NA	NA	NA	NA	NA	NA	NA	NA	NA	NA	NA
Q92734	1	TFG	0.999	sp|Q92734|TFG_HUMAN	Q92734	TFG_HUMAN	Protein TFG	Homo sapiens		16.843588757173094	16.203131357317947	18.577645966149607	NA	16.664028309588	16.214660854346164	16.26139237079076	16.090894994576647	16.779127945864328	16.636079655719257	16.45262551589047	16.82174225548383	NA	NA	NA	16.74476476807935	NA
Q92817	2	EVPL	0.9998	sp|Q92817|EVPL_HUMAN	Q92817	EVPL_HUMAN	Envoplakin	Homo sapiens		18.054999609928107	18.699765593954698	17.590366103966943	18.011016645528738	17.494933432558753	18.600166873605307	17.799882057454084	18.408668363792774	19.13835351294785	18.47466678250938	17.732152504175524	18.369356089114248	18.29771088436642	NA	NA	18.023829193832924	17.85268207493205
Q92820	7	GGH	0.9999	sp|Q92820|GGH_HUMAN	Q92820	GGH_HUMAN	Gamma-glutamyl hydrolase	Homo sapiens		23.721636808989782	24.06986076558429	23.230190262198555	24.026092459820518	23.848093471643057	24.22490669970946	23.5375619132651	24.20075702683244	23.708590036037947	23.996425499140386	23.787014249381052	24.720899942313185	23.90684360348319	23.705042712109652	NA	23.81896082163216	23.756055525524076
Q92859	3	NEO1	0.9941	sp|Q92859|NEO1_HUMAN	Q92859	NEO1_HUMAN	Neogenin	Homo sapiens		22.289520985045474	22.794079471286814	20.99927451982098	22.683818040196403	21.93152712813473	22.858955559143332	21.995159551815558	22.490914019143673	22.5091209431306	22.95065363232084	22.51417614945609	22.189838520319743	22.798788644152875	NA	NA	22.251719931038757	22.387451118298777
Q92954	11	PRG4	1.0	sp|Q92954|PRG4_HUMAN	Q92954	PRG4_HUMAN	Proteoglycan 4	Homo sapiens		27.485746559475448	28.222485466324	26.87434892718261	27.21345495395092	27.677245393806114	27.285100690413167	28.164962596068435	28.179450159629294	27.63679580138387	27.489723827644706	26.860813031394645	28.055144545597162	27.201708811405094	NA	27.62890352847173	27.82637221733823	27.680525928026416
Q93084	10	ATP2A3	1.0	sp|Q93084|AT2A3_HUMAN	Q93084	AT2A3_HUMAN	Sarcoplasmic/endoplasmic reticulum calcium ATPase 3	Homo sapiens		23.5088294284571	22.49063710283729	25.66159401794203	20.909338403075022	23.82003300139243	20.868910986533674	23.69133632865019	22.54180780924472	21.675033742193992	21.010573311646166	23.461974318177667	21.780281523707142	21.81216192703059	NA	NA	23.337303428426278	23.168972337711285
Q93088	2	BHMT	0.998	sp|Q93088|BHMT1_HUMAN	Q93088	BHMT1_HUMAN	Betaine--homocysteine S-methyltransferase 1	Homo sapiens		20.675391532201957	20.327443981700544	NA	21.960223439214314	19.286582887846254	20.014551063628332	NA	NA	NA	20.40555837715192	NA	NA	20.04147222032903	NA	NA	NA	NA
Q96G23	1	CERS2	0.9854	sp|Q96G23|CERS2_HUMAN	Q96G23	CERS2_HUMAN	Ceramide synthase 2	Homo sapiens		17.539081897392155	18.06214219515125	19.44573354774766	NA	18.05078283703681	17.047959882740276	17.92572250324744	16.850186961260437	16.11412231494409	16.905578439876056	17.543904305813637	17.126647451448115	16.67854420445916	NA	NA	17.041564478466857	17.00448211097151
Q96IU4	2	ABHD14B	0.9949	sp|Q96IU4|ABHEB_HUMAN	Q96IU4	ABHEB_HUMAN	Putative protein-lysine deacylase ABHD14B	Homo sapiens		18.764969897694016	18.87003507460043	20.10853666468283	18.726995693855244	18.353379850982716	18.10151243814378	17.963387725074885	18.979060828736035	17.240020204286196	18.679231896551823	20.039161107059364	18.363916110558417	18.27490163773715	NA	NA	19.074419373488002	18.90661332855292
Q96IY4	10	CPB2	1.0	sp|Q96IY4|CBPB2_HUMAN	Q96IY4	CBPB2_HUMAN	Carboxypeptidase B2	Homo sapiens		26.350633161894745	26.74328465332176	25.936680122096025	26.577058638127838	26.58527440631201	26.193673746173747	25.918752637181324	26.74507344511721	26.72805979012459	26.792620507059024	26.25837827301993	27.04094595400297	26.98131287563964	NA	NA	26.35365307769526	26.48796551050791
Q96KG7	1	MEGF10	0.9979	sp|Q96KG7|MEG10_HUMAN	Q96KG7	MEG10_HUMAN	Multiple epidermal growth factor-like domains protein 10	Homo sapiens		18.639927865127884	18.97102918585759	17.95574539586892	18.67959166692104	18.984198743752636	19.295316405922232	18.60425507030715	18.465338284624167	19.56833749315559	19.334461524992328	18.70950920828874	18.60100459531146	17.398879312450926	NA	NA	18.157745283895036	18.825653527161208
Q96KN2	13	CNDP1	1.0	sp|Q96KN2|CNDP1_HUMAN	Q96KN2	CNDP1_HUMAN	Beta-Ala-His dipeptidase	Homo sapiens		25.841468782998035	26.961087326641913	25.536839338409855	25.698229775706682	26.3850179268809	23.427210171302242	26.412045942945845	25.943659015966013	27.00618899952393	25.46881836015999	25.88657070425301	25.794620642307464	26.108490789277756	NA	NA	26.0094765658966	25.724369285476477
Q96KP4	2	CNDP2	0.9753	sp|Q96KP4|CNDP2_HUMAN	Q96KP4	CNDP2_HUMAN	Cytosolic non-specific dipeptidase	Homo sapiens		19.664531936507114	18.224689933693917	21.49406633646272	19.13801383563639	19.288478286997535	NA	19.842693020623628	18.852066333856914	18.89999501546673	NA	20.04738081522885	NA	NA	NA	NA	19.85125970437899	19.599614774921772
Q96P63	1	SERPINB12	0.9986	sp|Q96P63|SPB12_HUMAN	Q96P63	SPB12_HUMAN	Serpin B12	Homo sapiens		20.726052168337933	20.60443929992458	20.943202211781376	21.02217900501466	20.44677135318523	22.17339650625836	20.364604444835976	20.7187736583721	21.008183059646306	20.53979308904007	20.297020351472234	21.284079101378264	21.309202105919507	NA	NA	20.925559587858505	20.43928419747297
Q96PD5	15	PGLYRP2	1.0	sp|Q96PD5|PGRP2_HUMAN	Q96PD5	PGRP2_HUMAN	N-acetylmuramoyl-L-alanine amidase	Homo sapiens		26.935369052662963	27.150957172815104	26.6907288191646	26.951922744755134	27.274187349740348	27.109178906016744	27.03526369971205	27.298662558300773	27.356840564626793	27.31001827151241	27.071126829712465	26.963691417685613	27.61728588123048	26.973916690023483	NA	26.963822703106942	26.968015428225982
Q96RD9	2	FCRL5	0.9761	sp|Q96RD9|FCRL5_HUMAN	Q96RD9	FCRL5_HUMAN	Fc receptor-like protein 5	Homo sapiens		20.025266750079545	19.963977617194157	18.89700602869776	20.24525982596236	20.4874048823484	20.636369596976714	20.17152056037298	20.777952500779673	20.562159171638037	20.05588197987646	20.055429217954245	20.151247676561404	20.27703101892755	NA	NA	20.086968807518687	19.85093004184528
Q96S96	2	PEBP4	0.9878	sp|Q96S96|PEBP4_HUMAN	Q96S96	PEBP4_HUMAN	Phosphatidylethanolamine-binding protein 4	Homo sapiens		21.014716422045296	21.770393645677707	20.07636989618477	20.947434912276588	21.065633220518503	21.082079739411803	20.334848906902746	22.040660218436216	20.94156335931774	21.197053982370033	20.496459740534064	22.35716823972198	21.003520960745707	NA	NA	21.05436199163712	20.734681953751316
Q99426	2	TBCB	0.9991	sp|Q99426|TBCB_HUMAN	Q99426	TBCB_HUMAN	Tubulin-folding cofactor B	Homo sapiens		22.031612703266124	NA	21.876801242703156	NA	NA	NA	NA	NA	NA	NA	NA	NA	NA	NA	NA	NA	NA
Q99439	1	CNN2	0.9882	sp|Q99439|CNN2_HUMAN	Q99439	CNN2_HUMAN	Calponin-2	Homo sapiens		19.745579137229218	18.80068883269547	22.162620482431752	16.9499228199323	20.31399430391895	18.074777088862394	20.381030627226192	19.622282960442863	17.77756703664214	17.11422544470162	20.57635257235806	15.747699279035466	18.094744769435316	NA	NA	19.76196684498491	19.811167617894554
Q99497	2	PARK7	0.9999	sp|Q99497|PARK7_HUMAN	Q99497	PARK7_HUMAN	Parkinson disease protein 7	Homo sapiens		22.928513470031557	22.542753237001165	24.358432653584867	23.39171185702081	22.8029814747545	22.23595891778519	23.46264238080164	23.120161067164535	21.922980410728602	23.027068134628923	23.693176981504383	21.871248324532257	21.58115914702126	NA	NA	23.27718026365957	23.036449705617798
Q99536	1	VAT1	1.0	sp|Q99536|VAT1_HUMAN	Q99536	VAT1_HUMAN	NADPH-dependent quinone oxidoreductase VAT1	Homo sapiens		18.983710620115243	NA	19.090310216200468	NA	19.186539361575498	18.203258348203697	18.947690633459608	18.48152227842724	NA	19.665307458034423	19.64472625136913	19.432176191128786	19.09832209732589	NA	NA	18.385889506166148	19.305823184995685
Q99685	1	MGLL	0.9978	sp|Q99685|MGLL_HUMAN	Q99685	MGLL_HUMAN	Monoglyceride lipase	Homo sapiens		18.94732039180908	18.35640608108098	20.815279850985053	16.5526642157804	19.773527137152268	16.727204525154228	19.86835898755431	18.11126584155997	17.154907117866653	17.42753313595054	19.60133306436409	17.35812657392006	NA	NA	NA	19.30337349396543	19.364170776061265
Q99784	3	OLFM1	0.9991	sp|Q99784|NOE1_HUMAN	Q99784	NOE1_HUMAN	Noelin	Homo sapiens		21.486850309498422	21.842347218181434	20.60684897963508	21.766161951804904	21.569730347629015	21.983858346265773	21.087531736258104	21.587289910873597	21.760596620420042	22.516630798249512	21.39463106296274	21.80688341244683	21.081776861527562	NA	NA	21.37338255244559	21.276457724631932
Q99798	1	ACO2	0.9969	sp|Q99798|ACON_HUMAN	Q99798	ACON_HUMAN	Aconitate hydratase, mitochondrial	Homo sapiens		17.445684242961395	15.70865194115426	19.553244507573673	NA	17.229865731185555	15.836092473913213	17.965625200674786	16.170865041770693	NA	15.80679194893399	16.959538335432747	NA	NA	NA	NA	16.83712999069656	17.37498689395293
Q99969	1	RARRES2	0.9983	sp|Q99969|RARR2_HUMAN	Q99969	RARR2_HUMAN	Retinoic acid receptor responder protein 2	Homo sapiens		19.737534066623784	20.330332372542355	19.283278072619602	19.655793509756386	20.160247707188596	19.249598482589814	19.234343718215122	20.20788365516238	19.88710913615476	20.112288323512182	19.375169317397887	21.151690777980743	19.940326918926676	NA	NA	19.27632216586993	19.610100184579096
Q99972	3	MYOC	0.9996	sp|Q99972|MYOC_HUMAN	Q99972	MYOC_HUMAN	Myocilin	Homo sapiens		21.717891452357847	22.06184220262508	20.831052620236694	21.677466172442948	21.345000791506013	21.514598418329044	21.217015327105887	21.797964387221302	22.132123541614597	22.504728455412305	21.443030455705102	22.662802939255755	21.8844945268642	NA	NA	21.56905768971935	21.951522822284574
Q99983	1	OMD	0.9874	sp|Q99983|OMD_HUMAN	Q99983	OMD_HUMAN	Osteomodulin	Homo sapiens		20.181697192033496	20.614885315618057	19.724009530414953	18.894164413906818	20.352025796500897	20.65162108193081	20.56971189966339	19.82784151120629	20.566060239270563	21.273019532878216	19.355140796882473	20.031983089053302	20.30628591499871	NA	NA	20.23324409455164	20.435405884584117
Q9BS26	3	ERP44	0.9994	sp|Q9BS26|ERP44_HUMAN	Q9BS26	ERP44_HUMAN	Endoplasmic reticulum resident protein 44	Homo sapiens		21.754831477883883	21.435266544249384	23.172470696489288	21.24171740713768	21.767398766217287	22.134588510589985	21.667855806021127	21.789210706814842	21.19907127180771	21.322530400961835	22.26554958445713	22.01229975467521	21.6162333968858	NA	NA	21.585517553769094	21.675897390026037
Q9BTY2	2	FUCA2	0.9986	sp|Q9BTY2|FUCO2_HUMAN	Q9BTY2	FUCO2_HUMAN	Plasma alpha-L-fucosidase	Homo sapiens		21.653535091278137	19.959545133454384	20.816249540703495	22.666716595304127	21.404968424725276	19.88782765781853	21.812965038178707	21.928866428212295	21.91971554090422	22.50458040807543	21.177394550854256	22.645645573743625	22.491690794063704	NA	NA	21.750461622053134	21.67721248905729
Q9BUL8	1	PDCD10	0.995	sp|Q9BUL8|PDC10_HUMAN	Q9BUL8	PDC10_HUMAN	Programmed cell death protein 10	Homo sapiens		20.330161265813764	NA	21.749954169583077	NA	19.07184598621553	NA	19.323120000926114	19.40536120258616	NA	NA	19.979065161242143	NA	NA	NA	NA	NA	NA
Q9BUN1	2	MENT	0.9985	sp|Q9BUN1|MENT_HUMAN	Q9BUN1	MENT_HUMAN	Protein MENT	Homo sapiens		22.211705121486112	22.2966700720405	21.168975157681167	21.850304766557866	21.55837399083507	22.19340098879647	22.083297479678286	21.996283637130077	22.13619728968423	23.018150766834864	22.24857593747542	22.588045628469914	22.702367504388796	NA	NA	21.805483521540303	22.29755464026577
Q9BV40	1	VAMP8	0.9974	sp|Q9BV40|VAMP8_HUMAN	Q9BV40	VAMP8_HUMAN	Vesicle-associated membrane protein 8	Homo sapiens		18.66297949539928	17.26226378498236	20.671450897785032	NA	18.863969302852702	NA	18.540144836652125	16.95678559661085	NA	15.17103864122318	18.902547311517623	NA	NA	NA	NA	18.153215843677128	17.83466830884371
Q9BWP8	3	COLEC11	0.9999	sp|Q9BWP8|COL11_HUMAN	Q9BWP8	COL11_HUMAN	Collectin-11	Homo sapiens		21.889864699156966	22.00431287080512	20.986035825511895	22.292164635390723	22.47475874547835	22.160829342616406	22.017747782253462	22.502938527932535	22.157731954813336	22.05047947680722	21.545856892044664	22.31306539539424	22.07903157279334	NA	22.04066264280524	22.037034437125907	21.993160035828392
Q9BXR6	9	CFHR5	0.9998	sp|Q9BXR6|FHR5_HUMAN	Q9BXR6	FHR5_HUMAN	Complement factor H-related protein 5	Homo sapiens		25.86249023572324	26.824132473933794	25.301160134537106	25.04947536885377	25.573278619612534	24.941622329716175	25.373532430673365	26.64732815709814	26.325933029085775	26.479678112662764	25.627417850582404	26.81212802172186	25.802324486759264	NA	NA	25.948861989835702	25.94810720931211
Q9BYJ0	1	FGFBP2	1.0	sp|Q9BYJ0|FGFP2_HUMAN	Q9BYJ0	FGFP2_HUMAN	Fibroblast growth factor-binding protein 2	Homo sapiens		17.30158717030768	16.81663845375876	16.827782108883635	17.270282069471694	16.666953170708716	16.082447624851802	17.459112796310656	17.450419021755035	18.45159619261269	17.903275433537768	17.298846188538946	17.737264749944575	19.059487963914673	NA	19.642149754553976	17.495422575419344	17.861554385375428
Q9C0C9	3	UBE2O	0.9999	sp|Q9C0C9|UBE2O_HUMAN	Q9C0C9	UBE2O_HUMAN	(E3-independent) E2 ubiquitin-conjugating enzyme	Homo sapiens		20.256903297546334	19.445946881423197	21.55091905086142	20.65366665502214	19.94131581811437	18.565203387646438	20.467687909532643	19.65411189534926	18.790806729479836	19.701628112965672	20.689932412477454	19.48494826662903	NA	NA	NA	20.16473230839466	19.937256549873688
Q9H0U4	3	RAB1B	1.0	sp|Q9H0U4|RAB1B_HUMAN	Q9H0U4	RAB1B_HUMAN	Ras-related protein Rab-1B	Homo sapiens		23.229760987615972	22.758461132373306	24.96229081444025	NA	23.017783184671863	22.00705151255206	24.024917903323278	21.781021902657667	NA	20.984010809850254	23.607991275911992	NA	NA	NA	NA	23.62456822288502	22.79755614282034
Q9H2Y7	1	ZNF106	0.9799	sp|Q9H2Y7|ZN106_HUMAN	Q9H2Y7	ZN106_HUMAN	Zinc finger protein 106	Homo sapiens		21.09966233189032	21.090232654830857	22.598014930638957	19.635699238553602	20.96782621825454	19.94568506526334	19.57134153058289	20.18321810515133	21.19390432231104	20.646268938183486	20.69524080968294	22.251646294473293	NA	NA	NA	21.575800110171713	22.247145820711278
Q9H4A9	2	DPEP2	1.0	sp|Q9H4A9|DPEP2_HUMAN	Q9H4A9	DPEP2_HUMAN	Dipeptidase 2	Homo sapiens		20.267726355443745	20.94416568391656	19.662855593390873	20.648045828648538	20.40869536706901	20.287924876448443	19.80714326782949	19.819212685512415	21.135335126392864	20.664034026396298	19.83854944913128	20.543642069716565	20.455513583203736	NA	NA	20.260967111405748	20.169332095383748
Q9H4B7	9	TUBB1	1.0	sp|Q9H4B7|TBB1_HUMAN	Q9H4B7	TBB1_HUMAN	Tubulin beta-1 chain	Homo sapiens		26.285976203333306	24.578858655931064	28.200457590127943	NA	26.178252803762682	23.890959404524864	26.35668180458158	24.523140615779607	NA	22.70504410924797	26.163005836109043	23.924709488899676	NA	NA	NA	25.620504877652984	25.846923122301302
Q9H4G4	3	GLIPR2	1.0	sp|Q9H4G4|GAPR1_HUMAN	Q9H4G4	GAPR1_HUMAN	Golgi-associated plant pathogenesis-related protein 1	Homo sapiens		22.07718518707333	22.112069100308446	22.387107230734394	22.614068160536306	22.23283840072115	22.046948455091865	21.90890906590277	21.508169569723595	22.701949486874494	21.64587252318784	22.47657319845787	21.369037819924475	22.463426859814046	NA	NA	22.065311620853958	22.388989087303184
Q9H6X2	2	ANTXR1	1.0	sp|Q9H6X2|ANTR1_HUMAN	Q9H6X2	ANTR1_HUMAN	Anthrax toxin receptor 1	Homo sapiens		21.813250135108177	21.728108647434556	21.290984518822906	21.76998002655516	21.846136811730165	22.07886949377486	21.48040344378698	21.860665086150693	22.880315498777634	22.17030722019711	21.30516081631416	22.480156751100672	22.631275098630116	NA	NA	21.94326587442428	21.72909582007318
Q9H939	2	PSTPIP2	0.9996	sp|Q9H939|PPIP2_HUMAN	Q9H939	PPIP2_HUMAN	Proline-serine-threonine phosphatase-interacting protein 2	Homo sapiens		19.89585074610651	NA	21.271584554237762	NA	18.97212778144098	18.99834380831111	20.356513216802767	17.9058999628794	NA	NA	19.45298056027519	NA	NA	NA	NA	18.77724518014326	19.536104528712293
Q9HBB8	2	CDHR5	0.9838	sp|Q9HBB8|CDHR5_HUMAN	Q9HBB8	CDHR5_HUMAN	Cadherin-related family member 5	Homo sapiens		20.61417030937772	21.362484109957094	20.565360516048074	20.72007487251045	20.48370703587583	20.757575580915585	20.31185793881602	20.295080726446436	20.43187452489729	21.433612826927696	20.11724713807481	21.022341376113904	20.71296468016729	NA	NA	20.917981057367268	21.051830165750932
Q9HBI1	4	PARVB	0.9994	sp|Q9HBI1|PARVB_HUMAN	Q9HBI1	PARVB_HUMAN	Beta-parvin	Homo sapiens		23.628987578025452	22.80569273700803	25.88832426935688	NA	24.0429376909207	17.50753373043444	24.360434107084817	22.67388448526438	21.225681995573616	19.904909091087855	24.04251857823767	21.20694871218939	NA	21.576862695979003	NA	23.53249442634953	23.57875049513349
Q9HC38	1	GLOD4	0.9982	sp|Q9HC38|GLOD4_HUMAN	Q9HC38	GLOD4_HUMAN	Glyoxalase domain-containing protein 4	Homo sapiens		16.357197303902222	15.70910385128749	16.840290853102818	16.90928408789004	16.396039763162044	15.177187426367668	16.421933365160918	16.221790473718276	16.559073214276033	16.623879136189572	NA	NA	NA	NA	NA	16.833700838836116	16.275051046320286
Q9HD89	1	RETN	0.9977	sp|Q9HD89|RETN_HUMAN	Q9HD89	RETN_HUMAN	Resistin	Homo sapiens		20.083501142112087	NA	NA	NA	18.818085063078453	18.814249158961694	20.1572897982241	NA	NA	20.642222386313982	NA	20.515895114663845	NA	NA	NA	NA	NA
Q9HDC9	2	APMAP	0.9961	sp|Q9HDC9|APMAP_HUMAN	Q9HDC9	APMAP_HUMAN	Adipocyte plasma membrane-associated protein	Homo sapiens		22.23045182277404	23.06730789986428	21.64446672007725	22.29342722809402	22.695620853596584	22.669076191377105	22.748565463343663	21.283750942690176	21.94929721228893	22.79261429194201	22.296058817643694	23.088683046167063	22.928468949424094	NA	23.004618290422872	22.195103011898283	21.88659758213454
Q9NPC4	1	A4GALT	0.9978	sp|Q9NPC4|A4GAT_HUMAN	Q9NPC4	A4GAT_HUMAN	Lactosylceramide 4-alpha-galactosyltransferase	Homo sapiens		15.886714221769012	NA	15.428195120752882	15.557281979987586	16.385330833823375	15.84634008711209	NA	15.969307751804374	16.08688257757001	15.975235067395882	NA	16.13023761302286	NA	NA	NA	16.1482000436048	15.630778130987238
Q9NPH3	3	IL1RAP	0.9996	sp|Q9NPH3|IL1AP_HUMAN	Q9NPH3	IL1AP_HUMAN	Interleukin-1 receptor accessory protein	Homo sapiens		22.19948758305834	22.60473898032516	21.8452030663557	22.168670951726348	21.373414206103842	22.48038966324235	22.019508633989556	22.244932180257877	22.506427667552206	23.288232351526954	22.076439490743414	21.928985013052216	22.618852210555225	NA	NA	22.494759241576876	22.25480591805002
Q9NPY3	3	CD93	0.9999	sp|Q9NPY3|C1QR1_HUMAN	Q9NPY3	C1QR1_HUMAN	Complement component C1q receptor	Homo sapiens		21.941278768712095	21.239712273034097	21.267616634987412	21.512195303069593	22.10779256678087	22.10979664175597	21.377556216297975	21.84879315608599	22.671447310844503	22.31218558434976	21.49150177926299	22.866031151298383	22.282727496276117	NA	NA	21.857357385746297	21.927014347491124
Q9NQ38	3	SPINK5	0.9997	sp|Q9NQ38|ISK5_HUMAN	Q9NQ38	ISK5_HUMAN	Serine protease inhibitor Kazal-type 5	Homo sapiens		22.689478069467278	24.05638319252184	22.5414359885467	22.877348243003226	22.324473316912183	22.702363384191955	22.362673740705524	22.475219217798347	22.7362624696415	22.897875470678244	22.304572392065925	23.69814162501686	22.56519932600807	NA	NA	22.42940229870075	22.164831775200646
Q9NQ75	3	CASS4	0.9998	sp|Q9NQ75|CASS4_HUMAN	Q9NQ75	CASS4_HUMAN	Cas scaffolding protein family member 4	Homo sapiens		21.827454472233914	21.31564614222685	21.67264301167095	20.012503948178843	21.747562471602013	23.31959237183198	22.074468619366872	20.174389145174374	19.25113498378522	20.004306058784742	21.979092244911897	20.609225972452652	NA	NA	NA	21.70678442342949	21.52168782118894
Q9NQ79	7	CRTAC1	0.9999	sp|Q9NQ79|CRAC1_HUMAN	Q9NQ79	CRAC1_HUMAN	Cartilage acidic protein 1	Homo sapiens		24.492921591839213	25.06517336885492	24.05778084078553	24.41651356488302	24.722631552003627	24.491576884402747	24.42243520031076	24.645692292840614	25.200269430500246	24.71275350094701	24.471705299005528	24.951923289637428	25.12100911988349	NA	NA	24.545398463917824	24.60650449761445
Q9NQC3	2	RTN4	0.9999	sp|Q9NQC3|RTN4_HUMAN	Q9NQC3	RTN4_HUMAN	Reticulon-4	Homo sapiens		21.69201117338002	20.444098402469095	23.186407914404196	NA	21.047817774348868	20.212631199284385	22.324611356576167	20.174155470617205	19.198918623656404	19.156110931099953	21.611014597645635	NA	NA	NA	NA	21.062437306234614	21.617897247823322
Q9NR12	3	PDLIM7	1.0	sp|Q9NR12|PDLI7_HUMAN	Q9NR12	PDLI7_HUMAN	PDZ and LIM domain protein 7	Homo sapiens		21.523436944858602	19.96877730417569	22.98588553031221	20.84769678573004	21.579082526928232	NA	21.336098797452298	20.45050745352418	NA	18.85922235169416	21.706735416308213	19.40299384906807	18.238103039013467	NA	NA	20.585373120438426	21.442376204698537
Q9NR31	2	SAR1A	0.9864	sp|Q9NR31|SAR1A_HUMAN	Q9NR31	SAR1A_HUMAN	Small COPII coat GTPase SAR1A	Homo sapiens		20.47959905431586	19.52679528609468	22.349249549227068	17.860480155236885	21.007619420796058	17.73628008035249	20.968478767894442	20.075447529691708	19.56251324813792	18.118698365434746	21.516404594705694	18.660544294663545	18.093179368542987	NA	NA	20.354975533948906	20.774295167006937
Q9NSC7	1	ST6GALNAC1	0.9747	sp|Q9NSC7|SIA7A_HUMAN	Q9NSC7	SIA7A_HUMAN	Alpha-N-acetylgalactosaminide alpha-2,6-sialyltransferase 1	Homo sapiens		17.43839825160739	17.377567018912007	17.096603357780513	18.77919824775199	17.79075286862909	18.56375574305504	16.222972474690316	17.614556737212727	18.20358501807202	16.962405200270428	17.058408604252072	17.170238844313477	17.134032253137967	NA	NA	17.56739785324286	17.41430683149747
Q9NTJ5	1	SACM1L	0.9845	sp|Q9NTJ5|SAC1_HUMAN	Q9NTJ5	SAC1_HUMAN	Phosphatidylinositol-3-phosphatase SAC1	Homo sapiens		19.856702202239116	NA	19.701890741676152	NA	NA	NA	NA	NA	NA	NA	NA	NA	NA	NA	NA	NA	NA
Q9NTK5	3	OLA1	0.9764	sp|Q9NTK5|OLA1_HUMAN	Q9NTK5	OLA1_HUMAN	Obg-like ATPase 1	Homo sapiens		18.03247461378399	18.219611581183567	19.91023887268863	17.663718518789274	17.603107167383193	17.18322901799504	18.82311902768779	18.2648539162608	16.848392467681418	17.978617595937376	18.146135370683886	16.785142479077116	17.120016965673557	NA	NA	18.226368669441015	17.735608326726265
Q9NUQ9	1	CYRIB	0.9997	sp|Q9NUQ9|CYRIB_HUMAN	Q9NUQ9	CYRIB_HUMAN	CYFIP-related Rac1 interactor B	Homo sapiens		17.600636709645453	17.615370666913368	18.613350836440148	16.79424794923026	17.682193344788487	16.730400057287806	18.375376175418506	18.811922411411064	17.43048206947799	17.093371847762317	17.920409331552868	17.06528358538436	16.817355153098333	NA	NA	17.74878344253535	17.73665425441144
Q9NWV4	1	CZIB	0.9819	sp|Q9NWV4|CZIB_HUMAN	Q9NWV4	CZIB_HUMAN	CXXC motif containing zinc binding protein	Homo sapiens		20.370161758865027	20.164222800644023	21.201619927713402	20.554200669626997	20.370161758865027	NA	20.910724491073015	NA	NA	19.058781543400734	20.788176369617286	19.867346574674784	NA	NA	NA	NA	21.146704974358244
Q9NX63	1	CHCHD3	0.9959	sp|Q9NX63|MIC19_HUMAN	Q9NX63	MIC19_HUMAN	MICOS complex subunit MIC19	Homo sapiens		21.01785012362547	NA	21.648982662546118	NA	NA	NA	19.421324668714604	NA	NA	NA	NA	NA	NA	NA	NA	NA	NA
Q9NY15	3	STAB1	0.9946	sp|Q9NY15|STAB1_HUMAN	Q9NY15	STAB1_HUMAN	Stabilin-1	Homo sapiens		19.738294421654476	NA	19.507807326474474	NA	19.062100891228816	NA	NA	NA	NA	NA	NA	20.247118006709517	NA	NA	NA	NA	NA
Q9NY33	1	DPP3	0.9999	sp|Q9NY33|DPP3_HUMAN	Q9NY33	DPP3_HUMAN	Dipeptidyl peptidase 3	Homo sapiens		17.713816559588608	17.686247529943863	18.058308431840096	17.91908419340373	17.73774952143722	18.312271178962924	17.759549536246457	17.541519089940724	17.734389433239535	18.35274422830684	18.069415877593677	17.677661598173703	17.670626284420837	NA	NA	17.68393688989588	17.785500886445544
Q9NY65	1	TUBA8	0.9891	sp|Q9NY65|TBA8_HUMAN	Q9NY65	TBA8_HUMAN	Tubulin alpha-8 chain	Homo sapiens		18.13570177204816	17.4243794685798	19.523033882961165	NA	18.938207350305838	NA	17.93225356549832	17.37376312825253	NA	17.432191366548405	18.105021205765144	16.91999641132738	NA	NA	NA	18.29290975807687	17.804139358797165
Q9NY97	1	B3GNT2	0.9134	sp|Q9NY97|B3GN2_HUMAN	Q9NY97	B3GN2_HUMAN	N-acetyllactosaminide beta-1,3-N-acetylglucosaminyltransferase 2	Homo sapiens		19.69062938527928	20.115120015001757	19.3138384134991	20.09553402964903	19.75575189202106	20.195795969249847	19.70305302730335	20.166346320197675	20.150651974928177	20.32891143188708	19.951007630708453	19.9710686763586	20.136532735860644	NA	19.22308078039613	19.6822640944776	19.78769094506874
Q9NYL9	1	TMOD3	0.9695	sp|Q9NYL9|TMOD3_HUMAN	Q9NYL9	TMOD3_HUMAN	Tropomodulin-3	Homo sapiens		19.835043336517547	NA	20.646943336943092	NA	18.825569787574278	NA	NA	NA	NA	NA	19.21249915867643	NA	NA	NA	NA	NA	NA
Q9NZK5	4	ADA2	0.9789	sp|Q9NZK5|ADA2_HUMAN	Q9NZK5	ADA2_HUMAN	Adenosine deaminase 2	Homo sapiens		21.535224457237536	22.16964629109144	20.44224492775578	22.25872073710867	22.09123471630751	22.643838072382252	21.297948388484453	21.22731390548727	20.620223385021696	21.544891083155996	21.439942770432985	22.81018608236497	21.43715133170823	22.956487756088553	23.09776212287008	21.418568244373816	21.528806927360666
Q9NZN3	5	EHD3	0.9982	sp|Q9NZN3|EHD3_HUMAN	Q9NZN3	EHD3_HUMAN	EH domain-containing protein 3	Homo sapiens		22.895504566778648	21.92696654727908	25.000360970015127	19.442885470099988	22.936428006623377	20.299610233265582	23.36429951911535	22.0793863421795	21.452891680669783	20.83673477411394	23.48092876882656	21.12637916239282	21.839751818191438	21.14762826921658	22.308838184683573	22.68672836124944	22.59805237522402
Q9NZP8	3	C1RL	0.9993	sp|Q9NZP8|C1RL_HUMAN	Q9NZP8	C1RL_HUMAN	Complement C1r subcomponent-like protein	Homo sapiens		26.401846019161265	26.84711780487023	25.904444501007923	26.43392317249148	26.438052526271342	27.02126976819331	26.368774948126898	26.698839987944094	26.768890026727945	26.85051778480441	26.217658046209838	26.873687351841802	26.604975002483155	NA	NA	26.458802931471702	26.45241098764293
Q9P232	1	CNTN3	0.9943	sp|Q9P232|CNTN3_HUMAN	Q9P232	CNTN3_HUMAN	Contactin-3	Homo sapiens		18.816671615380294	NA	NA	NA	19.270406854138656	NA	NA	NA	NA	17.633277444611174	NA	NA	NA	NA	NA	18.727547333139167	NA
Q9P2D7	1	DNAH1	0.9983	sp|Q9P2D7|DYH1_HUMAN	Q9P2D7	DYH1_HUMAN	Dynein axonemal heavy chain 1	Homo sapiens		19.277430801511304	NA	NA	17.456749024138247	NA	NA	17.78969894527469	16.96622979470442	21.508545680907783	NA	NA	17.165057605351127	NA	NA	NA	NA	NA
Q9P2E9	1	RRBP1	0.9804	sp|Q9P2E9|RRBP1_HUMAN	Q9P2E9	RRBP1_HUMAN	Ribosome-binding protein 1	Homo sapiens		18.730047576592572	NA	19.981775260811705	NA	17.531368207921968	NA	17.44473335537772	NA	NA	NA	NA	NA	NA	NA	NA	18.209003625676615	NA
Q9UBG0	2	MRC2	1.0	sp|Q9UBG0|MRC2_HUMAN	Q9UBG0	MRC2_HUMAN	C-type mannose receptor 2	Homo sapiens		22.174151619261742	22.41672176420088	21.417099998977683	22.628053653432268	22.175452886734252	22.480480132760917	22.07895029701112	22.385728612847046	22.53925761246491	22.074578556646344	22.413533279561637	22.44659140969569	22.808610033949268	NA	NA	22.172467834600898	22.77474221022769
Q9UBQ0	1	VPS29	0.9855	sp|Q9UBQ0|VPS29_HUMAN	Q9UBQ0	VPS29_HUMAN	Vacuolar protein sorting-associated protein 29	Homo sapiens		18.653556614085126	17.29096430757139	20.718639811629156	16.11328281727272	19.25220296327693	17.735920091445244	19.474555941669106	18.075032212766327	18.400977538555033	17.870438957821662	19.23766695544914	16.882947784571684	17.67867810048031	NA	NA	18.625154459844794	18.732437069608626
Q9UBQ6	2	EXTL2	0.9823	sp|Q9UBQ6|EXTL2_HUMAN	Q9UBQ6	EXTL2_HUMAN	Exostosin-like 2	Homo sapiens		20.069925185548183	20.689219179895964	19.5806665937605	20.191608629669336	20.371412661078985	19.91247374276028	20.132677259305648	20.264073361939012	20.86657385833012	20.305780140381128	20.04692350125923	20.13351935348396	20.57630593343924	NA	NA	20.230064877582887	19.99448421307877
Q9UBR2	2	CTSZ	0.9985	sp|Q9UBR2|CATZ_HUMAN	Q9UBR2	CATZ_HUMAN	Cathepsin Z	Homo sapiens		20.86102555015742	21.518805153734736	20.023382513526435	21.519566627222407	20.77363969622383	21.370038728504117	19.915972545323335	21.090695609652382	20.672272444817676	21.720958964888688	21.092972419073423	21.32443563598464	20.387161797961607	NA	NA	20.905130151911468	20.811305101134444
Q9UBW5	6	BIN2	1.0	sp|Q9UBW5|BIN2_HUMAN	Q9UBW5	BIN2_HUMAN	Bridging integrator 2	Homo sapiens		22.81245006745872	21.342738647885266	24.855722187333612	19.36229587145541	23.14485742493548	20.536540587396104	23.236210299489095	21.60417482375771	19.56936437768871	19.614749012288474	22.806381254907244	20.372767127312017	NA	NA	NA	22.24624936349531	22.508722003058782
Q9UBX5	3	FBLN5	0.9997	sp|Q9UBX5|FBLN5_HUMAN	Q9UBX5	FBLN5_HUMAN	Fibulin-5	Homo sapiens		21.77693022300566	21.800542329636546	21.630728673249855	22.30430849052532	21.73895627459119	22.514559404469264	20.844527203546047	21.75296349580672	21.881787142637638	21.811473070104068	21.561281322633505	22.63776659829835	21.776888653305747	NA	NA	21.548805720308266	21.876229879310888
Q9UEY8	1	ADD3	0.9941	sp|Q9UEY8|ADDG_HUMAN	Q9UEY8	ADDG_HUMAN	Gamma-adducin	Homo sapiens		20.513823863123168	NA	NA	NA	NA	NA	NA	20.401457055758094	NA	NA	NA	NA	NA	NA	NA	NA	NA
Q9UGM5	10	FETUB	0.9997	sp|Q9UGM5|FETUB_HUMAN	Q9UGM5	FETUB_HUMAN	Fetuin-B	Homo sapiens		25.891694665492135	26.49720417439531	24.721361393809374	26.027560982944998	25.96419515296744	25.93493280472431	25.563131611906442	26.22826167211694	26.29683892588186	26.141489097995596	25.751719304837724	26.79168380893404	25.99981427351408	NA	NA	25.867183438635372	26.141062250472064
Q9UHG3	7	PCYOX1	1.0	sp|Q9UHG3|PCYOX_HUMAN	Q9UHG3	PCYOX_HUMAN	Prenylcysteine oxidase 1	Homo sapiens		23.195998601125574	23.66637745700527	22.29337672998277	23.356152050362866	23.40526400564643	22.590069126332015	23.91050950047558	23.240443124466093	24.327343545660433	23.283700616741868	23.084059629614885	23.361769321595744	23.636715842315343	NA	NA	23.15811633049235	23.087183306931784
Q9UJJ9	3	GNPTG	0.9992	sp|Q9UJJ9|GNPTG_HUMAN	Q9UJJ9	GNPTG_HUMAN	N-acetylglucosamine-1-phosphotransferase subunit gamma	Homo sapiens		19.937276656152815	20.405080962888004	19.2650812206557	20.587781853296534	20.1114095633588	20.044042833340573	19.86823629788343	20.31376455715621	20.089524289970832	20.204076403025216	19.42496724888314	20.652261599507067	20.551101550940324	NA	NA	20.273598621046254	20.071449757759346
Q9UJU6	1	DBNL	0.9977	sp|Q9UJU6|DBNL_HUMAN	Q9UJU6	DBNL_HUMAN	Drebrin-like protein	Homo sapiens		19.70357234682538	NA	20.436070546093674	NA	18.78559161405718	NA	19.368886145981687	19.327475469839992	NA	NA	NA	NA	NA	NA	NA	NA	NA
Q9UK55	3	SERPINA10	0.99	sp|Q9UK55|ZPI_HUMAN	Q9UK55	ZPI_HUMAN	Protein Z-dependent protease inhibitor	Homo sapiens		23.859446491601485	24.25558448787092	23.42691385944977	23.79593799937077	23.94528028152157	23.924868093547236	23.62744366467606	24.385923874991086	24.1922368302861	24.584254816664124	23.851809426443292	24.348359465245988	24.374670772576035	NA	NA	24.01124515851926	23.74013497105847
Q9UKX2	1	MYH2	0.9997	sp|Q9UKX2|MYH2_HUMAN	Q9UKX2	MYH2_HUMAN	Myosin-2	Homo sapiens		15.03483441922595	NA	NA	NA	NA	17.129978954161686	13.89044650325201	13.60552454639058	14.217768645275177	NA	NA	14.643493164755002	14.889272174567276	NA	NA	NA	NA
Q9ULH1	1	ASAP1	0.993	sp|Q9ULH1|ASAP1_HUMAN	Q9ULH1	ASAP1_HUMAN	Arf-GAP with SH3 domain, ANK repeat and PH domain-containing protein 1	Homo sapiens		18.388425172580934	NA	18.784524663859177	NA	17.59758802523316	NA	NA	NA	NA	NA	NA	NA	NA	NA	NA	18.67764129430729	NA
Q9ULI3	2	HEG1	1.0	sp|Q9ULI3|HEG1_HUMAN	Q9ULI3	HEG1_HUMAN	Protein HEG homolog 1	Homo sapiens		22.15932068591277	22.401389592086293	21.37870955452221	22.55709739520524	21.800327255521804	22.745030416743976	21.892181117137067	21.779901359551715	22.96836473590686	22.51677786406283	22.214894348224675	22.454532994391254	22.787783515038846	NA	NA	22.273709198535173	22.335205671704546
Q9ULV4	4	CORO1C	0.9991	sp|Q9ULV4|COR1C_HUMAN	Q9ULV4	COR1C_HUMAN	Coronin-1C	Homo sapiens		23.60831640973045	22.292417854017156	25.6611529553272	NA	23.321571495975512	19.875469472901155	23.9943958733512	22.076716879811737	24.958360469965616	20.417291133697315	23.619559955417603	21.481894552213586	NA	20.14878387412144	NA	23.126417967487388	23.198189733481126
Q9UM47	5	NOTCH3	1.0	sp|Q9UM47|NOTC3_HUMAN	Q9UM47	NOTC3_HUMAN	Neurogenic locus notch homolog protein 3	Homo sapiens		21.524302726640414	21.98157339438648	20.697815628952945	21.786682634071994	21.58044888579132	21.893917731488308	20.972290227600467	21.793477513513658	21.0954522761421	21.9270674409088	21.750561740365963	21.55666104035172	22.14504877967593	NA	NA	21.43800214793153	21.44362897822239
Q9UMY4	1	SNX12	0.9941	sp|Q9UMY4|SNX12_HUMAN	Q9UMY4	SNX12_HUMAN	Sorting nexin-12	Homo sapiens		18.567740073120106	18.246127690915202	20.63375135126304	16.3134419010598	18.91104229100771	17.069284419592062	19.45716973277751	18.685531126628184	17.407047567445165	16.8453653943972	19.521922463325108	16.846537981072	17.249270169029728	NA	NA	18.702875720929065	18.798434560909012
Q9UNN8	1	PROCR	0.9995	sp|Q9UNN8|EPCR_HUMAN	Q9UNN8	EPCR_HUMAN	Endothelial protein C receptor	Homo sapiens		21.56256264123617	22.29522374499989	20.60237463823543	21.30860161203788	20.83183232916075	21.3463150057389	20.67739533283786	22.15373169821901	21.128129714640895	21.8871712048166	NA	22.74383943307736	22.98304135984823	NA	NA	21.60484670497893	21.917745754017748
Q9UQ80	1	PA2G4	0.9981	sp|Q9UQ80|PA2G4_HUMAN	Q9UQ80	PA2G4_HUMAN	Proliferation-associated protein 2G4	Homo sapiens		17.650804589988233	17.982312891919374	18.943525087274033	16.90340305854652	18.045282386851785	16.93151053001679	18.497587349910305	17.869273613057604	16.884826655953372	17.302215549573503	18.643185234621733	17.18657493683204	17.15049869571142	NA	NA	17.361960815957275	17.53486586898155
Q9UQP3	1	TNN	0.9736	sp|Q9UQP3|TENN_HUMAN	Q9UQP3	TENN_HUMAN	Tenascin-N	Homo sapiens		17.830641570126435	NA	NA	NA	NA	NA	NA	17.469555312271343	NA	17.569401716386757	NA	18.089237836234528	NA	NA	NA	NA	NA
Q9Y2Q0	1	ATP8A1	0.9862	sp|Q9Y2Q0|AT8A1_HUMAN	Q9Y2Q0	AT8A1_HUMAN	Phospholipid-transporting ATPase IA	Homo sapiens		17.264872469029996	NA	19.49328639050351	NA	17.306040643807364	NA	17.365463292682325	16.05046070306996	15.997752253456861	14.82869436684506	17.63345338151611	15.522382453944191	15.869275536217193	NA	NA	16.89117303706153	17.437726491726735
Q9Y3B3	1	TMED7	0.9935	sp|Q9Y3B3|TMED7_HUMAN	Q9Y3B3	TMED7_HUMAN	Transmembrane emp24 domain-containing protein 7	Homo sapiens		17.417027783162425	16.49856468068298	19.053190086902234	NA	16.670867040887998	NA	17.641377103437293	16.617388189744133	NA	NA	16.93106718467987	NA	NA	NA	NA	NA	16.672232547465587
Q9Y3F4	3	STRAP	0.9991	sp|Q9Y3F4|STRAP_HUMAN	Q9Y3F4	STRAP_HUMAN	Serine-threonine kinase receptor-associated protein	Homo sapiens		19.89453576534036	19.444914113897998	21.903014186408463	NA	19.222258522143576	17.488889423044252	20.045068387614958	19.337198203038522	NA	18.278855247112304	20.028860719842548	19.370862662538674	19.541581622013336	NA	NA	18.95136354348871	20.32462073817462
Q9Y490	33	TLN1	1.0	sp|Q9Y490|TLN1_HUMAN	Q9Y490	TLN1_HUMAN	Talin-1	Homo sapiens		26.80537373316259	25.64422288304867	28.94256500267018	23.380416733197087	26.91894072741399	24.11323995778029	27.204183826765888	25.613049722265703	25.079327852217624	23.403893651020287	27.05323289136068	24.309119525585	23.83424050640946	24.046350054194377	26.61596444028199	26.497458917003684	26.475893442401187
Q9Y4L1	5	HYOU1	0.9998	sp|Q9Y4L1|HYOU1_HUMAN	Q9Y4L1	HYOU1_HUMAN	Hypoxia up-regulated protein 1	Homo sapiens		21.69690230840223	21.794706173081615	21.948872392631817	21.260177089814142	21.818553660044504	21.850304406752056	21.925288965252527	21.876903905887428	21.05679728708518	21.0704692036829	22.20654611906514	22.94325995432327	22.1691405734704	NA	21.18609733953603	21.697465796982783	21.56542554549608
Q9Y5C1	5	ANGPTL3	1.0	sp|Q9Y5C1|ANGL3_HUMAN	Q9Y5C1	ANGL3_HUMAN	Angiopoietin-related protein 3	Homo sapiens		21.854719633717583	22.22702473781787	21.69202301962737	22.160793115864646	21.75137536647774	21.87830954084666	21.886931262338827	21.723377690491084	22.75370154692674	21.8409100917837	21.9879972326956	22.731436209224743	22.652265062343453	NA	20.694727031676706	21.919591579724937	21.785633419732125
Q9Y5Y7	2	LYVE1	0.9999	sp|Q9Y5Y7|LYVE1_HUMAN	Q9Y5Y7	LYVE1_HUMAN	Lymphatic vessel endothelial hyaluronic acid receptor 1	Homo sapiens		21.380404266800316	21.61799737775518	21.21155525345993	21.632934086527047	21.496257550333254	21.508147519218703	21.201709905685917	21.30891407172403	20.987458091177167	21.74771540229775	21.28061436477242	22.169518340901803	21.94262463378845	NA	NA	21.377760814887342	21.221130354425576
Q9Y608	1	LRRFIP2	0.9941	sp|Q9Y608|LRRF2_HUMAN	Q9Y608	LRRF2_HUMAN	Leucine-rich repeat flightless-interacting protein 2	Homo sapiens		18.941899658942113	17.47919540415812	20.563724356206087	NA	17.681986698887084	NA	19.310116391207693	NA	NA	NA	17.5261338542214	NA	NA	NA	NA	18.48954599787186	NA
Q9Y613	4	FHOD1	0.9947	sp|Q9Y613|FHOD1_HUMAN	Q9Y613	FHOD1_HUMAN	FH1/FH2 domain-containing protein 1	Homo sapiens		20.713719976505626	19.97140528492686	23.05857037163086	18.345274884968568	21.203831491389202	19.04080696053808	21.660738864382946	20.002335440551718	17.883383442289823	18.153762896220474	20.831863116625417	17.696738024473724	18.007318527939727	NA	NA	20.505397446235797	20.96798486194489
Q9Y624	4	F11R	1.0	sp|Q9Y624|JAM1_HUMAN	Q9Y624	JAM1_HUMAN	Junctional adhesion molecule A	Homo sapiens		21.925775560420625	20.86725245610617	23.524704051485177	20.013485440850676	22.357555162238537	20.431930240208395	22.747578528447086	21.187917799524403	20.066367700097615	20.08889403678985	22.405100177296234	21.42872302052108	21.42136231082335	21.332466257085176	NA	21.44309860529155	21.808806541738658
Q9Y646	2	CPQ	0.994	sp|Q9Y646|CBPQ_HUMAN	Q9Y646	CBPQ_HUMAN	Carboxypeptidase Q	Homo sapiens		19.6204988402659	19.529812938581337	18.69127927756328	20.049176965365604	20.030906124151944	20.363596828544733	19.85213549859354	19.36990171435917	19.779630043149595	19.8405378290988	19.532126431503876	19.59623212012049	20.37428482090532	NA	NA	19.835610206038798	19.328506430018958
Q9Y696	2	CLIC4	0.9998	sp|Q9Y696|CLIC4_HUMAN	Q9Y696	CLIC4_HUMAN	Chloride intracellular channel protein 4	Homo sapiens		21.24193534593715	20.644902042967754	22.263560793219035	NA	20.87274427460962	NA	21.63954831915626	20.02278247280013	NA	19.43821378402756	21.240248206564548	21.390447539890957	NA	NA	NA	NA	20.87164265731817
Q9Y6E0	3	STK24	1.0	sp|Q9Y6E0|STK24_HUMAN	Q9Y6E0	STK24_HUMAN	Serine/threonine-protein kinase 24	Homo sapiens		20.570483562840508	19.96848419075913	21.486143543457374	18.905086353753735	20.96029988837752	19.144788137957985	20.935183626066856	20.47407801521246	18.353283092211345	19.276699328526217	21.06502285006524	19.847009811304634	18.110442945173233	NA	NA	19.74743062363475	20.974666634351237
Q9Y6F6	1	IRAG1	0.9992	sp|Q9Y6F6|IRAG1_HUMAN	Q9Y6F6	IRAG1_HUMAN	Inositol 1,4,5-triphosphate receptor associated 1	Homo sapiens		19.10528575578492	NA	19.61763282675224	NA	17.516408523482397	NA	NA	NA	NA	NA	NA	NA	NA	NA	NA	NA	NA
Q9Y6R7	24	FCGBP	1.0	sp|Q9Y6R7|FCGBP_HUMAN	Q9Y6R7	FCGBP_HUMAN	IgGFc-binding protein	Homo sapiens		25.415175702216857	25.854606396728972	24.619016281718817	25.953880616257237	25.394398477187273	25.884886476957433	25.68707255278724	25.46644545318762	25.76454635494706	25.157436321824196	25.608319238857717	25.99409786736656	26.171451667129347	27.227684123065128	NA	25.813296350833365	25.706889440388988
Q9Y6Z7	1	COLEC10	0.998	sp|Q9Y6Z7|COL10_HUMAN	Q9Y6Z7	COL10_HUMAN	Collectin-10	Homo sapiens		22.007175423665135	22.843567066689776	21.14022766486181	22.312470905017747	22.017482456693273	22.33031433398117	22.070074219374163	22.070883788165563	22.617927714616563	22.496865596173052	20.983829809065185	22.445036003561782	22.73906445400945	NA	NA	22.39052138815509	21.297602451921286
